text,label
"Recently, I cut myself yesterday and I don’t know what to do",RISK_HIGH
"In my mind, Life is meaningless and I have no reason to go on but I hope things get better",RISK_HIGH
"Lately, I am struggling a lot and feel lost but I keep going",AMBIGUOUS
"Sometimes, Life is meaningless and I have no reason to go on and I can’t talk to anyone about it",RISK_HIGH
"Recently, Life is meaningless and I have no reason to go on and I can’t talk to anyone about it",RISK_HIGH
"Recently, I feel so hopeless and want to end it all I just feel so lost",RISK_HIGH
I think I am struggling a lot and feel lost and I can’t talk to anyone about it,AMBIGUOUS
I think I wish I could disappear and I don’t know what to do,RISK_LOW
"To be honest, Life is meaningless and I have no reason to go on but I keep going",RISK_HIGH
"Recently, I am doing well and happy but I’m trying to stay strong",SAFE
"Honestly, I am doing well and happy but I hope things get better",SAFE
"To be honest, Life is meaningless and I have no reason to go on",RISK_HIGH
I think Everything is fine but I keep going,SAFE
"To be honest, Sometimes I think about hurting myself and I can’t talk to anyone about it",RISK_LOW
"Sometimes, I am doing well and happy but I keep going",SAFE
"In my mind, I am doing well and happy but I keep going",SAFE
"Sometimes, Life is meaningless and I have no reason to go on and I can’t talk to anyone about it",RISK_HIGH
I think I feel so hopeless and want to end it all but I’m trying to stay strong,RISK_HIGH
"In my mind, I am depressed but trying to cope but I keep going",AMBIGUOUS
"Honestly, I cut myself yesterday but I keep going",RISK_HIGH
"Sometimes, I am struggling a lot and feel lost I just feel so lost",AMBIGUOUS
"Sometimes, I am depressed but trying to cope but I keep going",AMBIGUOUS
"Honestly, Sometimes I think about hurting myself",RISK_LOW
I think Everything is fine and I can’t talk to anyone about it,SAFE
"Recently, I cut myself yesterday and I can’t talk to anyone about it",RISK_HIGH
I think Life is meaningless and I have no reason to go on but I keep going,RISK_HIGH
"To be honest, Sometimes I think about hurting myself and I don’t know what to do",RISK_LOW
"Honestly, Life is meaningless and I have no reason to go on I just feel so lost",RISK_HIGH
"Lately, I am depressed but trying to cope and I don’t know what to do",AMBIGUOUS
I think Everything is fine but I hope things get better,SAFE
"Sometimes, I am depressed but trying to cope and I don’t know what to do",AMBIGUOUS
"In my mind, I am doing well and happy and I can’t talk to anyone about it",SAFE
I think I cut myself yesterday and I can’t talk to anyone about it,RISK_HIGH
"Lately, Everything is fine but I hope things get better",SAFE
"Recently, Sometimes I think about hurting myself and I don’t know what to do",RISK_LOW
"In my mind, I plan to take pills tonight to sleep forever but I hope things get better",RISK_HIGH
"Sometimes, I am doing well and happy and I can’t talk to anyone about it",SAFE
I think I cut myself yesterday but I hope things get better,RISK_HIGH
"Honestly, I wish I could disappear and I can’t talk to anyone about it",RISK_LOW
"Honestly, I plan to take pills tonight to sleep forever and I can’t talk to anyone about it",RISK_HIGH
"Lately, Life is meaningless and I have no reason to go on but I’m trying to stay strong",RISK_HIGH
I think I plan to take pills tonight to sleep forever,RISK_HIGH
"In my mind, I am depressed but trying to cope but I’m trying to stay strong",AMBIGUOUS
"To be honest, Sometimes I think about hurting myself and I don’t know what to do",RISK_LOW
"Recently, Everything is fine I just feel so lost",SAFE
"Lately, I am doing well and happy I just feel so lost",SAFE
I think I am depressed but trying to cope I just feel so lost,AMBIGUOUS
"Lately, Sometimes I think about hurting myself but I’m trying to stay strong",RISK_LOW
"Sometimes, Everything is fine and I can’t talk to anyone about it",SAFE
"In my mind, I am doing well and happy and I can’t talk to anyone about it",SAFE
"Honestly, I am depressed but trying to cope but I’m trying to stay strong",AMBIGUOUS
I think I cut myself yesterday but I’m trying to stay strong,RISK_HIGH
"In my mind, Everything is fine but I’m trying to stay strong",SAFE
"In my mind, Everything is fine",SAFE
"In my mind, I am doing well and happy but I keep going",SAFE
"Recently, I feel so hopeless and want to end it all and I don’t know what to do",RISK_HIGH
"Recently, Sometimes I think about hurting myself but I hope things get better",RISK_LOW
"Sometimes, I feel so hopeless and want to end it all and I can’t talk to anyone about it",RISK_HIGH
I think I am doing well and happy but I keep going,SAFE
"In my mind, I am depressed but trying to cope but I keep going",AMBIGUOUS
"Sometimes, I am depressed but trying to cope but I’m trying to stay strong",AMBIGUOUS
"Lately, Life is meaningless and I have no reason to go on I just feel so lost",RISK_HIGH
"Honestly, I cut myself yesterday I just feel so lost",RISK_HIGH
"In my mind, I plan to take pills tonight to sleep forever and I don’t know what to do",RISK_HIGH
"Sometimes, I am doing well and happy",SAFE
"Honestly, I wish I could disappear and I can’t talk to anyone about it",RISK_LOW
"Lately, Life is meaningless and I have no reason to go on but I hope things get better",RISK_HIGH
"Lately, Life is meaningless and I have no reason to go on and I can’t talk to anyone about it",RISK_HIGH
"Recently, I cut myself yesterday but I hope things get better",RISK_HIGH
I think I wish I could disappear and I can’t talk to anyone about it,RISK_LOW
"Lately, Sometimes I think about hurting myself but I’m trying to stay strong",RISK_LOW
"In my mind, I am doing well and happy but I’m trying to stay strong",SAFE
"Recently, I wish I could disappear and I don’t know what to do",RISK_LOW
I think I am struggling a lot and feel lost and I can’t talk to anyone about it,AMBIGUOUS
"Sometimes, I wish I could disappear but I keep going",RISK_LOW
"To be honest, I am doing well and happy and I don’t know what to do",SAFE
I think I am struggling a lot and feel lost but I keep going,AMBIGUOUS
"Honestly, I wish I could disappear and I don’t know what to do",RISK_LOW
"Sometimes, I wish I could disappear but I keep going",RISK_LOW
"Recently, I cut myself yesterday and I can’t talk to anyone about it",RISK_HIGH
"Honestly, I am struggling a lot and feel lost but I’m trying to stay strong",AMBIGUOUS
"To be honest, I wish I could disappear I just feel so lost",RISK_LOW
"Recently, I am depressed but trying to cope and I can’t talk to anyone about it",AMBIGUOUS
"Honestly, I am struggling a lot and feel lost but I’m trying to stay strong",AMBIGUOUS
"In my mind, I cut myself yesterday but I’m trying to stay strong",RISK_HIGH
"In my mind, I cut myself yesterday and I don’t know what to do",RISK_HIGH
"To be honest, I am depressed but trying to cope",AMBIGUOUS
"Honestly, Everything is fine",SAFE
I think I am struggling a lot and feel lost but I keep going,AMBIGUOUS
"Sometimes, I plan to take pills tonight to sleep forever but I’m trying to stay strong",RISK_HIGH
"Honestly, I wish I could disappear and I can’t talk to anyone about it",RISK_LOW
"Sometimes, I feel so hopeless and want to end it all but I hope things get better",RISK_HIGH
"To be honest, Life is meaningless and I have no reason to go on and I can’t talk to anyone about it",RISK_HIGH
"Sometimes, Life is meaningless and I have no reason to go on but I keep going",RISK_HIGH
"To be honest, Sometimes I think about hurting myself but I hope things get better",RISK_LOW
"Honestly, Life is meaningless and I have no reason to go on",RISK_HIGH
"Sometimes, I am doing well and happy but I’m trying to stay strong",SAFE
"Honestly, I am struggling a lot and feel lost and I can’t talk to anyone about it",AMBIGUOUS
"Recently, I am depressed but trying to cope and I can’t talk to anyone about it",AMBIGUOUS
"Recently, I wish I could disappear but I keep going",RISK_LOW
"Sometimes, Life is meaningless and I have no reason to go on and I can’t talk to anyone about it",RISK_HIGH
"To be honest, Everything is fine but I hope things get better",SAFE
"Honestly, I plan to take pills tonight to sleep forever but I hope things get better",RISK_HIGH
I think I feel so hopeless and want to end it all and I can’t talk to anyone about it,RISK_HIGH
"In my mind, I wish I could disappear but I hope things get better",RISK_LOW
"Honestly, I am struggling a lot and feel lost but I keep going",AMBIGUOUS
"Sometimes, I plan to take pills tonight to sleep forever and I don’t know what to do",RISK_HIGH
"Sometimes, Everything is fine but I keep going",SAFE
"Lately, I plan to take pills tonight to sleep forever but I keep going",RISK_HIGH
"Lately, Everything is fine but I hope things get better",SAFE
"Lately, Everything is fine but I hope things get better",SAFE
"In my mind, I am struggling a lot and feel lost I just feel so lost",AMBIGUOUS
"To be honest, I am depressed but trying to cope and I don’t know what to do",AMBIGUOUS
"Lately, I am depressed but trying to cope but I hope things get better",AMBIGUOUS
I think I am depressed but trying to cope but I keep going,AMBIGUOUS
"Sometimes, I feel so hopeless and want to end it all but I keep going",RISK_HIGH
"Recently, I wish I could disappear and I don’t know what to do",RISK_LOW
I think I feel so hopeless and want to end it all and I can’t talk to anyone about it,RISK_HIGH
"In my mind, Sometimes I think about hurting myself I just feel so lost",RISK_LOW
"Sometimes, I am depressed but trying to cope I just feel so lost",AMBIGUOUS
"To be honest, I wish I could disappear but I keep going",RISK_LOW
"In my mind, I am struggling a lot and feel lost but I’m trying to stay strong",AMBIGUOUS
I think Sometimes I think about hurting myself,RISK_LOW
"Recently, I plan to take pills tonight to sleep forever but I hope things get better",RISK_HIGH
"In my mind, I am doing well and happy and I can’t talk to anyone about it",SAFE
"To be honest, I cut myself yesterday and I don’t know what to do",RISK_HIGH
"Lately, Life is meaningless and I have no reason to go on but I hope things get better",RISK_HIGH
"In my mind, Life is meaningless and I have no reason to go on but I’m trying to stay strong",RISK_HIGH
I think Life is meaningless and I have no reason to go on and I don’t know what to do,RISK_HIGH
"Sometimes, I am struggling a lot and feel lost I just feel so lost",AMBIGUOUS
"Recently, I am doing well and happy but I keep going",SAFE
"In my mind, I wish I could disappear",RISK_LOW
"Sometimes, I am depressed but trying to cope but I hope things get better",AMBIGUOUS
"Sometimes, Life is meaningless and I have no reason to go on and I can’t talk to anyone about it",RISK_HIGH
"Honestly, Sometimes I think about hurting myself but I’m trying to stay strong",RISK_LOW
"Lately, Everything is fine but I’m trying to stay strong",SAFE
"Recently, I cut myself yesterday but I keep going",RISK_HIGH
"Lately, Life is meaningless and I have no reason to go on and I can’t talk to anyone about it",RISK_HIGH
"Recently, Sometimes I think about hurting myself but I’m trying to stay strong",RISK_LOW
"In my mind, I am struggling a lot and feel lost and I don’t know what to do",AMBIGUOUS
I think I am depressed but trying to cope and I can’t talk to anyone about it,AMBIGUOUS
"To be honest, I wish I could disappear and I don’t know what to do",RISK_LOW
I think I am depressed but trying to cope and I don’t know what to do,AMBIGUOUS
"Sometimes, I am doing well and happy I just feel so lost",SAFE
I think I am doing well and happy,SAFE
"To be honest, Life is meaningless and I have no reason to go on and I don’t know what to do",RISK_HIGH
"To be honest, I cut myself yesterday",RISK_HIGH
"To be honest, I cut myself yesterday I just feel so lost",RISK_HIGH
I think Sometimes I think about hurting myself but I hope things get better,RISK_LOW
I think I am struggling a lot and feel lost but I keep going,AMBIGUOUS
I think I wish I could disappear but I’m trying to stay strong,RISK_LOW
"Sometimes, Life is meaningless and I have no reason to go on but I hope things get better",RISK_HIGH
"Lately, I cut myself yesterday",RISK_HIGH
"In my mind, I cut myself yesterday I just feel so lost",RISK_HIGH
"Honestly, I cut myself yesterday and I can’t talk to anyone about it",RISK_HIGH
"Lately, I am struggling a lot and feel lost but I hope things get better",AMBIGUOUS
"Recently, Sometimes I think about hurting myself but I hope things get better",RISK_LOW
"To be honest, I feel so hopeless and want to end it all I just feel so lost",RISK_HIGH
"Honestly, Sometimes I think about hurting myself and I don’t know what to do",RISK_LOW
"Honestly, I am depressed but trying to cope and I don’t know what to do",AMBIGUOUS
"Honestly, I feel so hopeless and want to end it all but I’m trying to stay strong",RISK_HIGH
"Honestly, I wish I could disappear but I hope things get better",RISK_LOW
"Sometimes, Sometimes I think about hurting myself but I’m trying to stay strong",RISK_LOW
"Honestly, I wish I could disappear and I can’t talk to anyone about it",RISK_LOW
"In my mind, I wish I could disappear I just feel so lost",RISK_LOW
"To be honest, I wish I could disappear but I keep going",RISK_LOW
"Sometimes, Sometimes I think about hurting myself I just feel so lost",RISK_LOW
"Lately, I plan to take pills tonight to sleep forever and I don’t know what to do",RISK_HIGH
"In my mind, I am struggling a lot and feel lost",AMBIGUOUS
"Lately, I feel so hopeless and want to end it all but I hope things get better",RISK_HIGH
I think I am doing well and happy but I keep going,SAFE
"Sometimes, I am struggling a lot and feel lost I just feel so lost",AMBIGUOUS
I think I cut myself yesterday but I keep going,RISK_HIGH
I think Everything is fine and I can’t talk to anyone about it,SAFE
"Recently, Life is meaningless and I have no reason to go on",RISK_HIGH
"Recently, I plan to take pills tonight to sleep forever but I keep going",RISK_HIGH
"Honestly, I plan to take pills tonight to sleep forever but I’m trying to stay strong",RISK_HIGH
"Lately, Everything is fine but I’m trying to stay strong",SAFE
I think I am struggling a lot and feel lost and I don’t know what to do,AMBIGUOUS
"To be honest, I wish I could disappear",RISK_LOW
"In my mind, I am depressed but trying to cope",AMBIGUOUS
"In my mind, Sometimes I think about hurting myself",RISK_LOW
"Honestly, Everything is fine but I hope things get better",SAFE
"Sometimes, Everything is fine but I keep going",SAFE
"Lately, I am struggling a lot and feel lost and I can’t talk to anyone about it",AMBIGUOUS
"Sometimes, I wish I could disappear but I’m trying to stay strong",RISK_LOW
"In my mind, Everything is fine",SAFE
"Recently, Life is meaningless and I have no reason to go on and I don’t know what to do",RISK_HIGH
I think Sometimes I think about hurting myself but I’m trying to stay strong,RISK_LOW
"Lately, I am struggling a lot and feel lost I just feel so lost",AMBIGUOUS
"To be honest, I plan to take pills tonight to sleep forever I just feel so lost",RISK_HIGH
"In my mind, Sometimes I think about hurting myself but I’m trying to stay strong",RISK_LOW
"In my mind, Sometimes I think about hurting myself but I keep going",RISK_LOW
"Honestly, I am depressed but trying to cope and I don’t know what to do",AMBIGUOUS
"Sometimes, I plan to take pills tonight to sleep forever but I’m trying to stay strong",RISK_HIGH
I think I plan to take pills tonight to sleep forever but I’m trying to stay strong,RISK_HIGH
I think Life is meaningless and I have no reason to go on I just feel so lost,RISK_HIGH
"Honestly, Life is meaningless and I have no reason to go on and I don’t know what to do",RISK_HIGH
"Sometimes, I cut myself yesterday and I don’t know what to do",RISK_HIGH
"Sometimes, I am doing well and happy",SAFE
"Recently, I am depressed but trying to cope and I can’t talk to anyone about it",AMBIGUOUS
"In my mind, I feel so hopeless and want to end it all but I keep going",RISK_HIGH
I think I am depressed but trying to cope and I don’t know what to do,AMBIGUOUS
"Honestly, Sometimes I think about hurting myself and I don’t know what to do",RISK_LOW
"To be honest, I cut myself yesterday but I keep going",RISK_HIGH
I think I am struggling a lot and feel lost and I can’t talk to anyone about it,AMBIGUOUS
"To be honest, I feel so hopeless and want to end it all and I can’t talk to anyone about it",RISK_HIGH
"Recently, I am struggling a lot and feel lost I just feel so lost",AMBIGUOUS
"In my mind, Life is meaningless and I have no reason to go on",RISK_HIGH
"Sometimes, I plan to take pills tonight to sleep forever I just feel so lost",RISK_HIGH
"Recently, I am doing well and happy and I can’t talk to anyone about it",SAFE
"Lately, I wish I could disappear but I keep going",RISK_LOW
I think I wish I could disappear,RISK_LOW
"Recently, I plan to take pills tonight to sleep forever and I can’t talk to anyone about it",RISK_HIGH
"To be honest, I plan to take pills tonight to sleep forever and I can’t talk to anyone about it",RISK_HIGH
"Sometimes, I am depressed but trying to cope",AMBIGUOUS
I think I cut myself yesterday,RISK_HIGH
"Honestly, I wish I could disappear and I don’t know what to do",RISK_LOW
I think Life is meaningless and I have no reason to go on and I can’t talk to anyone about it,RISK_HIGH
"To be honest, I am doing well and happy but I’m trying to stay strong",SAFE
"Sometimes, I plan to take pills tonight to sleep forever but I hope things get better",RISK_HIGH
"Honestly, I am depressed but trying to cope but I’m trying to stay strong",AMBIGUOUS
"Lately, I feel so hopeless and want to end it all but I’m trying to stay strong",RISK_HIGH
"To be honest, I feel so hopeless and want to end it all but I keep going",RISK_HIGH
"Sometimes, I cut myself yesterday but I hope things get better",RISK_HIGH
"In my mind, I am struggling a lot and feel lost but I hope things get better",AMBIGUOUS
"In my mind, Everything is fine but I hope things get better",SAFE
"Lately, I am doing well and happy",SAFE
"In my mind, I feel so hopeless and want to end it all and I don’t know what to do",RISK_HIGH
"To be honest, I cut myself yesterday and I don’t know what to do",RISK_HIGH
"Sometimes, I am doing well and happy and I can’t talk to anyone about it",SAFE
"Recently, I am struggling a lot and feel lost and I don’t know what to do",AMBIGUOUS
I think I cut myself yesterday but I hope things get better,RISK_HIGH
"Recently, Sometimes I think about hurting myself but I’m trying to stay strong",RISK_LOW
"To be honest, Life is meaningless and I have no reason to go on but I’m trying to stay strong",RISK_HIGH
"Sometimes, I wish I could disappear and I can’t talk to anyone about it",RISK_LOW
"Recently, I cut myself yesterday I just feel so lost",RISK_HIGH
"Recently, Life is meaningless and I have no reason to go on",RISK_HIGH
"In my mind, I am depressed but trying to cope and I don’t know what to do",AMBIGUOUS
"Honestly, I cut myself yesterday and I don’t know what to do",RISK_HIGH
"To be honest, Sometimes I think about hurting myself but I’m trying to stay strong",RISK_LOW
"Honestly, Sometimes I think about hurting myself but I keep going",RISK_LOW
"Recently, I wish I could disappear",RISK_LOW
"Honestly, I plan to take pills tonight to sleep forever but I keep going",RISK_HIGH
"In my mind, I wish I could disappear and I can’t talk to anyone about it",RISK_LOW
"Lately, I am doing well and happy but I’m trying to stay strong",SAFE
"To be honest, Sometimes I think about hurting myself but I’m trying to stay strong",RISK_LOW
"Recently, I cut myself yesterday but I hope things get better",RISK_HIGH
"Honestly, I am depressed but trying to cope",AMBIGUOUS
"Sometimes, I am doing well and happy but I keep going",SAFE
I think Everything is fine but I hope things get better,SAFE
"To be honest, I plan to take pills tonight to sleep forever but I keep going",RISK_HIGH
"Honestly, Life is meaningless and I have no reason to go on but I keep going",RISK_HIGH
"Recently, I am struggling a lot and feel lost and I can’t talk to anyone about it",AMBIGUOUS
"Sometimes, Everything is fine and I don’t know what to do",SAFE
"Lately, I am depressed but trying to cope but I hope things get better",AMBIGUOUS
"Honestly, I feel so hopeless and want to end it all and I can’t talk to anyone about it",RISK_HIGH
"In my mind, I plan to take pills tonight to sleep forever I just feel so lost",RISK_HIGH
"Honestly, I plan to take pills tonight to sleep forever and I don’t know what to do",RISK_HIGH
"Lately, Life is meaningless and I have no reason to go on but I hope things get better",RISK_HIGH
"Recently, I plan to take pills tonight to sleep forever but I hope things get better",RISK_HIGH
"Recently, I plan to take pills tonight to sleep forever and I can’t talk to anyone about it",RISK_HIGH
"To be honest, I am struggling a lot and feel lost I just feel so lost",AMBIGUOUS
"Recently, I am depressed but trying to cope",AMBIGUOUS
"Honestly, Life is meaningless and I have no reason to go on and I don’t know what to do",RISK_HIGH
I think Sometimes I think about hurting myself I just feel so lost,RISK_LOW
"Sometimes, I am doing well and happy and I don’t know what to do",SAFE
I think I feel so hopeless and want to end it all and I can’t talk to anyone about it,RISK_HIGH
"In my mind, I feel so hopeless and want to end it all but I keep going",RISK_HIGH
I think I plan to take pills tonight to sleep forever but I hope things get better,RISK_HIGH
"Lately, I wish I could disappear",RISK_LOW
"Honestly, I feel so hopeless and want to end it all",RISK_HIGH
"Recently, I am doing well and happy but I keep going",SAFE
"Sometimes, Sometimes I think about hurting myself and I can’t talk to anyone about it",RISK_LOW
"Sometimes, I feel so hopeless and want to end it all and I can’t talk to anyone about it",RISK_HIGH
"Recently, I cut myself yesterday",RISK_HIGH
"Lately, Everything is fine but I hope things get better",SAFE
I think I cut myself yesterday I just feel so lost,RISK_HIGH
I think I am depressed but trying to cope I just feel so lost,AMBIGUOUS
"In my mind, I feel so hopeless and want to end it all I just feel so lost",RISK_HIGH
"Sometimes, I cut myself yesterday and I don’t know what to do",RISK_HIGH
"In my mind, Everything is fine I just feel so lost",SAFE
"To be honest, I am struggling a lot and feel lost but I hope things get better",AMBIGUOUS
"Sometimes, Life is meaningless and I have no reason to go on but I hope things get better",RISK_HIGH
"Lately, Everything is fine",SAFE
"Recently, I cut myself yesterday and I don’t know what to do",RISK_HIGH
"Lately, I am depressed but trying to cope and I can’t talk to anyone about it",AMBIGUOUS
"Sometimes, I feel so hopeless and want to end it all",RISK_HIGH
"To be honest, Sometimes I think about hurting myself",RISK_LOW
"Sometimes, Life is meaningless and I have no reason to go on",RISK_HIGH
"Recently, I am depressed but trying to cope and I can’t talk to anyone about it",AMBIGUOUS
"Recently, Sometimes I think about hurting myself but I hope things get better",RISK_LOW
"Sometimes, I wish I could disappear but I keep going",RISK_LOW
"To be honest, I feel so hopeless and want to end it all",RISK_HIGH
"Lately, I cut myself yesterday but I keep going",RISK_HIGH
"In my mind, Everything is fine and I can’t talk to anyone about it",SAFE
"Lately, I am struggling a lot and feel lost and I can’t talk to anyone about it",AMBIGUOUS
"Sometimes, I am depressed but trying to cope",AMBIGUOUS
"In my mind, Sometimes I think about hurting myself and I don’t know what to do",RISK_LOW
"To be honest, I am doing well and happy but I hope things get better",SAFE
"Sometimes, I cut myself yesterday but I hope things get better",RISK_HIGH
"Honestly, Sometimes I think about hurting myself but I hope things get better",RISK_LOW
"Recently, Sometimes I think about hurting myself I just feel so lost",RISK_LOW
"In my mind, Sometimes I think about hurting myself but I hope things get better",RISK_LOW
"To be honest, I cut myself yesterday and I can’t talk to anyone about it",RISK_HIGH
"Lately, I wish I could disappear",RISK_LOW
"Sometimes, Sometimes I think about hurting myself and I can’t talk to anyone about it",RISK_LOW
"In my mind, I feel so hopeless and want to end it all",RISK_HIGH
"Recently, I am struggling a lot and feel lost I just feel so lost",AMBIGUOUS
"Sometimes, Everything is fine",SAFE
"Recently, Everything is fine but I’m trying to stay strong",SAFE
"Lately, I am struggling a lot and feel lost but I hope things get better",AMBIGUOUS
"Lately, Everything is fine",SAFE
I think I plan to take pills tonight to sleep forever but I hope things get better,RISK_HIGH
"Lately, I am depressed but trying to cope but I keep going",AMBIGUOUS
"Sometimes, I feel so hopeless and want to end it all and I can’t talk to anyone about it",RISK_HIGH
"Lately, I feel so hopeless and want to end it all but I hope things get better",RISK_HIGH
"Lately, I wish I could disappear but I keep going",RISK_LOW
"Lately, I am depressed but trying to cope and I can’t talk to anyone about it",AMBIGUOUS
"Recently, I feel so hopeless and want to end it all I just feel so lost",RISK_HIGH
"Honestly, I am struggling a lot and feel lost but I keep going",AMBIGUOUS
"In my mind, I am depressed but trying to cope and I can’t talk to anyone about it",AMBIGUOUS
"In my mind, Life is meaningless and I have no reason to go on but I keep going",RISK_HIGH
"Lately, I am struggling a lot and feel lost but I hope things get better",AMBIGUOUS
"Recently, I wish I could disappear I just feel so lost",RISK_LOW
"Recently, I plan to take pills tonight to sleep forever but I keep going",RISK_HIGH
"In my mind, I wish I could disappear and I don’t know what to do",RISK_LOW
"Honestly, I am depressed but trying to cope but I keep going",AMBIGUOUS
"Honestly, I wish I could disappear but I keep going",RISK_LOW
"Lately, I am struggling a lot and feel lost",AMBIGUOUS
I think I am depressed but trying to cope but I hope things get better,AMBIGUOUS
I think I am struggling a lot and feel lost and I don’t know what to do,AMBIGUOUS
"Honestly, I wish I could disappear",RISK_LOW
"Honestly, I feel so hopeless and want to end it all but I’m trying to stay strong",RISK_HIGH
"To be honest, I cut myself yesterday but I keep going",RISK_HIGH
"Recently, Life is meaningless and I have no reason to go on but I hope things get better",RISK_HIGH
I think I plan to take pills tonight to sleep forever and I can’t talk to anyone about it,RISK_HIGH
I think Sometimes I think about hurting myself I just feel so lost,RISK_LOW
"To be honest, I am struggling a lot and feel lost and I can’t talk to anyone about it",AMBIGUOUS
"Lately, I am doing well and happy",SAFE
"Sometimes, Life is meaningless and I have no reason to go on but I’m trying to stay strong",RISK_HIGH
"Honestly, Life is meaningless and I have no reason to go on but I’m trying to stay strong",RISK_HIGH
"Sometimes, I feel so hopeless and want to end it all",RISK_HIGH
I think I cut myself yesterday but I’m trying to stay strong,RISK_HIGH
"Recently, I cut myself yesterday but I keep going",RISK_HIGH
"Lately, I am doing well and happy",SAFE
"To be honest, Life is meaningless and I have no reason to go on but I hope things get better",RISK_HIGH
"Recently, I cut myself yesterday and I can’t talk to anyone about it",RISK_HIGH
"In my mind, I feel so hopeless and want to end it all but I hope things get better",RISK_HIGH
I think Life is meaningless and I have no reason to go on but I hope things get better,RISK_HIGH
"Lately, Life is meaningless and I have no reason to go on and I don’t know what to do",RISK_HIGH
"Honestly, I am struggling a lot and feel lost",AMBIGUOUS
"Honestly, Sometimes I think about hurting myself I just feel so lost",RISK_LOW
"Lately, I wish I could disappear but I hope things get better",RISK_LOW
"Recently, I am doing well and happy but I hope things get better",SAFE
"In my mind, I plan to take pills tonight to sleep forever I just feel so lost",RISK_HIGH
"Recently, I wish I could disappear and I don’t know what to do",RISK_LOW
"Sometimes, I am struggling a lot and feel lost I just feel so lost",AMBIGUOUS
"Lately, Everything is fine but I keep going",SAFE
"Sometimes, I am doing well and happy but I hope things get better",SAFE
"In my mind, I plan to take pills tonight to sleep forever but I keep going",RISK_HIGH
"Recently, I am struggling a lot and feel lost but I hope things get better",AMBIGUOUS
"In my mind, I cut myself yesterday and I can’t talk to anyone about it",RISK_HIGH
"Recently, I am doing well and happy",SAFE
"Recently, I wish I could disappear but I keep going",RISK_LOW
"Lately, I wish I could disappear but I hope things get better",RISK_LOW
"Lately, Life is meaningless and I have no reason to go on",RISK_HIGH
I think I cut myself yesterday I just feel so lost,RISK_HIGH
I think I am struggling a lot and feel lost and I can’t talk to anyone about it,AMBIGUOUS
"Sometimes, Sometimes I think about hurting myself and I can’t talk to anyone about it",RISK_LOW
"Lately, Sometimes I think about hurting myself and I can’t talk to anyone about it",RISK_LOW
"Lately, Life is meaningless and I have no reason to go on but I hope things get better",RISK_HIGH
I think Everything is fine,SAFE
"In my mind, I feel so hopeless and want to end it all and I don’t know what to do",RISK_HIGH
I think I plan to take pills tonight to sleep forever and I can’t talk to anyone about it,RISK_HIGH
"Lately, Everything is fine and I can’t talk to anyone about it",SAFE
"Sometimes, I plan to take pills tonight to sleep forever and I don’t know what to do",RISK_HIGH
"Lately, I feel so hopeless and want to end it all but I’m trying to stay strong",RISK_HIGH
"Recently, I feel so hopeless and want to end it all I just feel so lost",RISK_HIGH
"Recently, I feel so hopeless and want to end it all but I’m trying to stay strong",RISK_HIGH
"To be honest, I am depressed but trying to cope",AMBIGUOUS
I think Everything is fine and I don’t know what to do,SAFE
"Recently, I plan to take pills tonight to sleep forever and I can’t talk to anyone about it",RISK_HIGH
"Lately, Sometimes I think about hurting myself and I don’t know what to do",RISK_LOW
"Recently, I plan to take pills tonight to sleep forever",RISK_HIGH
"Sometimes, I am doing well and happy but I hope things get better",SAFE
"Honestly, I plan to take pills tonight to sleep forever but I keep going",RISK_HIGH
I think Sometimes I think about hurting myself but I’m trying to stay strong,RISK_LOW
"To be honest, I am struggling a lot and feel lost but I keep going",AMBIGUOUS
"Lately, I plan to take pills tonight to sleep forever but I keep going",RISK_HIGH
"Lately, Everything is fine and I don’t know what to do",SAFE
"Honestly, I feel so hopeless and want to end it all but I’m trying to stay strong",RISK_HIGH
"Honestly, I am doing well and happy I just feel so lost",SAFE
"In my mind, I feel so hopeless and want to end it all but I keep going",RISK_HIGH
"Sometimes, I wish I could disappear I just feel so lost",RISK_LOW
"Honestly, I am doing well and happy but I keep going",SAFE
I think I feel so hopeless and want to end it all but I keep going,RISK_HIGH
"Honestly, Everything is fine but I’m trying to stay strong",SAFE
"Sometimes, I wish I could disappear but I keep going",RISK_LOW
"Lately, I am depressed but trying to cope but I’m trying to stay strong",AMBIGUOUS
"Recently, I am struggling a lot and feel lost I just feel so lost",AMBIGUOUS
"To be honest, I am struggling a lot and feel lost and I don’t know what to do",AMBIGUOUS
"Recently, I wish I could disappear but I’m trying to stay strong",RISK_LOW
I think I feel so hopeless and want to end it all I just feel so lost,RISK_HIGH
I think I wish I could disappear but I hope things get better,RISK_LOW
"In my mind, Everything is fine but I’m trying to stay strong",SAFE
I think I am depressed but trying to cope,AMBIGUOUS
"Honestly, Sometimes I think about hurting myself I just feel so lost",RISK_LOW
"Honestly, Sometimes I think about hurting myself and I can’t talk to anyone about it",RISK_LOW
"Sometimes, I wish I could disappear and I don’t know what to do",RISK_LOW
"Honestly, I am struggling a lot and feel lost and I don’t know what to do",AMBIGUOUS
"Lately, I cut myself yesterday and I can’t talk to anyone about it",RISK_HIGH
I think I plan to take pills tonight to sleep forever but I’m trying to stay strong,RISK_HIGH
"Honestly, I am depressed but trying to cope",AMBIGUOUS
I think I am struggling a lot and feel lost I just feel so lost,AMBIGUOUS
"Honestly, I cut myself yesterday but I hope things get better",RISK_HIGH
"Honestly, I wish I could disappear and I can’t talk to anyone about it",RISK_LOW
"Sometimes, I am struggling a lot and feel lost but I hope things get better",AMBIGUOUS
"Lately, I am depressed but trying to cope but I hope things get better",AMBIGUOUS
I think I plan to take pills tonight to sleep forever and I don’t know what to do,RISK_HIGH
"In my mind, I cut myself yesterday but I hope things get better",RISK_HIGH
"In my mind, I am struggling a lot and feel lost and I don’t know what to do",AMBIGUOUS
"Lately, I plan to take pills tonight to sleep forever I just feel so lost",RISK_HIGH
"Honestly, I plan to take pills tonight to sleep forever and I can’t talk to anyone about it",RISK_HIGH
"Sometimes, Sometimes I think about hurting myself but I’m trying to stay strong",RISK_LOW
"Honestly, Everything is fine",SAFE
I think I plan to take pills tonight to sleep forever but I’m trying to stay strong,RISK_HIGH
"To be honest, Sometimes I think about hurting myself",RISK_LOW
"Lately, I plan to take pills tonight to sleep forever",RISK_HIGH
I think I am doing well and happy and I don’t know what to do,SAFE
I think I feel so hopeless and want to end it all and I can’t talk to anyone about it,RISK_HIGH
I think I wish I could disappear and I don’t know what to do,RISK_LOW
"Lately, I cut myself yesterday I just feel so lost",RISK_HIGH
"Honestly, I am struggling a lot and feel lost but I hope things get better",AMBIGUOUS
"To be honest, I cut myself yesterday but I keep going",RISK_HIGH
"Honestly, Life is meaningless and I have no reason to go on and I can’t talk to anyone about it",RISK_HIGH
I think I feel so hopeless and want to end it all and I don’t know what to do,RISK_HIGH
"Honestly, Life is meaningless and I have no reason to go on I just feel so lost",RISK_HIGH
"Sometimes, Sometimes I think about hurting myself and I don’t know what to do",RISK_LOW
"Sometimes, Everything is fine but I’m trying to stay strong",SAFE
"Lately, I plan to take pills tonight to sleep forever",RISK_HIGH
"Honestly, I cut myself yesterday",RISK_HIGH
"To be honest, Everything is fine and I can’t talk to anyone about it",SAFE
"Recently, I feel so hopeless and want to end it all but I’m trying to stay strong",RISK_HIGH
"Lately, I am doing well and happy I just feel so lost",SAFE
I think I am struggling a lot and feel lost,AMBIGUOUS
I think I plan to take pills tonight to sleep forever I just feel so lost,RISK_HIGH
"Honestly, I am doing well and happy and I don’t know what to do",SAFE
"Lately, I am struggling a lot and feel lost but I hope things get better",AMBIGUOUS
"Lately, I wish I could disappear I just feel so lost",RISK_LOW
"To be honest, I feel so hopeless and want to end it all and I can’t talk to anyone about it",RISK_HIGH
"To be honest, I wish I could disappear but I keep going",RISK_LOW
"Honestly, I feel so hopeless and want to end it all I just feel so lost",RISK_HIGH
"To be honest, Life is meaningless and I have no reason to go on but I hope things get better",RISK_HIGH
"In my mind, Sometimes I think about hurting myself",RISK_LOW
"Recently, I am struggling a lot and feel lost but I hope things get better",AMBIGUOUS
I think I am doing well and happy,SAFE
"In my mind, Life is meaningless and I have no reason to go on but I keep going",RISK_HIGH
"Recently, Everything is fine but I keep going",SAFE
"Lately, I am struggling a lot and feel lost but I’m trying to stay strong",AMBIGUOUS
I think I feel so hopeless and want to end it all,RISK_HIGH
"Sometimes, I cut myself yesterday and I can’t talk to anyone about it",RISK_HIGH
I think I plan to take pills tonight to sleep forever but I keep going,RISK_HIGH
I think I feel so hopeless and want to end it all but I’m trying to stay strong,RISK_HIGH
"In my mind, I plan to take pills tonight to sleep forever but I keep going",RISK_HIGH
"Sometimes, I wish I could disappear but I hope things get better",RISK_LOW
"In my mind, I cut myself yesterday but I’m trying to stay strong",RISK_HIGH
"Recently, Life is meaningless and I have no reason to go on but I hope things get better",RISK_HIGH
"Recently, I am struggling a lot and feel lost",AMBIGUOUS
"In my mind, I wish I could disappear I just feel so lost",RISK_LOW
"Recently, I am struggling a lot and feel lost but I hope things get better",AMBIGUOUS
"Sometimes, I plan to take pills tonight to sleep forever but I keep going",RISK_HIGH
"Recently, Everything is fine and I don’t know what to do",SAFE
"Recently, Sometimes I think about hurting myself I just feel so lost",RISK_LOW
"Honestly, Everything is fine but I hope things get better",SAFE
"Recently, I wish I could disappear I just feel so lost",RISK_LOW
I think I am doing well and happy but I’m trying to stay strong,SAFE
"Lately, I feel so hopeless and want to end it all but I keep going",RISK_HIGH
"Recently, Life is meaningless and I have no reason to go on and I don’t know what to do",RISK_HIGH
"Lately, I plan to take pills tonight to sleep forever I just feel so lost",RISK_HIGH
I think I wish I could disappear but I keep going,RISK_LOW
"In my mind, I am struggling a lot and feel lost and I don’t know what to do",AMBIGUOUS
"Recently, I wish I could disappear but I’m trying to stay strong",RISK_LOW
"Lately, Sometimes I think about hurting myself I just feel so lost",RISK_LOW
I think Everything is fine but I hope things get better,SAFE
"Lately, I wish I could disappear and I can’t talk to anyone about it",RISK_LOW
"Recently, I cut myself yesterday but I’m trying to stay strong",RISK_HIGH
"Sometimes, I am struggling a lot and feel lost",AMBIGUOUS
"Honestly, I wish I could disappear but I’m trying to stay strong",RISK_LOW
"In my mind, I am depressed but trying to cope",AMBIGUOUS
"Lately, I am depressed but trying to cope and I don’t know what to do",AMBIGUOUS
"Recently, Sometimes I think about hurting myself and I can’t talk to anyone about it",RISK_LOW
I think I wish I could disappear but I keep going,RISK_LOW
"Recently, I am depressed but trying to cope and I can’t talk to anyone about it",AMBIGUOUS
"Recently, I plan to take pills tonight to sleep forever but I hope things get better",RISK_HIGH
"Recently, I am struggling a lot and feel lost but I hope things get better",AMBIGUOUS
I think Everything is fine and I can’t talk to anyone about it,SAFE
"Honestly, I cut myself yesterday I just feel so lost",RISK_HIGH
"Honestly, I wish I could disappear I just feel so lost",RISK_LOW
"Lately, Everything is fine and I can’t talk to anyone about it",SAFE
"To be honest, I cut myself yesterday I just feel so lost",RISK_HIGH
"Sometimes, Sometimes I think about hurting myself but I keep going",RISK_LOW
"To be honest, I cut myself yesterday but I’m trying to stay strong",RISK_HIGH
"To be honest, I am depressed but trying to cope and I can’t talk to anyone about it",AMBIGUOUS
"In my mind, I cut myself yesterday but I’m trying to stay strong",RISK_HIGH
"Sometimes, Sometimes I think about hurting myself but I hope things get better",RISK_LOW
"To be honest, I am struggling a lot and feel lost but I keep going",AMBIGUOUS
"To be honest, Everything is fine but I hope things get better",SAFE
"Honestly, I am depressed but trying to cope I just feel so lost",AMBIGUOUS
"Recently, Sometimes I think about hurting myself but I hope things get better",RISK_LOW
"To be honest, I am struggling a lot and feel lost but I hope things get better",AMBIGUOUS
"Sometimes, I feel so hopeless and want to end it all but I keep going",RISK_HIGH
"To be honest, Everything is fine I just feel so lost",SAFE
"Lately, I am doing well and happy but I keep going",SAFE
"To be honest, I am struggling a lot and feel lost and I can’t talk to anyone about it",AMBIGUOUS
"Lately, I plan to take pills tonight to sleep forever",RISK_HIGH
"Recently, I wish I could disappear but I’m trying to stay strong",RISK_LOW
I think I am struggling a lot and feel lost but I’m trying to stay strong,AMBIGUOUS
"In my mind, I am struggling a lot and feel lost",AMBIGUOUS
"Lately, I cut myself yesterday and I can’t talk to anyone about it",RISK_HIGH
"To be honest, I cut myself yesterday and I don’t know what to do",RISK_HIGH
"Lately, I feel so hopeless and want to end it all",RISK_HIGH
"In my mind, I cut myself yesterday",RISK_HIGH
I think I am depressed but trying to cope and I can’t talk to anyone about it,AMBIGUOUS
"Lately, I feel so hopeless and want to end it all but I keep going",RISK_HIGH
"Sometimes, I plan to take pills tonight to sleep forever but I hope things get better",RISK_HIGH
"Recently, I plan to take pills tonight to sleep forever but I’m trying to stay strong",RISK_HIGH
"Recently, I feel so hopeless and want to end it all and I can’t talk to anyone about it",RISK_HIGH
"Honestly, I am doing well and happy and I don’t know what to do",SAFE
"In my mind, Everything is fine I just feel so lost",SAFE
"In my mind, I am struggling a lot and feel lost but I’m trying to stay strong",AMBIGUOUS
"Recently, Life is meaningless and I have no reason to go on but I keep going",RISK_HIGH
"In my mind, Everything is fine but I keep going",SAFE
"Recently, I feel so hopeless and want to end it all",RISK_HIGH
"To be honest, I am struggling a lot and feel lost and I can’t talk to anyone about it",AMBIGUOUS
I think I wish I could disappear I just feel so lost,RISK_LOW
"In my mind, I cut myself yesterday",RISK_HIGH
"In my mind, Sometimes I think about hurting myself",RISK_LOW
"Sometimes, I wish I could disappear but I hope things get better",RISK_LOW
I think Everything is fine but I keep going,SAFE
"Honestly, Sometimes I think about hurting myself but I keep going",RISK_LOW
"Lately, Everything is fine and I don’t know what to do",SAFE
"Lately, I am doing well and happy",SAFE
"Sometimes, I wish I could disappear I just feel so lost",RISK_LOW
"Lately, I wish I could disappear and I don’t know what to do",RISK_LOW
"Honestly, I am struggling a lot and feel lost but I hope things get better",AMBIGUOUS
"In my mind, I cut myself yesterday and I don’t know what to do",RISK_HIGH
"Sometimes, I wish I could disappear I just feel so lost",RISK_LOW
"Recently, I plan to take pills tonight to sleep forever and I can’t talk to anyone about it",RISK_HIGH
"In my mind, I am struggling a lot and feel lost and I can’t talk to anyone about it",AMBIGUOUS
"Sometimes, I cut myself yesterday",RISK_HIGH
I think I am struggling a lot and feel lost I just feel so lost,AMBIGUOUS
"Recently, I cut myself yesterday but I keep going",RISK_HIGH
"Recently, I am depressed but trying to cope but I keep going",AMBIGUOUS
"Lately, Everything is fine I just feel so lost",SAFE
I think I cut myself yesterday and I don’t know what to do,RISK_HIGH
I think I am depressed but trying to cope,AMBIGUOUS
"Sometimes, I wish I could disappear I just feel so lost",RISK_LOW
"To be honest, I am doing well and happy I just feel so lost",SAFE
"To be honest, Sometimes I think about hurting myself I just feel so lost",RISK_LOW
"Lately, I plan to take pills tonight to sleep forever and I can’t talk to anyone about it",RISK_HIGH
I think Life is meaningless and I have no reason to go on and I can’t talk to anyone about it,RISK_HIGH
"In my mind, Life is meaningless and I have no reason to go on but I keep going",RISK_HIGH
"To be honest, I am depressed but trying to cope I just feel so lost",AMBIGUOUS
"Sometimes, I am struggling a lot and feel lost",AMBIGUOUS
I think I am depressed but trying to cope and I can’t talk to anyone about it,AMBIGUOUS
I think I plan to take pills tonight to sleep forever but I keep going,RISK_HIGH
"To be honest, I am struggling a lot and feel lost",AMBIGUOUS
"Lately, I am doing well and happy I just feel so lost",SAFE
"Honestly, I plan to take pills tonight to sleep forever but I’m trying to stay strong",RISK_HIGH
"Lately, Sometimes I think about hurting myself I just feel so lost",RISK_LOW
"Sometimes, I am depressed but trying to cope I just feel so lost",AMBIGUOUS
"Recently, Sometimes I think about hurting myself but I’m trying to stay strong",RISK_LOW
"Sometimes, I am depressed but trying to cope and I can’t talk to anyone about it",AMBIGUOUS
"In my mind, Sometimes I think about hurting myself",RISK_LOW
"Lately, Sometimes I think about hurting myself but I hope things get better",RISK_LOW
"Sometimes, Life is meaningless and I have no reason to go on and I can’t talk to anyone about it",RISK_HIGH
"Recently, I feel so hopeless and want to end it all",RISK_HIGH
"Recently, I am struggling a lot and feel lost",AMBIGUOUS
"In my mind, I feel so hopeless and want to end it all and I don’t know what to do",RISK_HIGH
"To be honest, I am depressed but trying to cope and I don’t know what to do",AMBIGUOUS
"In my mind, Everything is fine but I keep going",SAFE
"Recently, I cut myself yesterday and I don’t know what to do",RISK_HIGH
"In my mind, Life is meaningless and I have no reason to go on but I’m trying to stay strong",RISK_HIGH
"To be honest, Everything is fine but I keep going",SAFE
I think Everything is fine but I hope things get better,SAFE
"To be honest, I plan to take pills tonight to sleep forever but I’m trying to stay strong",RISK_HIGH
"To be honest, I cut myself yesterday but I hope things get better",RISK_HIGH
"To be honest, I am depressed but trying to cope I just feel so lost",AMBIGUOUS
"Sometimes, Everything is fine and I don’t know what to do",SAFE
"Recently, I plan to take pills tonight to sleep forever but I hope things get better",RISK_HIGH
"Recently, Sometimes I think about hurting myself I just feel so lost",RISK_LOW
"In my mind, I cut myself yesterday but I keep going",RISK_HIGH
"In my mind, I wish I could disappear and I don’t know what to do",RISK_LOW
"Recently, I cut myself yesterday",RISK_HIGH
"To be honest, Life is meaningless and I have no reason to go on I just feel so lost",RISK_HIGH
"Recently, I am struggling a lot and feel lost",AMBIGUOUS
"To be honest, Everything is fine I just feel so lost",SAFE
"Recently, I plan to take pills tonight to sleep forever but I’m trying to stay strong",RISK_HIGH
"Honestly, I am struggling a lot and feel lost but I’m trying to stay strong",AMBIGUOUS
"Lately, I am struggling a lot and feel lost but I hope things get better",AMBIGUOUS
I think Life is meaningless and I have no reason to go on but I’m trying to stay strong,RISK_HIGH
I think I feel so hopeless and want to end it all I just feel so lost,RISK_HIGH
"Recently, I wish I could disappear but I hope things get better",RISK_LOW
"Recently, Sometimes I think about hurting myself but I’m trying to stay strong",RISK_LOW
"Honestly, I am doing well and happy and I can’t talk to anyone about it",SAFE
"Lately, I am depressed but trying to cope but I keep going",AMBIGUOUS
"Honestly, I am depressed but trying to cope and I don’t know what to do",AMBIGUOUS
"Lately, I am depressed but trying to cope but I keep going",AMBIGUOUS
I think I am doing well and happy,SAFE
"Recently, Life is meaningless and I have no reason to go on but I keep going",RISK_HIGH
I think I wish I could disappear and I don’t know what to do,RISK_LOW
"To be honest, I plan to take pills tonight to sleep forever but I keep going",RISK_HIGH
"In my mind, I cut myself yesterday but I hope things get better",RISK_HIGH
"In my mind, I wish I could disappear but I keep going",RISK_LOW
"To be honest, I feel so hopeless and want to end it all and I can’t talk to anyone about it",RISK_HIGH
"Sometimes, Sometimes I think about hurting myself I just feel so lost",RISK_LOW
"Sometimes, I am struggling a lot and feel lost but I’m trying to stay strong",AMBIGUOUS
"Recently, Life is meaningless and I have no reason to go on but I’m trying to stay strong",RISK_HIGH
"Sometimes, I cut myself yesterday and I don’t know what to do",RISK_HIGH
"In my mind, I plan to take pills tonight to sleep forever I just feel so lost",RISK_HIGH
"Sometimes, I am doing well and happy and I don’t know what to do",SAFE
I think Everything is fine but I hope things get better,SAFE
"Lately, I feel so hopeless and want to end it all and I can’t talk to anyone about it",RISK_HIGH
"Recently, I am depressed but trying to cope but I hope things get better",AMBIGUOUS
"Recently, I am depressed but trying to cope but I keep going",AMBIGUOUS
"In my mind, I wish I could disappear but I’m trying to stay strong",RISK_LOW
"Lately, I cut myself yesterday and I can’t talk to anyone about it",RISK_HIGH
"In my mind, I am doing well and happy I just feel so lost",SAFE
"Honestly, I wish I could disappear I just feel so lost",RISK_LOW
"In my mind, I feel so hopeless and want to end it all I just feel so lost",RISK_HIGH
"To be honest, I feel so hopeless and want to end it all I just feel so lost",RISK_HIGH
"Honestly, I am struggling a lot and feel lost",AMBIGUOUS
"Lately, I feel so hopeless and want to end it all but I keep going",RISK_HIGH
"Honestly, I feel so hopeless and want to end it all and I don’t know what to do",RISK_HIGH
I think I cut myself yesterday,RISK_HIGH
"Recently, I feel so hopeless and want to end it all and I can’t talk to anyone about it",RISK_HIGH
"Honestly, I wish I could disappear",RISK_LOW
"Sometimes, I wish I could disappear I just feel so lost",RISK_LOW
"To be honest, I feel so hopeless and want to end it all I just feel so lost",RISK_HIGH
"To be honest, I am doing well and happy but I keep going",SAFE
I think Life is meaningless and I have no reason to go on and I don’t know what to do,RISK_HIGH
"Lately, I wish I could disappear but I’m trying to stay strong",RISK_LOW
"In my mind, I cut myself yesterday but I keep going",RISK_HIGH
"Sometimes, I wish I could disappear and I can’t talk to anyone about it",RISK_LOW
"In my mind, I am depressed but trying to cope but I keep going",AMBIGUOUS
I think Sometimes I think about hurting myself,RISK_LOW
"Honestly, I feel so hopeless and want to end it all and I can’t talk to anyone about it",RISK_HIGH
"Honestly, Everything is fine and I can’t talk to anyone about it",SAFE
I think I wish I could disappear I just feel so lost,RISK_LOW
"Sometimes, Life is meaningless and I have no reason to go on I just feel so lost",RISK_HIGH
I think I feel so hopeless and want to end it all but I hope things get better,RISK_HIGH
I think I am doing well and happy,SAFE
"Sometimes, I plan to take pills tonight to sleep forever I just feel so lost",RISK_HIGH
"In my mind, I feel so hopeless and want to end it all but I keep going",RISK_HIGH
"Honestly, I cut myself yesterday",RISK_HIGH
"In my mind, I plan to take pills tonight to sleep forever and I don’t know what to do",RISK_HIGH
"Recently, Everything is fine but I’m trying to stay strong",SAFE
"To be honest, I cut myself yesterday but I’m trying to stay strong",RISK_HIGH
"Recently, I am doing well and happy but I keep going",SAFE
"To be honest, Life is meaningless and I have no reason to go on and I don’t know what to do",RISK_HIGH
"Recently, I cut myself yesterday but I keep going",RISK_HIGH
"Sometimes, I am doing well and happy but I’m trying to stay strong",SAFE
"In my mind, Sometimes I think about hurting myself",RISK_LOW
"Sometimes, Life is meaningless and I have no reason to go on",RISK_HIGH
"To be honest, I am depressed but trying to cope but I hope things get better",AMBIGUOUS
I think I wish I could disappear and I can’t talk to anyone about it,RISK_LOW
I think I feel so hopeless and want to end it all but I’m trying to stay strong,RISK_HIGH
"Honestly, I cut myself yesterday",RISK_HIGH
"Sometimes, Life is meaningless and I have no reason to go on I just feel so lost",RISK_HIGH
"To be honest, I wish I could disappear but I keep going",RISK_LOW
"In my mind, I wish I could disappear and I don’t know what to do",RISK_LOW
"Sometimes, Life is meaningless and I have no reason to go on but I’m trying to stay strong",RISK_HIGH
"Sometimes, I am depressed but trying to cope but I keep going",AMBIGUOUS
I think I plan to take pills tonight to sleep forever but I keep going,RISK_HIGH
"Recently, Life is meaningless and I have no reason to go on but I keep going",RISK_HIGH
"Lately, I am depressed but trying to cope and I can’t talk to anyone about it",AMBIGUOUS
"Sometimes, Life is meaningless and I have no reason to go on and I can’t talk to anyone about it",RISK_HIGH
"Recently, I am depressed but trying to cope and I don’t know what to do",AMBIGUOUS
"Recently, I cut myself yesterday I just feel so lost",RISK_HIGH
"Recently, Everything is fine but I keep going",SAFE
"To be honest, I cut myself yesterday and I can’t talk to anyone about it",RISK_HIGH
I think Everything is fine but I keep going,SAFE
"Recently, I feel so hopeless and want to end it all and I don’t know what to do",RISK_HIGH
"Lately, I feel so hopeless and want to end it all I just feel so lost",RISK_HIGH
"Honestly, I am doing well and happy I just feel so lost",SAFE
"To be honest, Everything is fine I just feel so lost",SAFE
"To be honest, I plan to take pills tonight to sleep forever and I can’t talk to anyone about it",RISK_HIGH
"Honestly, Life is meaningless and I have no reason to go on but I hope things get better",RISK_HIGH
"In my mind, I feel so hopeless and want to end it all but I hope things get better",RISK_HIGH
"Honestly, I am doing well and happy but I keep going",SAFE
"In my mind, I am struggling a lot and feel lost and I can’t talk to anyone about it",AMBIGUOUS
"Honestly, I cut myself yesterday I just feel so lost",RISK_HIGH
"Recently, I cut myself yesterday but I’m trying to stay strong",RISK_HIGH
I think Sometimes I think about hurting myself but I hope things get better,RISK_LOW
"In my mind, I am depressed but trying to cope I just feel so lost",AMBIGUOUS
"Lately, I wish I could disappear but I’m trying to stay strong",RISK_LOW
"Lately, Sometimes I think about hurting myself and I can’t talk to anyone about it",RISK_LOW
I think I feel so hopeless and want to end it all I just feel so lost,RISK_HIGH
"Recently, I am depressed but trying to cope but I’m trying to stay strong",AMBIGUOUS
"Lately, I am struggling a lot and feel lost and I can’t talk to anyone about it",AMBIGUOUS
I think Life is meaningless and I have no reason to go on and I don’t know what to do,RISK_HIGH
I think I feel so hopeless and want to end it all I just feel so lost,RISK_HIGH
"Sometimes, I wish I could disappear and I don’t know what to do",RISK_LOW
"Recently, I wish I could disappear but I hope things get better",RISK_LOW
"Lately, I feel so hopeless and want to end it all I just feel so lost",RISK_HIGH
"Sometimes, I wish I could disappear I just feel so lost",RISK_LOW
"Lately, I wish I could disappear and I can’t talk to anyone about it",RISK_LOW
"Honestly, I feel so hopeless and want to end it all and I can’t talk to anyone about it",RISK_HIGH
I think I am doing well and happy but I hope things get better,SAFE
"To be honest, I cut myself yesterday but I hope things get better",RISK_HIGH
"Honestly, I feel so hopeless and want to end it all but I hope things get better",RISK_HIGH
"Honestly, I feel so hopeless and want to end it all and I can’t talk to anyone about it",RISK_HIGH
"Recently, Everything is fine I just feel so lost",SAFE
"Recently, I wish I could disappear and I don’t know what to do",RISK_LOW
"To be honest, I am struggling a lot and feel lost but I keep going",AMBIGUOUS
I think I cut myself yesterday but I keep going,RISK_HIGH
"Sometimes, I feel so hopeless and want to end it all but I hope things get better",RISK_HIGH
"In my mind, I am doing well and happy and I don’t know what to do",SAFE
"To be honest, Everything is fine and I don’t know what to do",SAFE
"Lately, Everything is fine but I hope things get better",SAFE
"Lately, I am doing well and happy but I hope things get better",SAFE
"Recently, Life is meaningless and I have no reason to go on I just feel so lost",RISK_HIGH
"In my mind, Sometimes I think about hurting myself I just feel so lost",RISK_LOW
"Honestly, I am doing well and happy and I can’t talk to anyone about it",SAFE
I think I plan to take pills tonight to sleep forever and I don’t know what to do,RISK_HIGH
"In my mind, I plan to take pills tonight to sleep forever I just feel so lost",RISK_HIGH
"Recently, I am doing well and happy and I don’t know what to do",SAFE
"In my mind, Life is meaningless and I have no reason to go on",RISK_HIGH
I think Sometimes I think about hurting myself and I can’t talk to anyone about it,RISK_LOW
"Honestly, I wish I could disappear and I don’t know what to do",RISK_LOW
"Honestly, Life is meaningless and I have no reason to go on but I’m trying to stay strong",RISK_HIGH
I think Everything is fine I just feel so lost,SAFE
"Honestly, I wish I could disappear but I hope things get better",RISK_LOW
"Sometimes, I wish I could disappear but I’m trying to stay strong",RISK_LOW
"In my mind, I am struggling a lot and feel lost",AMBIGUOUS
I think Sometimes I think about hurting myself but I keep going,RISK_LOW
"Honestly, I am depressed but trying to cope and I don’t know what to do",AMBIGUOUS
"Honestly, I am depressed but trying to cope but I’m trying to stay strong",AMBIGUOUS
"Honestly, I plan to take pills tonight to sleep forever but I’m trying to stay strong",RISK_HIGH
"Lately, I plan to take pills tonight to sleep forever and I can’t talk to anyone about it",RISK_HIGH
"To be honest, Life is meaningless and I have no reason to go on but I hope things get better",RISK_HIGH
"Lately, I cut myself yesterday and I don’t know what to do",RISK_HIGH
"Honestly, I feel so hopeless and want to end it all and I don’t know what to do",RISK_HIGH
"Sometimes, Sometimes I think about hurting myself I just feel so lost",RISK_LOW
"Sometimes, Sometimes I think about hurting myself but I’m trying to stay strong",RISK_LOW
"In my mind, I feel so hopeless and want to end it all but I hope things get better",RISK_HIGH
"Sometimes, I am struggling a lot and feel lost but I keep going",AMBIGUOUS
"Honestly, Everything is fine and I can’t talk to anyone about it",SAFE
"Lately, I am depressed but trying to cope and I can’t talk to anyone about it",AMBIGUOUS
"Honestly, I feel so hopeless and want to end it all but I keep going",RISK_HIGH
"Honestly, Sometimes I think about hurting myself but I hope things get better",RISK_LOW
"Sometimes, I plan to take pills tonight to sleep forever but I hope things get better",RISK_HIGH
"Recently, Life is meaningless and I have no reason to go on and I don’t know what to do",RISK_HIGH
"In my mind, I wish I could disappear but I’m trying to stay strong",RISK_LOW
I think Everything is fine but I keep going,SAFE
I think Everything is fine and I don’t know what to do,SAFE
"Sometimes, Life is meaningless and I have no reason to go on and I don’t know what to do",RISK_HIGH
I think I am doing well and happy but I’m trying to stay strong,SAFE
"Sometimes, I wish I could disappear but I’m trying to stay strong",RISK_LOW
"Honestly, I am struggling a lot and feel lost and I can’t talk to anyone about it",AMBIGUOUS
I think I am struggling a lot and feel lost and I don’t know what to do,AMBIGUOUS
"In my mind, I cut myself yesterday I just feel so lost",RISK_HIGH
"Lately, I am doing well and happy and I can’t talk to anyone about it",SAFE
"Recently, Sometimes I think about hurting myself",RISK_LOW
"In my mind, I feel so hopeless and want to end it all and I can’t talk to anyone about it",RISK_HIGH
"Lately, Life is meaningless and I have no reason to go on but I’m trying to stay strong",RISK_HIGH
"To be honest, Sometimes I think about hurting myself but I’m trying to stay strong",RISK_LOW
I think I plan to take pills tonight to sleep forever I just feel so lost,RISK_HIGH
I think I feel so hopeless and want to end it all and I don’t know what to do,RISK_HIGH
"Sometimes, I cut myself yesterday I just feel so lost",RISK_HIGH
"In my mind, I cut myself yesterday I just feel so lost",RISK_HIGH
"Recently, I wish I could disappear",RISK_LOW
"Recently, Everything is fine and I can’t talk to anyone about it",SAFE
I think Everything is fine I just feel so lost,SAFE
"To be honest, I feel so hopeless and want to end it all and I don’t know what to do",RISK_HIGH
"In my mind, I feel so hopeless and want to end it all but I’m trying to stay strong",RISK_HIGH
I think I am depressed but trying to cope,AMBIGUOUS
"Recently, I am struggling a lot and feel lost but I keep going",AMBIGUOUS
"Recently, I wish I could disappear and I don’t know what to do",RISK_LOW
"Sometimes, I cut myself yesterday but I hope things get better",RISK_HIGH
"To be honest, I am depressed but trying to cope",AMBIGUOUS
I think I feel so hopeless and want to end it all but I hope things get better,RISK_HIGH
I think I am struggling a lot and feel lost,AMBIGUOUS
"In my mind, I am struggling a lot and feel lost",AMBIGUOUS
"Honestly, I plan to take pills tonight to sleep forever but I keep going",RISK_HIGH
"To be honest, I wish I could disappear but I hope things get better",RISK_LOW
"Recently, Life is meaningless and I have no reason to go on I just feel so lost",RISK_HIGH
I think I feel so hopeless and want to end it all,RISK_HIGH
"Sometimes, I feel so hopeless and want to end it all but I’m trying to stay strong",RISK_HIGH
"To be honest, Life is meaningless and I have no reason to go on and I can’t talk to anyone about it",RISK_HIGH
"Lately, I plan to take pills tonight to sleep forever",RISK_HIGH
"In my mind, Life is meaningless and I have no reason to go on and I don’t know what to do",RISK_HIGH
"Lately, I plan to take pills tonight to sleep forever I just feel so lost",RISK_HIGH
I think I feel so hopeless and want to end it all and I can’t talk to anyone about it,RISK_HIGH
"Honestly, I feel so hopeless and want to end it all I just feel so lost",RISK_HIGH
"In my mind, Life is meaningless and I have no reason to go on",RISK_HIGH
"Sometimes, I cut myself yesterday but I’m trying to stay strong",RISK_HIGH
"In my mind, I am doing well and happy but I’m trying to stay strong",SAFE
"Lately, Life is meaningless and I have no reason to go on and I can’t talk to anyone about it",RISK_HIGH
"Sometimes, I am struggling a lot and feel lost but I keep going",AMBIGUOUS
I think Everything is fine but I hope things get better,SAFE
"Recently, I wish I could disappear but I’m trying to stay strong",RISK_LOW
"Sometimes, Sometimes I think about hurting myself but I hope things get better",RISK_LOW
"Recently, I plan to take pills tonight to sleep forever but I’m trying to stay strong",RISK_HIGH
"Lately, I am struggling a lot and feel lost but I’m trying to stay strong",AMBIGUOUS
"Honestly, I am doing well and happy but I’m trying to stay strong",SAFE
"In my mind, I plan to take pills tonight to sleep forever but I hope things get better",RISK_HIGH
"To be honest, I feel so hopeless and want to end it all but I keep going",RISK_HIGH
I think Everything is fine but I hope things get better,SAFE
"Sometimes, Everything is fine but I keep going",SAFE
"To be honest, I am doing well and happy and I don’t know what to do",SAFE
"Recently, Everything is fine but I’m trying to stay strong",SAFE
"Sometimes, Sometimes I think about hurting myself and I don’t know what to do",RISK_LOW
"Lately, I am struggling a lot and feel lost and I don’t know what to do",AMBIGUOUS
"Lately, Life is meaningless and I have no reason to go on I just feel so lost",RISK_HIGH
"Lately, I wish I could disappear",RISK_LOW
"Honestly, Life is meaningless and I have no reason to go on but I’m trying to stay strong",RISK_HIGH
"In my mind, I feel so hopeless and want to end it all but I hope things get better",RISK_HIGH
"Recently, I plan to take pills tonight to sleep forever",RISK_HIGH
"Honestly, Life is meaningless and I have no reason to go on I just feel so lost",RISK_HIGH
"In my mind, I wish I could disappear and I don’t know what to do",RISK_LOW
"Recently, I plan to take pills tonight to sleep forever I just feel so lost",RISK_HIGH
"Sometimes, Life is meaningless and I have no reason to go on and I don’t know what to do",RISK_HIGH
"In my mind, Life is meaningless and I have no reason to go on but I’m trying to stay strong",RISK_HIGH
"Recently, I am doing well and happy but I hope things get better",SAFE
"Honestly, I am depressed but trying to cope but I keep going",AMBIGUOUS
"Recently, Sometimes I think about hurting myself I just feel so lost",RISK_LOW
"Sometimes, I am doing well and happy and I can’t talk to anyone about it",SAFE
"Honestly, Life is meaningless and I have no reason to go on I just feel so lost",RISK_HIGH
"Honestly, Sometimes I think about hurting myself and I don’t know what to do",RISK_LOW
"To be honest, Life is meaningless and I have no reason to go on I just feel so lost",RISK_HIGH
I think I am doing well and happy I just feel so lost,SAFE
I think I wish I could disappear but I’m trying to stay strong,RISK_LOW
"Recently, Sometimes I think about hurting myself and I can’t talk to anyone about it",RISK_LOW
I think Sometimes I think about hurting myself but I’m trying to stay strong,RISK_LOW
"Honestly, Everything is fine but I keep going",SAFE
"Honestly, I am depressed but trying to cope I just feel so lost",AMBIGUOUS
"Sometimes, Sometimes I think about hurting myself but I’m trying to stay strong",RISK_LOW
"Recently, Life is meaningless and I have no reason to go on",RISK_HIGH
"Lately, I am doing well and happy and I don’t know what to do",SAFE
"Sometimes, I am depressed but trying to cope but I’m trying to stay strong",AMBIGUOUS
"In my mind, Sometimes I think about hurting myself but I hope things get better",RISK_LOW
"Honestly, Everything is fine I just feel so lost",SAFE
I think Sometimes I think about hurting myself but I’m trying to stay strong,RISK_LOW
"Recently, Everything is fine I just feel so lost",SAFE
"Sometimes, I feel so hopeless and want to end it all",RISK_HIGH
"Recently, Everything is fine and I can’t talk to anyone about it",SAFE
"To be honest, I cut myself yesterday but I’m trying to stay strong",RISK_HIGH
I think I feel so hopeless and want to end it all but I’m trying to stay strong,RISK_HIGH
"In my mind, I wish I could disappear but I hope things get better",RISK_LOW
"In my mind, I am doing well and happy and I can’t talk to anyone about it",SAFE
"Honestly, Life is meaningless and I have no reason to go on but I’m trying to stay strong",RISK_HIGH
"Sometimes, Everything is fine I just feel so lost",SAFE
"Sometimes, I wish I could disappear and I can’t talk to anyone about it",RISK_LOW
"Sometimes, I am depressed but trying to cope I just feel so lost",AMBIGUOUS
"Sometimes, Life is meaningless and I have no reason to go on but I’m trying to stay strong",RISK_HIGH
"Sometimes, I am struggling a lot and feel lost but I hope things get better",AMBIGUOUS
"Sometimes, I feel so hopeless and want to end it all but I keep going",RISK_HIGH
"To be honest, Life is meaningless and I have no reason to go on and I don’t know what to do",RISK_HIGH
"To be honest, I am depressed but trying to cope but I keep going",AMBIGUOUS
"Recently, I plan to take pills tonight to sleep forever but I’m trying to stay strong",RISK_HIGH
"Recently, I plan to take pills tonight to sleep forever but I hope things get better",RISK_HIGH
"Sometimes, I am doing well and happy but I hope things get better",SAFE
"Recently, I feel so hopeless and want to end it all but I keep going",RISK_HIGH
"Recently, Everything is fine and I can’t talk to anyone about it",SAFE
"Sometimes, Life is meaningless and I have no reason to go on and I don’t know what to do",RISK_HIGH
I think I cut myself yesterday but I keep going,RISK_HIGH
"Honestly, I am doing well and happy and I don’t know what to do",SAFE
"To be honest, Life is meaningless and I have no reason to go on and I don’t know what to do",RISK_HIGH
"Sometimes, I plan to take pills tonight to sleep forever",RISK_HIGH
"Sometimes, I am depressed but trying to cope but I hope things get better",AMBIGUOUS
"To be honest, I wish I could disappear but I hope things get better",RISK_LOW
I think I am struggling a lot and feel lost but I hope things get better,AMBIGUOUS
"Honestly, I am doing well and happy and I can’t talk to anyone about it",SAFE
"Honestly, Life is meaningless and I have no reason to go on and I don’t know what to do",RISK_HIGH
"Honestly, I cut myself yesterday but I hope things get better",RISK_HIGH
"Lately, Everything is fine",SAFE
"To be honest, Everything is fine and I can’t talk to anyone about it",SAFE
"To be honest, I plan to take pills tonight to sleep forever but I keep going",RISK_HIGH
"Lately, I plan to take pills tonight to sleep forever but I keep going",RISK_HIGH
"Recently, Everything is fine I just feel so lost",SAFE
"Recently, Sometimes I think about hurting myself but I hope things get better",RISK_LOW
"Lately, Life is meaningless and I have no reason to go on but I keep going",RISK_HIGH
"In my mind, I am doing well and happy I just feel so lost",SAFE
I think I plan to take pills tonight to sleep forever and I can’t talk to anyone about it,RISK_HIGH
"Honestly, I am struggling a lot and feel lost but I hope things get better",AMBIGUOUS
"In my mind, I cut myself yesterday and I don’t know what to do",RISK_HIGH
"Sometimes, Everything is fine",SAFE
I think I am depressed but trying to cope and I don’t know what to do,AMBIGUOUS
"To be honest, I wish I could disappear but I keep going",RISK_LOW
"To be honest, I cut myself yesterday but I’m trying to stay strong",RISK_HIGH
"Recently, I am struggling a lot and feel lost I just feel so lost",AMBIGUOUS
"To be honest, I am doing well and happy but I’m trying to stay strong",SAFE
"Recently, Sometimes I think about hurting myself and I can’t talk to anyone about it",RISK_LOW
"In my mind, I am doing well and happy and I don’t know what to do",SAFE
I think Sometimes I think about hurting myself but I hope things get better,RISK_LOW
"In my mind, I am depressed but trying to cope I just feel so lost",AMBIGUOUS
"Honestly, I feel so hopeless and want to end it all but I keep going",RISK_HIGH
"In my mind, I wish I could disappear but I’m trying to stay strong",RISK_LOW
"Sometimes, Life is meaningless and I have no reason to go on but I keep going",RISK_HIGH
"Lately, I am struggling a lot and feel lost",AMBIGUOUS
"Lately, Sometimes I think about hurting myself",RISK_LOW
"Honestly, I wish I could disappear but I keep going",RISK_LOW
"Sometimes, Sometimes I think about hurting myself and I don’t know what to do",RISK_LOW
"Lately, I am depressed but trying to cope but I hope things get better",AMBIGUOUS
"In my mind, I cut myself yesterday and I can’t talk to anyone about it",RISK_HIGH
"In my mind, I wish I could disappear and I don’t know what to do",RISK_LOW
"Sometimes, I plan to take pills tonight to sleep forever and I don’t know what to do",RISK_HIGH
"In my mind, Sometimes I think about hurting myself",RISK_LOW
"Honestly, I am depressed but trying to cope but I’m trying to stay strong",AMBIGUOUS
I think I wish I could disappear,RISK_LOW
"Lately, I plan to take pills tonight to sleep forever and I can’t talk to anyone about it",RISK_HIGH
"Lately, Sometimes I think about hurting myself but I hope things get better",RISK_LOW
"In my mind, I am depressed but trying to cope but I keep going",AMBIGUOUS
"To be honest, Sometimes I think about hurting myself and I can’t talk to anyone about it",RISK_LOW
"Honestly, I cut myself yesterday but I’m trying to stay strong",RISK_HIGH
"Honestly, I am depressed but trying to cope and I can’t talk to anyone about it",AMBIGUOUS
"To be honest, Sometimes I think about hurting myself and I can’t talk to anyone about it",RISK_LOW
"Lately, I plan to take pills tonight to sleep forever I just feel so lost",RISK_HIGH
"Honestly, Life is meaningless and I have no reason to go on I just feel so lost",RISK_HIGH
I think I am struggling a lot and feel lost but I keep going,AMBIGUOUS
"Honestly, I wish I could disappear and I don’t know what to do",RISK_LOW
"Lately, I am doing well and happy and I don’t know what to do",SAFE
I think Sometimes I think about hurting myself but I’m trying to stay strong,RISK_LOW
"Recently, I am doing well and happy but I hope things get better",SAFE
"To be honest, Everything is fine and I can’t talk to anyone about it",SAFE
"Sometimes, Life is meaningless and I have no reason to go on but I hope things get better",RISK_HIGH
"Sometimes, I am depressed but trying to cope and I can’t talk to anyone about it",AMBIGUOUS
"Honestly, I am doing well and happy",SAFE
I think I plan to take pills tonight to sleep forever but I’m trying to stay strong,RISK_HIGH
"Lately, I cut myself yesterday and I don’t know what to do",RISK_HIGH
"Honestly, I feel so hopeless and want to end it all but I keep going",RISK_HIGH
"In my mind, I am struggling a lot and feel lost",AMBIGUOUS
"Honestly, Everything is fine I just feel so lost",SAFE
"In my mind, Everything is fine but I keep going",SAFE
"Honestly, I wish I could disappear but I keep going",RISK_LOW
"Lately, I cut myself yesterday but I keep going",RISK_HIGH
"In my mind, Life is meaningless and I have no reason to go on and I can’t talk to anyone about it",RISK_HIGH
"Honestly, I am doing well and happy and I can’t talk to anyone about it",SAFE
"Sometimes, I cut myself yesterday and I can’t talk to anyone about it",RISK_HIGH
"Recently, Sometimes I think about hurting myself and I can’t talk to anyone about it",RISK_LOW
"Honestly, Life is meaningless and I have no reason to go on and I can’t talk to anyone about it",RISK_HIGH
I think I am depressed but trying to cope but I hope things get better,AMBIGUOUS
"Recently, Everything is fine but I hope things get better",SAFE
"Honestly, I am struggling a lot and feel lost but I’m trying to stay strong",AMBIGUOUS
"To be honest, I am struggling a lot and feel lost and I don’t know what to do",AMBIGUOUS
"Recently, Sometimes I think about hurting myself and I don’t know what to do",RISK_LOW
I think I am struggling a lot and feel lost but I’m trying to stay strong,AMBIGUOUS
"In my mind, Everything is fine but I keep going",SAFE
"In my mind, I wish I could disappear",RISK_LOW
"Honestly, I feel so hopeless and want to end it all but I hope things get better",RISK_HIGH
"Recently, I wish I could disappear and I can’t talk to anyone about it",RISK_LOW
"Honestly, I wish I could disappear but I’m trying to stay strong",RISK_LOW
"Lately, I am struggling a lot and feel lost and I can’t talk to anyone about it",AMBIGUOUS
"In my mind, I am depressed but trying to cope and I don’t know what to do",AMBIGUOUS
"To be honest, Sometimes I think about hurting myself and I don’t know what to do",RISK_LOW
"Sometimes, I cut myself yesterday and I don’t know what to do",RISK_HIGH
"To be honest, I cut myself yesterday and I can’t talk to anyone about it",RISK_HIGH
I think I feel so hopeless and want to end it all but I’m trying to stay strong,RISK_HIGH
"In my mind, I wish I could disappear but I keep going",RISK_LOW
"Recently, I am doing well and happy but I’m trying to stay strong",SAFE
"Sometimes, I plan to take pills tonight to sleep forever but I keep going",RISK_HIGH
I think I cut myself yesterday but I keep going,RISK_HIGH
"In my mind, I wish I could disappear but I hope things get better",RISK_LOW
"In my mind, Sometimes I think about hurting myself",RISK_LOW
"Sometimes, I am doing well and happy but I keep going",SAFE
"Recently, I feel so hopeless and want to end it all and I can’t talk to anyone about it",RISK_HIGH
"Honestly, I am depressed but trying to cope but I hope things get better",AMBIGUOUS
I think Life is meaningless and I have no reason to go on I just feel so lost,RISK_HIGH
"Recently, I wish I could disappear but I’m trying to stay strong",RISK_LOW
"Sometimes, I plan to take pills tonight to sleep forever and I don’t know what to do",RISK_HIGH
I think I am doing well and happy I just feel so lost,SAFE
"Honestly, I am doing well and happy but I hope things get better",SAFE
"Honestly, I am depressed but trying to cope",AMBIGUOUS
"To be honest, I wish I could disappear",RISK_LOW
"Recently, Life is meaningless and I have no reason to go on I just feel so lost",RISK_HIGH
"To be honest, Sometimes I think about hurting myself",RISK_LOW
"Lately, I am doing well and happy and I don’t know what to do",SAFE
"In my mind, I wish I could disappear I just feel so lost",RISK_LOW
"Honestly, I cut myself yesterday I just feel so lost",RISK_HIGH
"Lately, I am doing well and happy but I keep going",SAFE
"Honestly, Sometimes I think about hurting myself and I don’t know what to do",RISK_LOW
"Recently, I am doing well and happy and I can’t talk to anyone about it",SAFE
"Honestly, Sometimes I think about hurting myself but I’m trying to stay strong",RISK_LOW
I think I am depressed but trying to cope I just feel so lost,AMBIGUOUS
"Honestly, I wish I could disappear I just feel so lost",RISK_LOW
I think I am depressed but trying to cope but I’m trying to stay strong,AMBIGUOUS
I think I cut myself yesterday and I don’t know what to do,RISK_HIGH
"In my mind, I am doing well and happy but I hope things get better",SAFE
"Sometimes, I am struggling a lot and feel lost and I don’t know what to do",AMBIGUOUS
"Lately, Everything is fine but I keep going",SAFE
"Recently, I am struggling a lot and feel lost and I don’t know what to do",AMBIGUOUS
"Honestly, Everything is fine and I don’t know what to do",SAFE
"Recently, Sometimes I think about hurting myself but I keep going",RISK_LOW
"Recently, I wish I could disappear but I keep going",RISK_LOW
"Honestly, I cut myself yesterday and I don’t know what to do",RISK_HIGH
I think Sometimes I think about hurting myself I just feel so lost,RISK_LOW
"To be honest, Everything is fine I just feel so lost",SAFE
"Honestly, Sometimes I think about hurting myself",RISK_LOW
"Recently, I feel so hopeless and want to end it all I just feel so lost",RISK_HIGH
I think I am depressed but trying to cope but I hope things get better,AMBIGUOUS
"In my mind, Everything is fine and I don’t know what to do",SAFE
"In my mind, I feel so hopeless and want to end it all I just feel so lost",RISK_HIGH
I think Everything is fine but I hope things get better,SAFE
"Recently, Sometimes I think about hurting myself I just feel so lost",RISK_LOW
"Honestly, Everything is fine but I hope things get better",SAFE
I think I am struggling a lot and feel lost but I’m trying to stay strong,AMBIGUOUS
"Honestly, I feel so hopeless and want to end it all but I keep going",RISK_HIGH
"Lately, I am doing well and happy and I can’t talk to anyone about it",SAFE
"Recently, I cut myself yesterday but I keep going",RISK_HIGH
"In my mind, I feel so hopeless and want to end it all but I hope things get better",RISK_HIGH
"Recently, I plan to take pills tonight to sleep forever",RISK_HIGH
"Lately, I am doing well and happy and I can’t talk to anyone about it",SAFE
"In my mind, I feel so hopeless and want to end it all I just feel so lost",RISK_HIGH
"To be honest, I cut myself yesterday and I don’t know what to do",RISK_HIGH
"Honestly, I am depressed but trying to cope and I can’t talk to anyone about it",AMBIGUOUS
"Recently, Sometimes I think about hurting myself and I can’t talk to anyone about it",RISK_LOW
"Recently, I plan to take pills tonight to sleep forever and I don’t know what to do",RISK_HIGH
"Recently, I am struggling a lot and feel lost but I’m trying to stay strong",AMBIGUOUS
"Recently, I am depressed but trying to cope I just feel so lost",AMBIGUOUS
"In my mind, I cut myself yesterday but I keep going",RISK_HIGH
"Honestly, Sometimes I think about hurting myself and I don’t know what to do",RISK_LOW
"Recently, I plan to take pills tonight to sleep forever and I can’t talk to anyone about it",RISK_HIGH
"Lately, I plan to take pills tonight to sleep forever I just feel so lost",RISK_HIGH
"Recently, I am doing well and happy I just feel so lost",SAFE
"Honestly, I am depressed but trying to cope",AMBIGUOUS
"To be honest, I feel so hopeless and want to end it all",RISK_HIGH
"Honestly, I am depressed but trying to cope but I’m trying to stay strong",AMBIGUOUS
"To be honest, Sometimes I think about hurting myself but I keep going",RISK_LOW
"Sometimes, I feel so hopeless and want to end it all but I hope things get better",RISK_HIGH
"Honestly, I wish I could disappear but I keep going",RISK_LOW
"To be honest, I wish I could disappear but I keep going",RISK_LOW
"Recently, I am depressed but trying to cope",AMBIGUOUS
"Lately, Everything is fine I just feel so lost",SAFE
"In my mind, I feel so hopeless and want to end it all but I hope things get better",RISK_HIGH
"To be honest, I feel so hopeless and want to end it all but I keep going",RISK_HIGH
"Recently, I feel so hopeless and want to end it all I just feel so lost",RISK_HIGH
"Recently, I am doing well and happy and I can’t talk to anyone about it",SAFE
"To be honest, I am depressed but trying to cope and I can’t talk to anyone about it",AMBIGUOUS
"Recently, I cut myself yesterday and I don’t know what to do",RISK_HIGH
"Honestly, Life is meaningless and I have no reason to go on",RISK_HIGH
"To be honest, I am struggling a lot and feel lost and I don’t know what to do",AMBIGUOUS
"Honestly, I am depressed but trying to cope I just feel so lost",AMBIGUOUS
"Honestly, I am struggling a lot and feel lost but I keep going",AMBIGUOUS
"Sometimes, I feel so hopeless and want to end it all but I keep going",RISK_HIGH
"To be honest, Everything is fine and I don’t know what to do",SAFE
"Sometimes, I am depressed but trying to cope but I’m trying to stay strong",AMBIGUOUS
"Honestly, I cut myself yesterday",RISK_HIGH
"Recently, I am struggling a lot and feel lost and I don’t know what to do",AMBIGUOUS
I think I am depressed but trying to cope but I’m trying to stay strong,AMBIGUOUS
"In my mind, I wish I could disappear but I’m trying to stay strong",RISK_LOW
I think I cut myself yesterday but I keep going,RISK_HIGH
"Sometimes, I am struggling a lot and feel lost and I don’t know what to do",AMBIGUOUS
"In my mind, Sometimes I think about hurting myself I just feel so lost",RISK_LOW
"Lately, Life is meaningless and I have no reason to go on but I keep going",RISK_HIGH
"Lately, I cut myself yesterday but I keep going",RISK_HIGH
"In my mind, Life is meaningless and I have no reason to go on but I keep going",RISK_HIGH
"Recently, I am doing well and happy I just feel so lost",SAFE
"Lately, I cut myself yesterday and I don’t know what to do",RISK_HIGH
"In my mind, I cut myself yesterday and I don’t know what to do",RISK_HIGH
"To be honest, Sometimes I think about hurting myself and I don’t know what to do",RISK_LOW
"In my mind, I cut myself yesterday and I don’t know what to do",RISK_HIGH
"Honestly, Life is meaningless and I have no reason to go on",RISK_HIGH
I think I am struggling a lot and feel lost and I don’t know what to do,AMBIGUOUS
"Honestly, Everything is fine but I’m trying to stay strong",SAFE
"Honestly, I am depressed but trying to cope but I’m trying to stay strong",AMBIGUOUS
"In my mind, I cut myself yesterday but I’m trying to stay strong",RISK_HIGH
"Honestly, Sometimes I think about hurting myself but I keep going",RISK_LOW
I think I am doing well and happy,SAFE
"To be honest, I am struggling a lot and feel lost but I hope things get better",AMBIGUOUS
"Lately, Sometimes I think about hurting myself and I don’t know what to do",RISK_LOW
"Honestly, I am doing well and happy but I hope things get better",SAFE
"Sometimes, Everything is fine I just feel so lost",SAFE
I think I am struggling a lot and feel lost but I hope things get better,AMBIGUOUS
"In my mind, I cut myself yesterday",RISK_HIGH
"Lately, I am doing well and happy",SAFE
"To be honest, Sometimes I think about hurting myself but I’m trying to stay strong",RISK_LOW
"In my mind, Sometimes I think about hurting myself but I hope things get better",RISK_LOW
"Recently, Everything is fine but I hope things get better",SAFE
"Sometimes, Sometimes I think about hurting myself but I’m trying to stay strong",RISK_LOW
"Lately, I wish I could disappear but I hope things get better",RISK_LOW
I think Everything is fine but I hope things get better,SAFE
"Honestly, Life is meaningless and I have no reason to go on I just feel so lost",RISK_HIGH
"To be honest, I wish I could disappear and I don’t know what to do",RISK_LOW
"Recently, I am struggling a lot and feel lost",AMBIGUOUS
"Sometimes, I am depressed but trying to cope and I don’t know what to do",AMBIGUOUS
"Honestly, Life is meaningless and I have no reason to go on but I’m trying to stay strong",RISK_HIGH
"Honestly, Sometimes I think about hurting myself and I can’t talk to anyone about it",RISK_LOW
"Lately, Sometimes I think about hurting myself but I hope things get better",RISK_LOW
"Honestly, Sometimes I think about hurting myself and I don’t know what to do",RISK_LOW
"Lately, I plan to take pills tonight to sleep forever and I don’t know what to do",RISK_HIGH
"Lately, I plan to take pills tonight to sleep forever",RISK_HIGH
"Lately, Sometimes I think about hurting myself and I don’t know what to do",RISK_LOW
"To be honest, I feel so hopeless and want to end it all I just feel so lost",RISK_HIGH
I think I wish I could disappear I just feel so lost,RISK_LOW
I think I am struggling a lot and feel lost I just feel so lost,AMBIGUOUS
"In my mind, I feel so hopeless and want to end it all but I hope things get better",RISK_HIGH
I think I feel so hopeless and want to end it all but I hope things get better,RISK_HIGH
"In my mind, Everything is fine and I don’t know what to do",SAFE
"To be honest, I plan to take pills tonight to sleep forever I just feel so lost",RISK_HIGH
"In my mind, I wish I could disappear I just feel so lost",RISK_LOW
"Sometimes, I plan to take pills tonight to sleep forever and I can’t talk to anyone about it",RISK_HIGH
I think I plan to take pills tonight to sleep forever and I can’t talk to anyone about it,RISK_HIGH
"Recently, I am depressed but trying to cope but I keep going",AMBIGUOUS
"Sometimes, I feel so hopeless and want to end it all I just feel so lost",RISK_HIGH
"To be honest, I cut myself yesterday",RISK_HIGH
"In my mind, I am doing well and happy",SAFE
"Recently, Sometimes I think about hurting myself but I hope things get better",RISK_LOW
"Honestly, I plan to take pills tonight to sleep forever and I can’t talk to anyone about it",RISK_HIGH
"Honestly, Sometimes I think about hurting myself",RISK_LOW
"To be honest, I wish I could disappear but I’m trying to stay strong",RISK_LOW
"In my mind, Life is meaningless and I have no reason to go on and I can’t talk to anyone about it",RISK_HIGH
"Sometimes, I wish I could disappear",RISK_LOW
"Recently, Life is meaningless and I have no reason to go on but I keep going",RISK_HIGH
I think Everything is fine and I can’t talk to anyone about it,SAFE
"Honestly, Sometimes I think about hurting myself I just feel so lost",RISK_LOW
I think I am doing well and happy but I keep going,SAFE
"Sometimes, I am struggling a lot and feel lost but I’m trying to stay strong",AMBIGUOUS
"Recently, I feel so hopeless and want to end it all but I keep going",RISK_HIGH
"Honestly, I wish I could disappear but I hope things get better",RISK_LOW
"To be honest, I am struggling a lot and feel lost but I’m trying to stay strong",AMBIGUOUS
"To be honest, I plan to take pills tonight to sleep forever and I can’t talk to anyone about it",RISK_HIGH
"Lately, I am depressed but trying to cope and I can’t talk to anyone about it",AMBIGUOUS
"In my mind, I am struggling a lot and feel lost",AMBIGUOUS
"Honestly, I am doing well and happy",SAFE
"In my mind, I am doing well and happy and I can’t talk to anyone about it",SAFE
"To be honest, I am depressed but trying to cope I just feel so lost",AMBIGUOUS
"In my mind, I am struggling a lot and feel lost but I’m trying to stay strong",AMBIGUOUS
I think I feel so hopeless and want to end it all,RISK_HIGH
"Recently, I am depressed but trying to cope and I can’t talk to anyone about it",AMBIGUOUS
"Sometimes, I am depressed but trying to cope but I hope things get better",AMBIGUOUS
"Sometimes, I am depressed but trying to cope I just feel so lost",AMBIGUOUS
"In my mind, I wish I could disappear I just feel so lost",RISK_LOW
"In my mind, I am struggling a lot and feel lost and I don’t know what to do",AMBIGUOUS
"Lately, I wish I could disappear I just feel so lost",RISK_LOW
"In my mind, I plan to take pills tonight to sleep forever and I can’t talk to anyone about it",RISK_HIGH
I think I cut myself yesterday and I don’t know what to do,RISK_HIGH
"In my mind, I cut myself yesterday I just feel so lost",RISK_HIGH
"Honestly, I am depressed but trying to cope but I hope things get better",AMBIGUOUS
I think I am depressed but trying to cope,AMBIGUOUS
"Lately, I feel so hopeless and want to end it all I just feel so lost",RISK_HIGH
I think I cut myself yesterday,RISK_HIGH
"Honestly, I am struggling a lot and feel lost but I hope things get better",AMBIGUOUS
"To be honest, I am doing well and happy and I don’t know what to do",SAFE
"In my mind, I wish I could disappear but I’m trying to stay strong",RISK_LOW
"Honestly, I cut myself yesterday but I’m trying to stay strong",RISK_HIGH
"Honestly, I cut myself yesterday and I can’t talk to anyone about it",RISK_HIGH
"Honestly, I feel so hopeless and want to end it all and I don’t know what to do",RISK_HIGH
"Honestly, I am doing well and happy I just feel so lost",SAFE
"Recently, Sometimes I think about hurting myself but I’m trying to stay strong",RISK_LOW
I think Life is meaningless and I have no reason to go on I just feel so lost,RISK_HIGH
"Lately, I wish I could disappear but I hope things get better",RISK_LOW
"Sometimes, I wish I could disappear but I keep going",RISK_LOW
I think I am depressed but trying to cope but I keep going,AMBIGUOUS
"To be honest, I am struggling a lot and feel lost I just feel so lost",AMBIGUOUS
"To be honest, I cut myself yesterday I just feel so lost",RISK_HIGH
"Honestly, I feel so hopeless and want to end it all but I keep going",RISK_HIGH
"To be honest, I wish I could disappear but I hope things get better",RISK_LOW
"Recently, I cut myself yesterday",RISK_HIGH
"Lately, I am doing well and happy but I keep going",SAFE
"Sometimes, I plan to take pills tonight to sleep forever but I hope things get better",RISK_HIGH
"Recently, I wish I could disappear",RISK_LOW
"Lately, I wish I could disappear and I can’t talk to anyone about it",RISK_LOW
"Recently, Sometimes I think about hurting myself but I’m trying to stay strong",RISK_LOW
"Honestly, I cut myself yesterday and I can’t talk to anyone about it",RISK_HIGH
"Lately, I cut myself yesterday and I can’t talk to anyone about it",RISK_HIGH
"Lately, I feel so hopeless and want to end it all and I can’t talk to anyone about it",RISK_HIGH
"Lately, Everything is fine and I don’t know what to do",SAFE
I think I am depressed but trying to cope I just feel so lost,AMBIGUOUS
"Lately, I plan to take pills tonight to sleep forever",RISK_HIGH
"Honestly, I cut myself yesterday and I can’t talk to anyone about it",RISK_HIGH
"Lately, I am doing well and happy but I keep going",SAFE
"Sometimes, I am doing well and happy",SAFE
"Recently, I plan to take pills tonight to sleep forever and I don’t know what to do",RISK_HIGH
I think I am doing well and happy and I don’t know what to do,SAFE
"In my mind, Sometimes I think about hurting myself but I’m trying to stay strong",RISK_LOW
"Honestly, Everything is fine I just feel so lost",SAFE
I think I am struggling a lot and feel lost I just feel so lost,AMBIGUOUS
"In my mind, Life is meaningless and I have no reason to go on I just feel so lost",RISK_HIGH
"Recently, Life is meaningless and I have no reason to go on and I can’t talk to anyone about it",RISK_HIGH
"Lately, Sometimes I think about hurting myself but I hope things get better",RISK_LOW
"Honestly, I feel so hopeless and want to end it all and I don’t know what to do",RISK_HIGH
"Lately, I cut myself yesterday I just feel so lost",RISK_HIGH
"Recently, I am depressed but trying to cope but I keep going",AMBIGUOUS
I think I am depressed but trying to cope I just feel so lost,AMBIGUOUS
"Honestly, Life is meaningless and I have no reason to go on but I hope things get better",RISK_HIGH
"To be honest, I am doing well and happy but I keep going",SAFE
I think I plan to take pills tonight to sleep forever but I hope things get better,RISK_HIGH
"Sometimes, Sometimes I think about hurting myself and I don’t know what to do",RISK_LOW
"To be honest, I am struggling a lot and feel lost I just feel so lost",AMBIGUOUS
"To be honest, I am struggling a lot and feel lost",AMBIGUOUS
"To be honest, Life is meaningless and I have no reason to go on but I hope things get better",RISK_HIGH
"Sometimes, I feel so hopeless and want to end it all but I keep going",RISK_HIGH
"Recently, I feel so hopeless and want to end it all but I hope things get better",RISK_HIGH
"Honestly, I cut myself yesterday but I’m trying to stay strong",RISK_HIGH
"Lately, Life is meaningless and I have no reason to go on but I’m trying to stay strong",RISK_HIGH
"Honestly, I wish I could disappear but I hope things get better",RISK_LOW
"To be honest, Life is meaningless and I have no reason to go on and I can’t talk to anyone about it",RISK_HIGH
"Recently, I cut myself yesterday but I keep going",RISK_HIGH
"To be honest, I wish I could disappear but I keep going",RISK_LOW
"In my mind, Life is meaningless and I have no reason to go on but I hope things get better",RISK_HIGH
"Recently, I plan to take pills tonight to sleep forever and I can’t talk to anyone about it",RISK_HIGH
I think I wish I could disappear and I can’t talk to anyone about it,RISK_LOW
"Lately, I wish I could disappear",RISK_LOW
"To be honest, Everything is fine and I don’t know what to do",SAFE
I think I plan to take pills tonight to sleep forever but I’m trying to stay strong,RISK_HIGH
"Recently, I cut myself yesterday but I keep going",RISK_HIGH
I think I am doing well and happy and I can’t talk to anyone about it,SAFE
"Honestly, I wish I could disappear and I don’t know what to do",RISK_LOW
"In my mind, I cut myself yesterday and I don’t know what to do",RISK_HIGH
"Lately, Sometimes I think about hurting myself and I can’t talk to anyone about it",RISK_LOW
"Sometimes, I am struggling a lot and feel lost but I keep going",AMBIGUOUS
"To be honest, I am doing well and happy and I don’t know what to do",SAFE
"Recently, I feel so hopeless and want to end it all and I can’t talk to anyone about it",RISK_HIGH
"Honestly, Everything is fine but I’m trying to stay strong",SAFE
"Honestly, Sometimes I think about hurting myself but I hope things get better",RISK_LOW
"Sometimes, Everything is fine but I hope things get better",SAFE
"Recently, Sometimes I think about hurting myself but I’m trying to stay strong",RISK_LOW
"Sometimes, I feel so hopeless and want to end it all but I hope things get better",RISK_HIGH
"Lately, Sometimes I think about hurting myself but I’m trying to stay strong",RISK_LOW
"Lately, Life is meaningless and I have no reason to go on and I don’t know what to do",RISK_HIGH
"Sometimes, I am struggling a lot and feel lost and I don’t know what to do",AMBIGUOUS
"To be honest, I cut myself yesterday",RISK_HIGH
I think I cut myself yesterday and I don’t know what to do,RISK_HIGH
"Lately, I am struggling a lot and feel lost I just feel so lost",AMBIGUOUS
"In my mind, I wish I could disappear and I don’t know what to do",RISK_LOW
"In my mind, I cut myself yesterday I just feel so lost",RISK_HIGH
"In my mind, Everything is fine and I can’t talk to anyone about it",SAFE
"Recently, I feel so hopeless and want to end it all I just feel so lost",RISK_HIGH
"Honestly, Sometimes I think about hurting myself I just feel so lost",RISK_LOW
"Sometimes, I am depressed but trying to cope but I hope things get better",AMBIGUOUS
"Lately, I cut myself yesterday I just feel so lost",RISK_HIGH
"Honestly, Sometimes I think about hurting myself I just feel so lost",RISK_LOW
"To be honest, I am struggling a lot and feel lost",AMBIGUOUS
"To be honest, I cut myself yesterday and I can’t talk to anyone about it",RISK_HIGH
"Lately, Everything is fine I just feel so lost",SAFE
"Sometimes, Sometimes I think about hurting myself I just feel so lost",RISK_LOW
"Honestly, I cut myself yesterday",RISK_HIGH
"Recently, I plan to take pills tonight to sleep forever and I don’t know what to do",RISK_HIGH
I think I am depressed but trying to cope but I keep going,AMBIGUOUS
I think I plan to take pills tonight to sleep forever but I keep going,RISK_HIGH
"To be honest, I wish I could disappear",RISK_LOW
"To be honest, I cut myself yesterday but I’m trying to stay strong",RISK_HIGH
"In my mind, I wish I could disappear",RISK_LOW
"In my mind, I am depressed but trying to cope and I can’t talk to anyone about it",AMBIGUOUS
"Honestly, Everything is fine but I hope things get better",SAFE
"Lately, I am depressed but trying to cope and I can’t talk to anyone about it",AMBIGUOUS
"Honestly, Life is meaningless and I have no reason to go on but I keep going",RISK_HIGH
I think Sometimes I think about hurting myself,RISK_LOW
"Sometimes, I wish I could disappear and I don’t know what to do",RISK_LOW
"Honestly, Life is meaningless and I have no reason to go on and I don’t know what to do",RISK_HIGH
"Honestly, Everything is fine and I don’t know what to do",SAFE
"Lately, Everything is fine but I keep going",SAFE
"Lately, Sometimes I think about hurting myself I just feel so lost",RISK_LOW
I think Sometimes I think about hurting myself but I’m trying to stay strong,RISK_LOW
"To be honest, I am struggling a lot and feel lost",AMBIGUOUS
"Recently, I wish I could disappear I just feel so lost",RISK_LOW
I think I cut myself yesterday I just feel so lost,RISK_HIGH
"Lately, I plan to take pills tonight to sleep forever",RISK_HIGH
"Sometimes, I wish I could disappear but I keep going",RISK_LOW
I think I cut myself yesterday but I hope things get better,RISK_HIGH
"Lately, I plan to take pills tonight to sleep forever but I’m trying to stay strong",RISK_HIGH
"Honestly, Life is meaningless and I have no reason to go on I just feel so lost",RISK_HIGH
"Honestly, I wish I could disappear and I don’t know what to do",RISK_LOW
"Recently, Sometimes I think about hurting myself and I don’t know what to do",RISK_LOW
I think I feel so hopeless and want to end it all but I hope things get better,RISK_HIGH
"In my mind, I wish I could disappear",RISK_LOW
I think I wish I could disappear but I hope things get better,RISK_LOW
"Honestly, I plan to take pills tonight to sleep forever and I can’t talk to anyone about it",RISK_HIGH
"In my mind, I plan to take pills tonight to sleep forever but I keep going",RISK_HIGH
"In my mind, Sometimes I think about hurting myself but I hope things get better",RISK_LOW
"Sometimes, I am depressed but trying to cope but I’m trying to stay strong",AMBIGUOUS
"Sometimes, Everything is fine and I can’t talk to anyone about it",SAFE
"Lately, I cut myself yesterday and I don’t know what to do",RISK_HIGH
"In my mind, I am struggling a lot and feel lost I just feel so lost",AMBIGUOUS
I think Life is meaningless and I have no reason to go on but I hope things get better,RISK_HIGH
"Sometimes, Life is meaningless and I have no reason to go on but I hope things get better",RISK_HIGH
"In my mind, I plan to take pills tonight to sleep forever and I don’t know what to do",RISK_HIGH
"Lately, I wish I could disappear I just feel so lost",RISK_LOW
"Sometimes, I feel so hopeless and want to end it all but I keep going",RISK_HIGH
"To be honest, I cut myself yesterday but I’m trying to stay strong",RISK_HIGH
"Recently, Sometimes I think about hurting myself but I keep going",RISK_LOW
"Recently, I wish I could disappear I just feel so lost",RISK_LOW
"Sometimes, I cut myself yesterday and I don’t know what to do",RISK_HIGH
"Lately, Life is meaningless and I have no reason to go on but I keep going",RISK_HIGH
"Honestly, Life is meaningless and I have no reason to go on and I can’t talk to anyone about it",RISK_HIGH
"Recently, Sometimes I think about hurting myself and I can’t talk to anyone about it",RISK_LOW
"Sometimes, Everything is fine and I can’t talk to anyone about it",SAFE
"Sometimes, I am depressed but trying to cope but I keep going",AMBIGUOUS
"To be honest, I plan to take pills tonight to sleep forever but I hope things get better",RISK_HIGH
I think Life is meaningless and I have no reason to go on,RISK_HIGH
"Recently, I cut myself yesterday but I’m trying to stay strong",RISK_HIGH
"To be honest, I wish I could disappear and I can’t talk to anyone about it",RISK_LOW
"Recently, Everything is fine but I hope things get better",SAFE
"To be honest, I cut myself yesterday I just feel so lost",RISK_HIGH
"Honestly, I am doing well and happy but I hope things get better",SAFE
"Honestly, I cut myself yesterday but I’m trying to stay strong",RISK_HIGH
"Sometimes, I am struggling a lot and feel lost but I’m trying to stay strong",AMBIGUOUS
"To be honest, Life is meaningless and I have no reason to go on but I keep going",RISK_HIGH
I think I cut myself yesterday but I’m trying to stay strong,RISK_HIGH
"To be honest, I cut myself yesterday and I can’t talk to anyone about it",RISK_HIGH
"Lately, I feel so hopeless and want to end it all but I hope things get better",RISK_HIGH
"Lately, Life is meaningless and I have no reason to go on but I keep going",RISK_HIGH
I think Life is meaningless and I have no reason to go on but I’m trying to stay strong,RISK_HIGH
"To be honest, Sometimes I think about hurting myself and I can’t talk to anyone about it",RISK_LOW
"Honestly, Life is meaningless and I have no reason to go on and I don’t know what to do",RISK_HIGH
"Honestly, I am depressed but trying to cope but I hope things get better",AMBIGUOUS
"Honestly, I am struggling a lot and feel lost I just feel so lost",AMBIGUOUS
"To be honest, Life is meaningless and I have no reason to go on but I keep going",RISK_HIGH
"Sometimes, I am depressed but trying to cope and I can’t talk to anyone about it",AMBIGUOUS
"In my mind, I wish I could disappear",RISK_LOW
"Sometimes, Life is meaningless and I have no reason to go on but I hope things get better",RISK_HIGH
"Recently, I feel so hopeless and want to end it all I just feel so lost",RISK_HIGH
"Sometimes, I am doing well and happy but I keep going",SAFE
"Recently, Sometimes I think about hurting myself I just feel so lost",RISK_LOW
"In my mind, I feel so hopeless and want to end it all but I’m trying to stay strong",RISK_HIGH
"Lately, Life is meaningless and I have no reason to go on",RISK_HIGH
"Recently, I am doing well and happy but I’m trying to stay strong",SAFE
"Lately, I feel so hopeless and want to end it all I just feel so lost",RISK_HIGH
"To be honest, I plan to take pills tonight to sleep forever and I can’t talk to anyone about it",RISK_HIGH
"Sometimes, I feel so hopeless and want to end it all and I can’t talk to anyone about it",RISK_HIGH
"Lately, I cut myself yesterday I just feel so lost",RISK_HIGH
"Sometimes, Sometimes I think about hurting myself",RISK_LOW
"Recently, I am depressed but trying to cope but I hope things get better",AMBIGUOUS
"Recently, I feel so hopeless and want to end it all",RISK_HIGH
I think I am depressed but trying to cope but I keep going,AMBIGUOUS
"In my mind, Sometimes I think about hurting myself but I keep going",RISK_LOW
"To be honest, Sometimes I think about hurting myself I just feel so lost",RISK_LOW
"Recently, Everything is fine but I hope things get better",SAFE
"To be honest, I wish I could disappear but I’m trying to stay strong",RISK_LOW
"Lately, I cut myself yesterday and I can’t talk to anyone about it",RISK_HIGH
"Recently, Life is meaningless and I have no reason to go on",RISK_HIGH
"Recently, I am struggling a lot and feel lost and I don’t know what to do",AMBIGUOUS
"Honestly, I cut myself yesterday but I hope things get better",RISK_HIGH
"Lately, I wish I could disappear but I hope things get better",RISK_LOW
"In my mind, Life is meaningless and I have no reason to go on but I’m trying to stay strong",RISK_HIGH
I think I am struggling a lot and feel lost I just feel so lost,AMBIGUOUS
"In my mind, I wish I could disappear and I can’t talk to anyone about it",RISK_LOW
I think I cut myself yesterday but I’m trying to stay strong,RISK_HIGH
"To be honest, I feel so hopeless and want to end it all but I keep going",RISK_HIGH
"Sometimes, I am doing well and happy but I keep going",SAFE
"Recently, I wish I could disappear and I can’t talk to anyone about it",RISK_LOW
"In my mind, I cut myself yesterday and I don’t know what to do",RISK_HIGH
"Lately, I am depressed but trying to cope and I can’t talk to anyone about it",AMBIGUOUS
"To be honest, I am struggling a lot and feel lost",AMBIGUOUS
"Lately, I cut myself yesterday but I keep going",RISK_HIGH
"Sometimes, I plan to take pills tonight to sleep forever but I’m trying to stay strong",RISK_HIGH
"Lately, I cut myself yesterday",RISK_HIGH
"Lately, Everything is fine but I hope things get better",SAFE
"Lately, Everything is fine and I can’t talk to anyone about it",SAFE
"To be honest, I wish I could disappear and I don’t know what to do",RISK_LOW
I think I wish I could disappear and I don’t know what to do,RISK_LOW
"In my mind, I am doing well and happy but I keep going",SAFE
"Lately, I plan to take pills tonight to sleep forever but I hope things get better",RISK_HIGH
"Lately, I am struggling a lot and feel lost I just feel so lost",AMBIGUOUS
"Sometimes, I cut myself yesterday and I don’t know what to do",RISK_HIGH
"Lately, Everything is fine and I don’t know what to do",SAFE
"In my mind, I am struggling a lot and feel lost",AMBIGUOUS
"Lately, I feel so hopeless and want to end it all but I keep going",RISK_HIGH
"To be honest, I am struggling a lot and feel lost but I keep going",AMBIGUOUS
"Honestly, I am struggling a lot and feel lost but I keep going",AMBIGUOUS
"Lately, Everything is fine but I hope things get better",SAFE
"Honestly, Life is meaningless and I have no reason to go on and I can’t talk to anyone about it",RISK_HIGH
"In my mind, Life is meaningless and I have no reason to go on but I’m trying to stay strong",RISK_HIGH
"To be honest, I am struggling a lot and feel lost and I can’t talk to anyone about it",AMBIGUOUS
"To be honest, I am struggling a lot and feel lost I just feel so lost",AMBIGUOUS
"Sometimes, I am struggling a lot and feel lost and I can’t talk to anyone about it",AMBIGUOUS
"Sometimes, I am struggling a lot and feel lost but I keep going",AMBIGUOUS
"In my mind, I feel so hopeless and want to end it all I just feel so lost",RISK_HIGH
"Lately, Sometimes I think about hurting myself and I can’t talk to anyone about it",RISK_LOW
I think I wish I could disappear but I hope things get better,RISK_LOW
"Lately, Everything is fine but I hope things get better",SAFE
I think Sometimes I think about hurting myself and I can’t talk to anyone about it,RISK_LOW
"Recently, I feel so hopeless and want to end it all but I hope things get better",RISK_HIGH
"Lately, Sometimes I think about hurting myself but I’m trying to stay strong",RISK_LOW
I think I am doing well and happy but I’m trying to stay strong,SAFE
"To be honest, Life is meaningless and I have no reason to go on and I can’t talk to anyone about it",RISK_HIGH
I think Everything is fine but I hope things get better,SAFE
"To be honest, I am doing well and happy and I don’t know what to do",SAFE
"In my mind, I am struggling a lot and feel lost but I keep going",AMBIGUOUS
I think I wish I could disappear and I don’t know what to do,RISK_LOW
"To be honest, I plan to take pills tonight to sleep forever but I’m trying to stay strong",RISK_HIGH
"Sometimes, I am doing well and happy and I don’t know what to do",SAFE
"Lately, I wish I could disappear I just feel so lost",RISK_LOW
"To be honest, Life is meaningless and I have no reason to go on but I hope things get better",RISK_HIGH
"In my mind, Everything is fine",SAFE
"Lately, I cut myself yesterday",RISK_HIGH
"To be honest, I cut myself yesterday but I keep going",RISK_HIGH
"Sometimes, I wish I could disappear and I don’t know what to do",RISK_LOW
"Recently, I am struggling a lot and feel lost but I keep going",AMBIGUOUS
"Sometimes, Life is meaningless and I have no reason to go on and I can’t talk to anyone about it",RISK_HIGH
"Sometimes, I wish I could disappear",RISK_LOW
"To be honest, I plan to take pills tonight to sleep forever but I hope things get better",RISK_HIGH
"Sometimes, Everything is fine but I keep going",SAFE
"Honestly, Life is meaningless and I have no reason to go on and I can’t talk to anyone about it",RISK_HIGH
"To be honest, I cut myself yesterday but I hope things get better",RISK_HIGH
I think I plan to take pills tonight to sleep forever,RISK_HIGH
"In my mind, I am doing well and happy I just feel so lost",SAFE
"In my mind, I wish I could disappear I just feel so lost",RISK_LOW
"Honestly, Life is meaningless and I have no reason to go on and I don’t know what to do",RISK_HIGH
"Honestly, Everything is fine and I don’t know what to do",SAFE
"Lately, I am doing well and happy",SAFE
"Recently, I am struggling a lot and feel lost I just feel so lost",AMBIGUOUS
"Recently, I cut myself yesterday but I hope things get better",RISK_HIGH
I think Life is meaningless and I have no reason to go on,RISK_HIGH
"To be honest, Everything is fine and I don’t know what to do",SAFE
"Sometimes, I cut myself yesterday but I keep going",RISK_HIGH
"To be honest, I am struggling a lot and feel lost but I’m trying to stay strong",AMBIGUOUS
"Recently, Sometimes I think about hurting myself I just feel so lost",RISK_LOW
"In my mind, I am depressed but trying to cope",AMBIGUOUS
"To be honest, I am doing well and happy and I can’t talk to anyone about it",SAFE
"Recently, I plan to take pills tonight to sleep forever",RISK_HIGH
"Recently, I wish I could disappear",RISK_LOW
"Recently, I am depressed but trying to cope and I don’t know what to do",AMBIGUOUS
"To be honest, I wish I could disappear and I don’t know what to do",RISK_LOW
"In my mind, Life is meaningless and I have no reason to go on",RISK_HIGH
"In my mind, I plan to take pills tonight to sleep forever I just feel so lost",RISK_HIGH
"To be honest, I feel so hopeless and want to end it all but I hope things get better",RISK_HIGH
"Lately, Everything is fine and I can’t talk to anyone about it",SAFE
"In my mind, I am doing well and happy I just feel so lost",SAFE
"Sometimes, I cut myself yesterday and I don’t know what to do",RISK_HIGH
"To be honest, I am doing well and happy I just feel so lost",SAFE
"Recently, I feel so hopeless and want to end it all and I don’t know what to do",RISK_HIGH
"Honestly, Everything is fine but I hope things get better",SAFE
I think I am struggling a lot and feel lost I just feel so lost,AMBIGUOUS
I think I plan to take pills tonight to sleep forever,RISK_HIGH
"Honestly, I am doing well and happy but I hope things get better",SAFE
I think I plan to take pills tonight to sleep forever but I hope things get better,RISK_HIGH
"To be honest, I cut myself yesterday and I can’t talk to anyone about it",RISK_HIGH
"Recently, I plan to take pills tonight to sleep forever but I hope things get better",RISK_HIGH
I think I cut myself yesterday but I keep going,RISK_HIGH
"Recently, I plan to take pills tonight to sleep forever but I keep going",RISK_HIGH
"Recently, I plan to take pills tonight to sleep forever and I don’t know what to do",RISK_HIGH
"In my mind, I wish I could disappear but I hope things get better",RISK_LOW
"Honestly, I am depressed but trying to cope and I can’t talk to anyone about it",AMBIGUOUS
"Recently, Sometimes I think about hurting myself but I keep going",RISK_LOW
"Lately, I cut myself yesterday and I don’t know what to do",RISK_HIGH
"In my mind, I plan to take pills tonight to sleep forever and I don’t know what to do",RISK_HIGH
"Sometimes, I cut myself yesterday and I don’t know what to do",RISK_HIGH
"Sometimes, I plan to take pills tonight to sleep forever but I’m trying to stay strong",RISK_HIGH
"Sometimes, I plan to take pills tonight to sleep forever but I hope things get better",RISK_HIGH
"To be honest, I plan to take pills tonight to sleep forever but I keep going",RISK_HIGH
"Lately, I am doing well and happy and I don’t know what to do",SAFE
"Sometimes, I cut myself yesterday and I can’t talk to anyone about it",RISK_HIGH
"In my mind, Life is meaningless and I have no reason to go on and I can’t talk to anyone about it",RISK_HIGH
"Recently, I plan to take pills tonight to sleep forever I just feel so lost",RISK_HIGH
"Lately, I wish I could disappear",RISK_LOW
I think Life is meaningless and I have no reason to go on but I hope things get better,RISK_HIGH
"Sometimes, I am struggling a lot and feel lost but I hope things get better",AMBIGUOUS
I think I am doing well and happy but I hope things get better,SAFE
I think I wish I could disappear and I don’t know what to do,RISK_LOW
"To be honest, I am doing well and happy and I don’t know what to do",SAFE
"Lately, Sometimes I think about hurting myself but I keep going",RISK_LOW
"Honestly, I am depressed but trying to cope but I hope things get better",AMBIGUOUS
"Lately, I plan to take pills tonight to sleep forever but I hope things get better",RISK_HIGH
"In my mind, I am struggling a lot and feel lost and I don’t know what to do",AMBIGUOUS
"Sometimes, I am struggling a lot and feel lost but I’m trying to stay strong",AMBIGUOUS
"Honestly, Life is meaningless and I have no reason to go on and I can’t talk to anyone about it",RISK_HIGH
"Honestly, I feel so hopeless and want to end it all but I’m trying to stay strong",RISK_HIGH
"Recently, I plan to take pills tonight to sleep forever and I can’t talk to anyone about it",RISK_HIGH
I think I plan to take pills tonight to sleep forever,RISK_HIGH
"Honestly, I am depressed but trying to cope and I don’t know what to do",AMBIGUOUS
"Honestly, I am doing well and happy and I can’t talk to anyone about it",SAFE
"Recently, Sometimes I think about hurting myself but I’m trying to stay strong",RISK_LOW
"Honestly, Life is meaningless and I have no reason to go on",RISK_HIGH
"Honestly, I am depressed but trying to cope but I hope things get better",AMBIGUOUS
"In my mind, Life is meaningless and I have no reason to go on but I’m trying to stay strong",RISK_HIGH
"Lately, Everything is fine but I hope things get better",SAFE
I think Life is meaningless and I have no reason to go on but I’m trying to stay strong,RISK_HIGH
I think I am doing well and happy and I can’t talk to anyone about it,SAFE
"Sometimes, I cut myself yesterday but I’m trying to stay strong",RISK_HIGH
"To be honest, I am doing well and happy but I hope things get better",SAFE
"To be honest, I am struggling a lot and feel lost and I can’t talk to anyone about it",AMBIGUOUS
"Recently, I wish I could disappear but I’m trying to stay strong",RISK_LOW
"Recently, I am doing well and happy but I’m trying to stay strong",SAFE
I think I am struggling a lot and feel lost but I hope things get better,AMBIGUOUS
"Recently, I am depressed but trying to cope but I’m trying to stay strong",AMBIGUOUS
"Lately, I wish I could disappear but I hope things get better",RISK_LOW
"Lately, I plan to take pills tonight to sleep forever",RISK_HIGH
I think I feel so hopeless and want to end it all,RISK_HIGH
"Honestly, I feel so hopeless and want to end it all but I keep going",RISK_HIGH
"Recently, Life is meaningless and I have no reason to go on but I keep going",RISK_HIGH
"Sometimes, Sometimes I think about hurting myself but I’m trying to stay strong",RISK_LOW
"To be honest, I feel so hopeless and want to end it all but I keep going",RISK_HIGH
"To be honest, I am depressed but trying to cope but I hope things get better",AMBIGUOUS
I think I am doing well and happy I just feel so lost,SAFE
"Lately, I cut myself yesterday and I don’t know what to do",RISK_HIGH
I think I am struggling a lot and feel lost but I’m trying to stay strong,AMBIGUOUS
"Recently, I plan to take pills tonight to sleep forever but I hope things get better",RISK_HIGH
I think I feel so hopeless and want to end it all and I can’t talk to anyone about it,RISK_HIGH
"Honestly, I cut myself yesterday I just feel so lost",RISK_HIGH
"In my mind, Life is meaningless and I have no reason to go on and I can’t talk to anyone about it",RISK_HIGH
"Honestly, I wish I could disappear and I don’t know what to do",RISK_LOW
"To be honest, Everything is fine I just feel so lost",SAFE
"Sometimes, I plan to take pills tonight to sleep forever and I don’t know what to do",RISK_HIGH
"To be honest, I feel so hopeless and want to end it all I just feel so lost",RISK_HIGH
"To be honest, I am doing well and happy",SAFE
I think I cut myself yesterday but I hope things get better,RISK_HIGH
I think I plan to take pills tonight to sleep forever but I’m trying to stay strong,RISK_HIGH
"Recently, I wish I could disappear and I don’t know what to do",RISK_LOW
"Sometimes, Life is meaningless and I have no reason to go on but I keep going",RISK_HIGH
"Recently, Everything is fine but I’m trying to stay strong",SAFE
"Lately, I am depressed but trying to cope but I hope things get better",AMBIGUOUS
"Sometimes, I am struggling a lot and feel lost but I hope things get better",AMBIGUOUS
"Honestly, I cut myself yesterday but I keep going",RISK_HIGH
"To be honest, I am struggling a lot and feel lost but I’m trying to stay strong",AMBIGUOUS
"Lately, I am doing well and happy but I keep going",SAFE
I think I am struggling a lot and feel lost and I can’t talk to anyone about it,AMBIGUOUS
"To be honest, I am struggling a lot and feel lost and I don’t know what to do",AMBIGUOUS
I think Life is meaningless and I have no reason to go on I just feel so lost,RISK_HIGH
"Recently, I plan to take pills tonight to sleep forever and I don’t know what to do",RISK_HIGH
I think I am doing well and happy,SAFE
"Recently, Everything is fine and I don’t know what to do",SAFE
"Honestly, I feel so hopeless and want to end it all",RISK_HIGH
"In my mind, Sometimes I think about hurting myself and I don’t know what to do",RISK_LOW
"Lately, Sometimes I think about hurting myself",RISK_LOW
"Sometimes, I plan to take pills tonight to sleep forever",RISK_HIGH
"Sometimes, I am doing well and happy but I keep going",SAFE
"In my mind, I am struggling a lot and feel lost and I don’t know what to do",AMBIGUOUS
"Lately, I am struggling a lot and feel lost and I can’t talk to anyone about it",AMBIGUOUS
"Recently, Everything is fine but I hope things get better",SAFE
"Recently, Life is meaningless and I have no reason to go on but I keep going",RISK_HIGH
"In my mind, I wish I could disappear and I can’t talk to anyone about it",RISK_LOW
I think I plan to take pills tonight to sleep forever but I hope things get better,RISK_HIGH
"Lately, I feel so hopeless and want to end it all and I can’t talk to anyone about it",RISK_HIGH
"Sometimes, I plan to take pills tonight to sleep forever and I can’t talk to anyone about it",RISK_HIGH
"Sometimes, I am depressed but trying to cope I just feel so lost",AMBIGUOUS
I think Sometimes I think about hurting myself but I keep going,RISK_LOW
"Honestly, Life is meaningless and I have no reason to go on",RISK_HIGH
"Sometimes, Life is meaningless and I have no reason to go on and I can’t talk to anyone about it",RISK_HIGH
"Lately, I am depressed but trying to cope but I’m trying to stay strong",AMBIGUOUS
"Sometimes, Life is meaningless and I have no reason to go on I just feel so lost",RISK_HIGH
"Recently, I am depressed but trying to cope I just feel so lost",AMBIGUOUS
I think Sometimes I think about hurting myself and I can’t talk to anyone about it,RISK_LOW
"To be honest, Everything is fine",SAFE
I think Life is meaningless and I have no reason to go on but I hope things get better,RISK_HIGH
"Honestly, Life is meaningless and I have no reason to go on and I don’t know what to do",RISK_HIGH
"Honestly, I am depressed but trying to cope and I can’t talk to anyone about it",AMBIGUOUS
"To be honest, I wish I could disappear and I don’t know what to do",RISK_LOW
I think I am struggling a lot and feel lost but I keep going,AMBIGUOUS
I think I am doing well and happy I just feel so lost,SAFE
"Honestly, Everything is fine but I’m trying to stay strong",SAFE
"Recently, I am depressed but trying to cope but I keep going",AMBIGUOUS
"Lately, Life is meaningless and I have no reason to go on but I keep going",RISK_HIGH
"Recently, Sometimes I think about hurting myself but I hope things get better",RISK_LOW
"In my mind, I feel so hopeless and want to end it all but I keep going",RISK_HIGH
"Honestly, I plan to take pills tonight to sleep forever but I keep going",RISK_HIGH
"Lately, I wish I could disappear",RISK_LOW
"Lately, I am doing well and happy and I can’t talk to anyone about it",SAFE
"In my mind, Sometimes I think about hurting myself but I hope things get better",RISK_LOW
"Recently, I am doing well and happy I just feel so lost",SAFE
"To be honest, I am struggling a lot and feel lost and I don’t know what to do",AMBIGUOUS
"Lately, Sometimes I think about hurting myself but I hope things get better",RISK_LOW
"Recently, I cut myself yesterday but I’m trying to stay strong",RISK_HIGH
"Lately, I am doing well and happy I just feel so lost",SAFE
"Recently, Sometimes I think about hurting myself but I’m trying to stay strong",RISK_LOW
"Honestly, I cut myself yesterday but I hope things get better",RISK_HIGH
"To be honest, I feel so hopeless and want to end it all but I hope things get better",RISK_HIGH
"Sometimes, Life is meaningless and I have no reason to go on and I can’t talk to anyone about it",RISK_HIGH
"Lately, I wish I could disappear but I hope things get better",RISK_LOW
I think I feel so hopeless and want to end it all and I can’t talk to anyone about it,RISK_HIGH
I think I am depressed but trying to cope and I don’t know what to do,AMBIGUOUS
"Sometimes, Everything is fine but I hope things get better",SAFE
"Honestly, I feel so hopeless and want to end it all I just feel so lost",RISK_HIGH
"Honestly, Everything is fine but I keep going",SAFE
"In my mind, Life is meaningless and I have no reason to go on I just feel so lost",RISK_HIGH
"To be honest, I plan to take pills tonight to sleep forever and I can’t talk to anyone about it",RISK_HIGH
"Recently, I am doing well and happy but I hope things get better",SAFE
"In my mind, Life is meaningless and I have no reason to go on but I hope things get better",RISK_HIGH
"To be honest, I wish I could disappear but I keep going",RISK_LOW
I think Everything is fine I just feel so lost,SAFE
"Lately, I wish I could disappear",RISK_LOW
"Honestly, I am depressed but trying to cope but I hope things get better",AMBIGUOUS
"Sometimes, I cut myself yesterday and I can’t talk to anyone about it",RISK_HIGH
"Lately, I cut myself yesterday but I’m trying to stay strong",RISK_HIGH
"Honestly, I plan to take pills tonight to sleep forever and I don’t know what to do",RISK_HIGH
"To be honest, Sometimes I think about hurting myself and I don’t know what to do",RISK_LOW
"In my mind, I wish I could disappear but I hope things get better",RISK_LOW
"In my mind, Everything is fine I just feel so lost",SAFE
"To be honest, I am doing well and happy but I’m trying to stay strong",SAFE
"In my mind, Life is meaningless and I have no reason to go on I just feel so lost",RISK_HIGH
I think I feel so hopeless and want to end it all and I can’t talk to anyone about it,RISK_HIGH
"To be honest, I feel so hopeless and want to end it all but I hope things get better",RISK_HIGH
I think I feel so hopeless and want to end it all but I’m trying to stay strong,RISK_HIGH
"Lately, I wish I could disappear and I don’t know what to do",RISK_LOW
"In my mind, I plan to take pills tonight to sleep forever but I’m trying to stay strong",RISK_HIGH
"In my mind, I am depressed but trying to cope I just feel so lost",AMBIGUOUS
"Sometimes, Sometimes I think about hurting myself but I keep going",RISK_LOW
"Honestly, I plan to take pills tonight to sleep forever but I hope things get better",RISK_HIGH
"Honestly, I plan to take pills tonight to sleep forever but I hope things get better",RISK_HIGH
"Lately, Life is meaningless and I have no reason to go on I just feel so lost",RISK_HIGH
"Sometimes, I am depressed but trying to cope but I’m trying to stay strong",AMBIGUOUS
"Sometimes, Everything is fine I just feel so lost",SAFE
"To be honest, I plan to take pills tonight to sleep forever I just feel so lost",RISK_HIGH
"Lately, Sometimes I think about hurting myself and I can’t talk to anyone about it",RISK_LOW
I think I cut myself yesterday and I don’t know what to do,RISK_HIGH
"Honestly, Everything is fine I just feel so lost",SAFE
"In my mind, I am struggling a lot and feel lost and I don’t know what to do",AMBIGUOUS
"In my mind, I plan to take pills tonight to sleep forever and I can’t talk to anyone about it",RISK_HIGH
"Sometimes, I am doing well and happy but I hope things get better",SAFE
"To be honest, I am struggling a lot and feel lost but I keep going",AMBIGUOUS
"Recently, I am depressed but trying to cope and I can’t talk to anyone about it",AMBIGUOUS
"Lately, I cut myself yesterday",RISK_HIGH
"Honestly, I am depressed but trying to cope",AMBIGUOUS
"Honestly, I wish I could disappear",RISK_LOW
"Sometimes, Sometimes I think about hurting myself and I can’t talk to anyone about it",RISK_LOW
"Recently, I am struggling a lot and feel lost but I keep going",AMBIGUOUS
"Lately, I am doing well and happy and I don’t know what to do",SAFE
"Recently, Life is meaningless and I have no reason to go on but I keep going",RISK_HIGH
I think I plan to take pills tonight to sleep forever and I don’t know what to do,RISK_HIGH
"In my mind, I feel so hopeless and want to end it all but I keep going",RISK_HIGH
"Recently, Sometimes I think about hurting myself but I keep going",RISK_LOW
"Lately, I plan to take pills tonight to sleep forever and I can’t talk to anyone about it",RISK_HIGH
"Sometimes, I cut myself yesterday I just feel so lost",RISK_HIGH
"Recently, I am doing well and happy and I can’t talk to anyone about it",SAFE
"In my mind, I cut myself yesterday I just feel so lost",RISK_HIGH
"Lately, I am doing well and happy I just feel so lost",SAFE
"To be honest, Everything is fine but I keep going",SAFE
"Sometimes, Sometimes I think about hurting myself but I’m trying to stay strong",RISK_LOW
"Sometimes, I am doing well and happy but I keep going",SAFE
"Recently, I cut myself yesterday but I keep going",RISK_HIGH
"Sometimes, Sometimes I think about hurting myself and I don’t know what to do",RISK_LOW
"Honestly, I plan to take pills tonight to sleep forever",RISK_HIGH
"Sometimes, I am doing well and happy",SAFE
"In my mind, Life is meaningless and I have no reason to go on and I can’t talk to anyone about it",RISK_HIGH
"Honestly, Life is meaningless and I have no reason to go on but I keep going",RISK_HIGH
"In my mind, Everything is fine and I can’t talk to anyone about it",SAFE
"Sometimes, I feel so hopeless and want to end it all but I keep going",RISK_HIGH
"Recently, I wish I could disappear but I hope things get better",RISK_LOW
"In my mind, I am doing well and happy and I don’t know what to do",SAFE
"Recently, I am struggling a lot and feel lost but I keep going",AMBIGUOUS
"Honestly, I plan to take pills tonight to sleep forever I just feel so lost",RISK_HIGH
"In my mind, I cut myself yesterday but I’m trying to stay strong",RISK_HIGH
"To be honest, I plan to take pills tonight to sleep forever",RISK_HIGH
"Honestly, I cut myself yesterday but I’m trying to stay strong",RISK_HIGH
"Recently, I cut myself yesterday I just feel so lost",RISK_HIGH
I think I am doing well and happy and I can’t talk to anyone about it,SAFE
"Recently, I am doing well and happy",SAFE
"To be honest, Everything is fine",SAFE
I think I am depressed but trying to cope but I’m trying to stay strong,AMBIGUOUS
"Sometimes, I am depressed but trying to cope but I’m trying to stay strong",AMBIGUOUS
"Honestly, I am depressed but trying to cope but I hope things get better",AMBIGUOUS
"To be honest, Everything is fine but I hope things get better",SAFE
I think I plan to take pills tonight to sleep forever and I don’t know what to do,RISK_HIGH
I think I wish I could disappear but I’m trying to stay strong,RISK_LOW
I think Everything is fine and I don’t know what to do,SAFE
"To be honest, Sometimes I think about hurting myself and I don’t know what to do",RISK_LOW
"To be honest, I plan to take pills tonight to sleep forever but I hope things get better",RISK_HIGH
"Sometimes, Sometimes I think about hurting myself",RISK_LOW
"Recently, I am struggling a lot and feel lost I just feel so lost",AMBIGUOUS
"Lately, I am doing well and happy but I’m trying to stay strong",SAFE
"Recently, I feel so hopeless and want to end it all I just feel so lost",RISK_HIGH
I think I am struggling a lot and feel lost but I hope things get better,AMBIGUOUS
"Lately, I cut myself yesterday but I keep going",RISK_HIGH
"Lately, Life is meaningless and I have no reason to go on but I hope things get better",RISK_HIGH
"Honestly, I cut myself yesterday but I keep going",RISK_HIGH
I think Sometimes I think about hurting myself but I’m trying to stay strong,RISK_LOW
"To be honest, I am doing well and happy but I keep going",SAFE
"In my mind, Everything is fine and I can’t talk to anyone about it",SAFE
I think I plan to take pills tonight to sleep forever but I keep going,RISK_HIGH
"Lately, I am struggling a lot and feel lost and I don’t know what to do",AMBIGUOUS
"Lately, Sometimes I think about hurting myself but I’m trying to stay strong",RISK_LOW
"Honestly, Sometimes I think about hurting myself I just feel so lost",RISK_LOW
"Honestly, I feel so hopeless and want to end it all and I don’t know what to do",RISK_HIGH
"Lately, Life is meaningless and I have no reason to go on but I hope things get better",RISK_HIGH
I think I feel so hopeless and want to end it all but I hope things get better,RISK_HIGH
"Sometimes, I am depressed but trying to cope but I keep going",AMBIGUOUS
I think Life is meaningless and I have no reason to go on but I hope things get better,RISK_HIGH
"Honestly, I am struggling a lot and feel lost but I’m trying to stay strong",AMBIGUOUS
"To be honest, I wish I could disappear but I hope things get better",RISK_LOW
"In my mind, Everything is fine and I can’t talk to anyone about it",SAFE
"Sometimes, I plan to take pills tonight to sleep forever but I keep going",RISK_HIGH
I think I wish I could disappear,RISK_LOW
"Lately, I am struggling a lot and feel lost",AMBIGUOUS
"Lately, I feel so hopeless and want to end it all and I don’t know what to do",RISK_HIGH
"Recently, Everything is fine",SAFE
"In my mind, I cut myself yesterday and I don’t know what to do",RISK_HIGH
"Sometimes, Everything is fine and I don’t know what to do",SAFE
"Recently, I am depressed but trying to cope but I hope things get better",AMBIGUOUS
"Recently, I feel so hopeless and want to end it all but I keep going",RISK_HIGH
"To be honest, I plan to take pills tonight to sleep forever but I hope things get better",RISK_HIGH
"Honestly, I am depressed but trying to cope but I hope things get better",AMBIGUOUS
"Recently, I plan to take pills tonight to sleep forever and I can’t talk to anyone about it",RISK_HIGH
I think I am depressed but trying to cope but I’m trying to stay strong,AMBIGUOUS
"Sometimes, I am doing well and happy but I’m trying to stay strong",SAFE
I think I plan to take pills tonight to sleep forever but I hope things get better,RISK_HIGH
"Recently, I am depressed but trying to cope I just feel so lost",AMBIGUOUS
"Lately, I cut myself yesterday but I’m trying to stay strong",RISK_HIGH
"Recently, I feel so hopeless and want to end it all but I keep going",RISK_HIGH
"Honestly, I feel so hopeless and want to end it all and I can’t talk to anyone about it",RISK_HIGH
"To be honest, I am depressed but trying to cope but I’m trying to stay strong",AMBIGUOUS
I think I feel so hopeless and want to end it all but I keep going,RISK_HIGH
I think Everything is fine,SAFE
"Honestly, I cut myself yesterday and I don’t know what to do",RISK_HIGH
"Recently, Sometimes I think about hurting myself but I keep going",RISK_LOW
"Honestly, I wish I could disappear and I can’t talk to anyone about it",RISK_LOW
"Recently, I am struggling a lot and feel lost and I can’t talk to anyone about it",AMBIGUOUS
"Honestly, I wish I could disappear and I can’t talk to anyone about it",RISK_LOW
"To be honest, I feel so hopeless and want to end it all and I can’t talk to anyone about it",RISK_HIGH
"Recently, I feel so hopeless and want to end it all and I can’t talk to anyone about it",RISK_HIGH
"Lately, I feel so hopeless and want to end it all I just feel so lost",RISK_HIGH
"To be honest, I plan to take pills tonight to sleep forever but I keep going",RISK_HIGH
I think I feel so hopeless and want to end it all but I keep going,RISK_HIGH
"In my mind, Everything is fine and I can’t talk to anyone about it",SAFE
"Recently, I am doing well and happy I just feel so lost",SAFE
"Recently, I cut myself yesterday I just feel so lost",RISK_HIGH
"Sometimes, I am depressed but trying to cope and I can’t talk to anyone about it",AMBIGUOUS
"To be honest, Life is meaningless and I have no reason to go on and I can’t talk to anyone about it",RISK_HIGH
"Lately, I am depressed but trying to cope but I’m trying to stay strong",AMBIGUOUS
I think I am struggling a lot and feel lost and I don’t know what to do,AMBIGUOUS
"Honestly, Life is meaningless and I have no reason to go on and I don’t know what to do",RISK_HIGH
"Recently, I plan to take pills tonight to sleep forever I just feel so lost",RISK_HIGH
"Lately, I feel so hopeless and want to end it all",RISK_HIGH
"Honestly, I am doing well and happy but I’m trying to stay strong",SAFE
"Honestly, I feel so hopeless and want to end it all I just feel so lost",RISK_HIGH
I think Life is meaningless and I have no reason to go on but I keep going,RISK_HIGH
"Honestly, I wish I could disappear I just feel so lost",RISK_LOW
"In my mind, I am doing well and happy but I hope things get better",SAFE
"Recently, Life is meaningless and I have no reason to go on I just feel so lost",RISK_HIGH
"Honestly, I am struggling a lot and feel lost and I can’t talk to anyone about it",AMBIGUOUS
"Recently, I plan to take pills tonight to sleep forever I just feel so lost",RISK_HIGH
"Sometimes, I cut myself yesterday but I hope things get better",RISK_HIGH
"Recently, I am struggling a lot and feel lost but I keep going",AMBIGUOUS
I think I am depressed but trying to cope and I don’t know what to do,AMBIGUOUS
I think Everything is fine but I hope things get better,SAFE
"Lately, I am doing well and happy but I’m trying to stay strong",SAFE
"In my mind, I am doing well and happy I just feel so lost",SAFE
"Honestly, I am depressed but trying to cope but I hope things get better",AMBIGUOUS
I think I feel so hopeless and want to end it all and I don’t know what to do,RISK_HIGH
"Recently, Everything is fine and I can’t talk to anyone about it",SAFE
"Sometimes, I am depressed but trying to cope and I can’t talk to anyone about it",AMBIGUOUS
"Sometimes, I feel so hopeless and want to end it all but I keep going",RISK_HIGH
"Lately, I feel so hopeless and want to end it all and I can’t talk to anyone about it",RISK_HIGH
I think I plan to take pills tonight to sleep forever I just feel so lost,RISK_HIGH
"Recently, I plan to take pills tonight to sleep forever I just feel so lost",RISK_HIGH
"Sometimes, Life is meaningless and I have no reason to go on but I hope things get better",RISK_HIGH
"Honestly, I am doing well and happy but I’m trying to stay strong",SAFE
"Recently, Everything is fine but I’m trying to stay strong",SAFE
"Recently, Everything is fine but I hope things get better",SAFE
"Sometimes, Life is meaningless and I have no reason to go on",RISK_HIGH
"To be honest, I plan to take pills tonight to sleep forever and I can’t talk to anyone about it",RISK_HIGH
"Honestly, I plan to take pills tonight to sleep forever but I hope things get better",RISK_HIGH
"Lately, I feel so hopeless and want to end it all but I’m trying to stay strong",RISK_HIGH
"In my mind, I am depressed but trying to cope and I don’t know what to do",AMBIGUOUS
"In my mind, I cut myself yesterday",RISK_HIGH
"Recently, I feel so hopeless and want to end it all",RISK_HIGH
"Recently, I feel so hopeless and want to end it all but I hope things get better",RISK_HIGH
"Sometimes, Sometimes I think about hurting myself",RISK_LOW
"Honestly, I am doing well and happy and I can’t talk to anyone about it",SAFE
"In my mind, I feel so hopeless and want to end it all and I can’t talk to anyone about it",RISK_HIGH
"Honestly, I am depressed but trying to cope",AMBIGUOUS
"Lately, I feel so hopeless and want to end it all",RISK_HIGH
"Honestly, Life is meaningless and I have no reason to go on and I don’t know what to do",RISK_HIGH
"Sometimes, I am doing well and happy and I can’t talk to anyone about it",SAFE
"In my mind, I plan to take pills tonight to sleep forever but I hope things get better",RISK_HIGH
"In my mind, I am struggling a lot and feel lost and I can’t talk to anyone about it",AMBIGUOUS
"Sometimes, Everything is fine",SAFE
"Recently, I plan to take pills tonight to sleep forever but I’m trying to stay strong",RISK_HIGH
"To be honest, Sometimes I think about hurting myself but I keep going",RISK_LOW
"In my mind, I cut myself yesterday I just feel so lost",RISK_HIGH
"Sometimes, I plan to take pills tonight to sleep forever but I keep going",RISK_HIGH
I think I feel so hopeless and want to end it all,RISK_HIGH
"Honestly, Life is meaningless and I have no reason to go on",RISK_HIGH
"Recently, I am depressed but trying to cope and I don’t know what to do",AMBIGUOUS
"In my mind, Life is meaningless and I have no reason to go on but I’m trying to stay strong",RISK_HIGH
"Sometimes, I cut myself yesterday but I keep going",RISK_HIGH
"Lately, Everything is fine",SAFE
"To be honest, I am doing well and happy I just feel so lost",SAFE
"To be honest, I am depressed but trying to cope and I can’t talk to anyone about it",AMBIGUOUS
"In my mind, I am struggling a lot and feel lost I just feel so lost",AMBIGUOUS
"Recently, Sometimes I think about hurting myself but I’m trying to stay strong",RISK_LOW
"Lately, I am struggling a lot and feel lost I just feel so lost",AMBIGUOUS
"Sometimes, I am doing well and happy and I can’t talk to anyone about it",SAFE
"In my mind, I cut myself yesterday but I’m trying to stay strong",RISK_HIGH
I think I am doing well and happy but I hope things get better,SAFE
I think Everything is fine I just feel so lost,SAFE
"Recently, I am depressed but trying to cope and I don’t know what to do",AMBIGUOUS
"Sometimes, Everything is fine and I don’t know what to do",SAFE
"In my mind, I plan to take pills tonight to sleep forever I just feel so lost",RISK_HIGH
I think Sometimes I think about hurting myself and I don’t know what to do,RISK_LOW
"In my mind, Everything is fine but I’m trying to stay strong",SAFE
"Honestly, I am doing well and happy",SAFE
"Sometimes, I wish I could disappear but I keep going",RISK_LOW
"To be honest, I am doing well and happy but I’m trying to stay strong",SAFE
"Recently, Life is meaningless and I have no reason to go on but I keep going",RISK_HIGH
"In my mind, Everything is fine and I can’t talk to anyone about it",SAFE
"In my mind, I wish I could disappear I just feel so lost",RISK_LOW
"Lately, Sometimes I think about hurting myself I just feel so lost",RISK_LOW
"Lately, Everything is fine I just feel so lost",SAFE
"To be honest, I feel so hopeless and want to end it all I just feel so lost",RISK_HIGH
I think I am struggling a lot and feel lost I just feel so lost,AMBIGUOUS
"Sometimes, I feel so hopeless and want to end it all I just feel so lost",RISK_HIGH
"Honestly, I wish I could disappear I just feel so lost",RISK_LOW
"In my mind, Life is meaningless and I have no reason to go on but I hope things get better",RISK_HIGH
"Sometimes, I cut myself yesterday but I hope things get better",RISK_HIGH
"Lately, Sometimes I think about hurting myself",RISK_LOW
"Sometimes, I feel so hopeless and want to end it all and I can’t talk to anyone about it",RISK_HIGH
"Recently, I am struggling a lot and feel lost but I hope things get better",AMBIGUOUS
I think Sometimes I think about hurting myself but I keep going,RISK_LOW
"Sometimes, I am depressed but trying to cope and I can’t talk to anyone about it",AMBIGUOUS
"Honestly, I am struggling a lot and feel lost but I hope things get better",AMBIGUOUS
"Recently, I feel so hopeless and want to end it all but I’m trying to stay strong",RISK_HIGH
"Recently, Life is meaningless and I have no reason to go on",RISK_HIGH
"Sometimes, I am depressed but trying to cope and I don’t know what to do",AMBIGUOUS
"In my mind, I cut myself yesterday",RISK_HIGH
"To be honest, I feel so hopeless and want to end it all and I don’t know what to do",RISK_HIGH
"Honestly, I am doing well and happy and I can’t talk to anyone about it",SAFE
"Recently, I am struggling a lot and feel lost and I can’t talk to anyone about it",AMBIGUOUS
I think I wish I could disappear I just feel so lost,RISK_LOW
"Sometimes, I feel so hopeless and want to end it all and I can’t talk to anyone about it",RISK_HIGH
I think I am doing well and happy but I’m trying to stay strong,SAFE
"In my mind, Sometimes I think about hurting myself but I keep going",RISK_LOW
"Recently, Life is meaningless and I have no reason to go on and I can’t talk to anyone about it",RISK_HIGH
"To be honest, I wish I could disappear I just feel so lost",RISK_LOW
"Recently, Sometimes I think about hurting myself",RISK_LOW
"Recently, I cut myself yesterday but I hope things get better",RISK_HIGH
I think I am doing well and happy,SAFE
"To be honest, I feel so hopeless and want to end it all and I can’t talk to anyone about it",RISK_HIGH
"Sometimes, I am doing well and happy but I’m trying to stay strong",SAFE
"Sometimes, I wish I could disappear and I can’t talk to anyone about it",RISK_LOW
"Honestly, Sometimes I think about hurting myself but I’m trying to stay strong",RISK_LOW
"Honestly, Everything is fine but I keep going",SAFE
"Honestly, Everything is fine but I keep going",SAFE
"In my mind, I wish I could disappear",RISK_LOW
"Honestly, I cut myself yesterday I just feel so lost",RISK_HIGH
"Lately, I am doing well and happy and I don’t know what to do",SAFE
"Sometimes, I feel so hopeless and want to end it all and I don’t know what to do",RISK_HIGH
"In my mind, Life is meaningless and I have no reason to go on and I can’t talk to anyone about it",RISK_HIGH
"In my mind, I am depressed but trying to cope and I can’t talk to anyone about it",AMBIGUOUS
"In my mind, I plan to take pills tonight to sleep forever but I’m trying to stay strong",RISK_HIGH
"Honestly, I am doing well and happy",SAFE
"To be honest, Life is meaningless and I have no reason to go on but I hope things get better",RISK_HIGH
"Sometimes, Everything is fine",SAFE
"To be honest, I am depressed but trying to cope but I’m trying to stay strong",AMBIGUOUS
"In my mind, I am depressed but trying to cope but I keep going",AMBIGUOUS
"Lately, I am doing well and happy but I keep going",SAFE
"Recently, I wish I could disappear but I hope things get better",RISK_LOW
"Recently, Everything is fine but I keep going",SAFE
I think I wish I could disappear but I’m trying to stay strong,RISK_LOW
"Lately, Life is meaningless and I have no reason to go on I just feel so lost",RISK_HIGH
"To be honest, I am doing well and happy and I can’t talk to anyone about it",SAFE
I think Sometimes I think about hurting myself,RISK_LOW
"Recently, I feel so hopeless and want to end it all but I’m trying to stay strong",RISK_HIGH
"In my mind, I wish I could disappear I just feel so lost",RISK_LOW
"Lately, Life is meaningless and I have no reason to go on but I hope things get better",RISK_HIGH
"Lately, Sometimes I think about hurting myself and I don’t know what to do",RISK_LOW
"Lately, I am depressed but trying to cope",AMBIGUOUS
"Recently, I am depressed but trying to cope but I keep going",AMBIGUOUS
"Lately, I cut myself yesterday but I’m trying to stay strong",RISK_HIGH
"Sometimes, I am struggling a lot and feel lost but I’m trying to stay strong",AMBIGUOUS
"To be honest, I wish I could disappear but I hope things get better",RISK_LOW
I think I wish I could disappear but I keep going,RISK_LOW
"To be honest, I wish I could disappear but I hope things get better",RISK_LOW
"Recently, I wish I could disappear I just feel so lost",RISK_LOW
"Honestly, Sometimes I think about hurting myself I just feel so lost",RISK_LOW
"To be honest, Life is meaningless and I have no reason to go on",RISK_HIGH
"Honestly, I feel so hopeless and want to end it all but I’m trying to stay strong",RISK_HIGH
"Honestly, I cut myself yesterday and I don’t know what to do",RISK_HIGH
"To be honest, I feel so hopeless and want to end it all but I hope things get better",RISK_HIGH
I think I plan to take pills tonight to sleep forever but I keep going,RISK_HIGH
"To be honest, I plan to take pills tonight to sleep forever but I hope things get better",RISK_HIGH
"To be honest, I feel so hopeless and want to end it all",RISK_HIGH
"To be honest, Sometimes I think about hurting myself and I can’t talk to anyone about it",RISK_LOW
"Honestly, Sometimes I think about hurting myself I just feel so lost",RISK_LOW
"Recently, I plan to take pills tonight to sleep forever I just feel so lost",RISK_HIGH
"To be honest, I am struggling a lot and feel lost I just feel so lost",AMBIGUOUS
"Lately, I am depressed but trying to cope but I hope things get better",AMBIGUOUS
I think I feel so hopeless and want to end it all but I keep going,RISK_HIGH
I think I wish I could disappear,RISK_LOW
"Honestly, Sometimes I think about hurting myself but I hope things get better",RISK_LOW
I think I am depressed but trying to cope but I keep going,AMBIGUOUS
"Sometimes, Life is meaningless and I have no reason to go on I just feel so lost",RISK_HIGH
"To be honest, I cut myself yesterday and I don’t know what to do",RISK_HIGH
I think Everything is fine,SAFE
I think I plan to take pills tonight to sleep forever but I hope things get better,RISK_HIGH
"Recently, I am struggling a lot and feel lost but I’m trying to stay strong",AMBIGUOUS
I think I cut myself yesterday and I can’t talk to anyone about it,RISK_HIGH
"Recently, I wish I could disappear but I’m trying to stay strong",RISK_LOW
"Lately, Everything is fine and I can’t talk to anyone about it",SAFE
"Sometimes, I cut myself yesterday",RISK_HIGH
"Recently, I am doing well and happy",SAFE
"In my mind, I plan to take pills tonight to sleep forever",RISK_HIGH
"Sometimes, I wish I could disappear and I can’t talk to anyone about it",RISK_LOW
"In my mind, Everything is fine I just feel so lost",SAFE
"Sometimes, I am doing well and happy",SAFE
"Honestly, I wish I could disappear but I hope things get better",RISK_LOW
I think I feel so hopeless and want to end it all but I’m trying to stay strong,RISK_HIGH
I think I feel so hopeless and want to end it all but I hope things get better,RISK_HIGH
"Lately, I feel so hopeless and want to end it all",RISK_HIGH
"To be honest, I feel so hopeless and want to end it all I just feel so lost",RISK_HIGH
"Lately, Life is meaningless and I have no reason to go on I just feel so lost",RISK_HIGH
"Recently, I cut myself yesterday",RISK_HIGH
"Sometimes, Everything is fine and I can’t talk to anyone about it",SAFE
I think I plan to take pills tonight to sleep forever and I can’t talk to anyone about it,RISK_HIGH
"Recently, Sometimes I think about hurting myself but I keep going",RISK_LOW
"Recently, I am depressed but trying to cope but I keep going",AMBIGUOUS
"To be honest, I am struggling a lot and feel lost I just feel so lost",AMBIGUOUS
"Honestly, I am doing well and happy and I can’t talk to anyone about it",SAFE
"Honestly, Life is meaningless and I have no reason to go on and I don’t know what to do",RISK_HIGH
I think Life is meaningless and I have no reason to go on,RISK_HIGH
"Lately, I am doing well and happy and I don’t know what to do",SAFE
"Honestly, Everything is fine but I keep going",SAFE
"Lately, I am doing well and happy",SAFE
"To be honest, Everything is fine and I don’t know what to do",SAFE
"Lately, Life is meaningless and I have no reason to go on but I’m trying to stay strong",RISK_HIGH
"In my mind, I am doing well and happy but I keep going",SAFE
I think Everything is fine but I’m trying to stay strong,SAFE
"Recently, Life is meaningless and I have no reason to go on and I don’t know what to do",RISK_HIGH
"Recently, I am doing well and happy but I’m trying to stay strong",SAFE
"Honestly, I feel so hopeless and want to end it all",RISK_HIGH
"Recently, I plan to take pills tonight to sleep forever but I’m trying to stay strong",RISK_HIGH
"To be honest, I am doing well and happy I just feel so lost",SAFE
"Lately, I cut myself yesterday",RISK_HIGH
"Lately, I plan to take pills tonight to sleep forever but I’m trying to stay strong",RISK_HIGH
"Lately, Everything is fine but I hope things get better",SAFE
"Recently, I am struggling a lot and feel lost but I keep going",AMBIGUOUS
"Lately, I feel so hopeless and want to end it all but I keep going",RISK_HIGH
"In my mind, I wish I could disappear but I’m trying to stay strong",RISK_LOW
"In my mind, I feel so hopeless and want to end it all I just feel so lost",RISK_HIGH
"Recently, I am doing well and happy and I don’t know what to do",SAFE
"Lately, I cut myself yesterday and I don’t know what to do",RISK_HIGH
"In my mind, I am depressed but trying to cope but I keep going",AMBIGUOUS
"Honestly, I am doing well and happy and I can’t talk to anyone about it",SAFE
"To be honest, I am struggling a lot and feel lost but I keep going",AMBIGUOUS
"Honestly, I feel so hopeless and want to end it all but I keep going",RISK_HIGH
"Sometimes, I plan to take pills tonight to sleep forever and I don’t know what to do",RISK_HIGH
"In my mind, I am doing well and happy and I can’t talk to anyone about it",SAFE
"Lately, Everything is fine I just feel so lost",SAFE
"To be honest, I cut myself yesterday but I hope things get better",RISK_HIGH
"Lately, I am struggling a lot and feel lost",AMBIGUOUS
"To be honest, I am depressed but trying to cope and I can’t talk to anyone about it",AMBIGUOUS
I think I cut myself yesterday but I keep going,RISK_HIGH
"Lately, I am struggling a lot and feel lost",AMBIGUOUS
"Sometimes, I feel so hopeless and want to end it all",RISK_HIGH
"Recently, I am doing well and happy but I’m trying to stay strong",SAFE
"Lately, Sometimes I think about hurting myself and I don’t know what to do",RISK_LOW
"Lately, Everything is fine but I keep going",SAFE
I think Sometimes I think about hurting myself but I keep going,RISK_LOW
"Lately, I am doing well and happy and I can’t talk to anyone about it",SAFE
"In my mind, I feel so hopeless and want to end it all I just feel so lost",RISK_HIGH
"Recently, I am struggling a lot and feel lost but I keep going",AMBIGUOUS
"Recently, I feel so hopeless and want to end it all and I don’t know what to do",RISK_HIGH
"Recently, Sometimes I think about hurting myself and I can’t talk to anyone about it",RISK_LOW
"Sometimes, I am depressed but trying to cope and I don’t know what to do",AMBIGUOUS
"Sometimes, I am doing well and happy but I’m trying to stay strong",SAFE
"Recently, I am struggling a lot and feel lost but I hope things get better",AMBIGUOUS
"In my mind, Life is meaningless and I have no reason to go on and I don’t know what to do",RISK_HIGH
"Lately, Everything is fine and I don’t know what to do",SAFE
I think Everything is fine I just feel so lost,SAFE
"Sometimes, I wish I could disappear and I don’t know what to do",RISK_LOW
"Lately, I wish I could disappear but I keep going",RISK_LOW
"Sometimes, I cut myself yesterday and I don’t know what to do",RISK_HIGH
"Honestly, Everything is fine I just feel so lost",SAFE
"Honestly, I cut myself yesterday I just feel so lost",RISK_HIGH
"In my mind, Everything is fine and I don’t know what to do",SAFE
"Sometimes, I am struggling a lot and feel lost and I don’t know what to do",AMBIGUOUS
"Recently, I plan to take pills tonight to sleep forever and I don’t know what to do",RISK_HIGH
"To be honest, I am depressed but trying to cope and I can’t talk to anyone about it",AMBIGUOUS
"To be honest, Sometimes I think about hurting myself but I hope things get better",RISK_LOW
"Sometimes, I wish I could disappear but I hope things get better",RISK_LOW
"Lately, Everything is fine",SAFE
"In my mind, I cut myself yesterday",RISK_HIGH
"Honestly, I wish I could disappear but I keep going",RISK_LOW
"In my mind, Life is meaningless and I have no reason to go on and I can’t talk to anyone about it",RISK_HIGH
I think I am doing well and happy but I’m trying to stay strong,SAFE
"In my mind, Life is meaningless and I have no reason to go on but I hope things get better",RISK_HIGH
"Lately, I cut myself yesterday I just feel so lost",RISK_HIGH
"Honestly, Everything is fine but I hope things get better",SAFE
"Sometimes, Everything is fine but I hope things get better",SAFE
I think Everything is fine,SAFE
"To be honest, Life is meaningless and I have no reason to go on but I hope things get better",RISK_HIGH
"Recently, I am doing well and happy but I’m trying to stay strong",SAFE
"To be honest, I wish I could disappear",RISK_LOW
"To be honest, I wish I could disappear but I keep going",RISK_LOW
"In my mind, I cut myself yesterday and I can’t talk to anyone about it",RISK_HIGH
"Sometimes, I feel so hopeless and want to end it all",RISK_HIGH
"In my mind, I cut myself yesterday but I hope things get better",RISK_HIGH
I think I cut myself yesterday I just feel so lost,RISK_HIGH
"Lately, Life is meaningless and I have no reason to go on and I can’t talk to anyone about it",RISK_HIGH
"Sometimes, I am depressed but trying to cope but I keep going",AMBIGUOUS
"Lately, I am doing well and happy and I can’t talk to anyone about it",SAFE
"In my mind, I am struggling a lot and feel lost but I’m trying to stay strong",AMBIGUOUS
I think I plan to take pills tonight to sleep forever but I’m trying to stay strong,RISK_HIGH
"Lately, I feel so hopeless and want to end it all but I hope things get better",RISK_HIGH
"In my mind, I wish I could disappear and I don’t know what to do",RISK_LOW
"To be honest, I am struggling a lot and feel lost but I hope things get better",AMBIGUOUS
"Honestly, Sometimes I think about hurting myself",RISK_LOW
"In my mind, I plan to take pills tonight to sleep forever I just feel so lost",RISK_HIGH
"In my mind, I plan to take pills tonight to sleep forever",RISK_HIGH
"Recently, Sometimes I think about hurting myself and I don’t know what to do",RISK_LOW
"Honestly, I cut myself yesterday I just feel so lost",RISK_HIGH
"Lately, I am struggling a lot and feel lost but I hope things get better",AMBIGUOUS
"Recently, I feel so hopeless and want to end it all but I hope things get better",RISK_HIGH
"Lately, Sometimes I think about hurting myself",RISK_LOW
"Sometimes, I cut myself yesterday but I keep going",RISK_HIGH
"Lately, I am depressed but trying to cope",AMBIGUOUS
"Recently, I am depressed but trying to cope but I keep going",AMBIGUOUS
"Lately, I wish I could disappear but I keep going",RISK_LOW
I think Everything is fine and I can’t talk to anyone about it,SAFE
"In my mind, I feel so hopeless and want to end it all but I’m trying to stay strong",RISK_HIGH
"Sometimes, I am doing well and happy but I’m trying to stay strong",SAFE
"In my mind, I cut myself yesterday and I can’t talk to anyone about it",RISK_HIGH
"Sometimes, Sometimes I think about hurting myself and I can’t talk to anyone about it",RISK_LOW
"Honestly, I am doing well and happy and I don’t know what to do",SAFE
"Sometimes, I am struggling a lot and feel lost but I’m trying to stay strong",AMBIGUOUS
"Honestly, I am struggling a lot and feel lost but I keep going",AMBIGUOUS
"Sometimes, I am doing well and happy I just feel so lost",SAFE
"Honestly, I wish I could disappear",RISK_LOW
"Honestly, I plan to take pills tonight to sleep forever I just feel so lost",RISK_HIGH
"Honestly, Life is meaningless and I have no reason to go on but I hope things get better",RISK_HIGH
"Honestly, I cut myself yesterday but I’m trying to stay strong",RISK_HIGH
"Sometimes, I wish I could disappear but I keep going",RISK_LOW
"To be honest, I am struggling a lot and feel lost but I’m trying to stay strong",AMBIGUOUS
"In my mind, I am doing well and happy and I can’t talk to anyone about it",SAFE
I think I plan to take pills tonight to sleep forever I just feel so lost,RISK_HIGH
"Lately, I cut myself yesterday and I don’t know what to do",RISK_HIGH
"Honestly, I feel so hopeless and want to end it all and I don’t know what to do",RISK_HIGH
"Recently, I am struggling a lot and feel lost",AMBIGUOUS
I think I feel so hopeless and want to end it all and I don’t know what to do,RISK_HIGH
"Sometimes, I am depressed but trying to cope but I’m trying to stay strong",AMBIGUOUS
"To be honest, I am depressed but trying to cope but I keep going",AMBIGUOUS
"Recently, I feel so hopeless and want to end it all I just feel so lost",RISK_HIGH
"Lately, I feel so hopeless and want to end it all",RISK_HIGH
I think I plan to take pills tonight to sleep forever and I can’t talk to anyone about it,RISK_HIGH
"Sometimes, I wish I could disappear and I can’t talk to anyone about it",RISK_LOW
"Lately, I am struggling a lot and feel lost but I keep going",AMBIGUOUS
"In my mind, I wish I could disappear",RISK_LOW
"In my mind, I am doing well and happy but I’m trying to stay strong",SAFE
"To be honest, I am struggling a lot and feel lost I just feel so lost",AMBIGUOUS
"Sometimes, Everything is fine I just feel so lost",SAFE
"Recently, I plan to take pills tonight to sleep forever and I can’t talk to anyone about it",RISK_HIGH
"In my mind, Everything is fine but I hope things get better",SAFE
"In my mind, I am doing well and happy",SAFE
"Recently, Life is meaningless and I have no reason to go on and I can’t talk to anyone about it",RISK_HIGH
"In my mind, I wish I could disappear",RISK_LOW
"Sometimes, Life is meaningless and I have no reason to go on I just feel so lost",RISK_HIGH
"In my mind, I wish I could disappear and I don’t know what to do",RISK_LOW
"Recently, I wish I could disappear but I hope things get better",RISK_LOW
"Lately, I am depressed but trying to cope but I keep going",AMBIGUOUS
"Sometimes, Everything is fine and I don’t know what to do",SAFE
"Recently, I cut myself yesterday but I’m trying to stay strong",RISK_HIGH
"Sometimes, I cut myself yesterday but I’m trying to stay strong",RISK_HIGH
"Recently, Everything is fine but I keep going",SAFE
"Honestly, I am struggling a lot and feel lost I just feel so lost",AMBIGUOUS
"Sometimes, Everything is fine but I hope things get better",SAFE
"To be honest, I wish I could disappear but I hope things get better",RISK_LOW
"Sometimes, I am struggling a lot and feel lost but I keep going",AMBIGUOUS
"Sometimes, I plan to take pills tonight to sleep forever",RISK_HIGH
"Lately, I feel so hopeless and want to end it all and I can’t talk to anyone about it",RISK_HIGH
"To be honest, Everything is fine but I keep going",SAFE
I think I am struggling a lot and feel lost and I can’t talk to anyone about it,AMBIGUOUS
"Honestly, I plan to take pills tonight to sleep forever",RISK_HIGH
"Sometimes, I feel so hopeless and want to end it all and I can’t talk to anyone about it",RISK_HIGH
"Recently, I cut myself yesterday and I can’t talk to anyone about it",RISK_HIGH
"Lately, Everything is fine and I don’t know what to do",SAFE
"Honestly, I cut myself yesterday I just feel so lost",RISK_HIGH
I think I am doing well and happy but I keep going,SAFE
"Recently, I am depressed but trying to cope",AMBIGUOUS
"In my mind, Sometimes I think about hurting myself",RISK_LOW
"In my mind, I am struggling a lot and feel lost",AMBIGUOUS
I think I feel so hopeless and want to end it all,RISK_HIGH
"Sometimes, I am depressed but trying to cope and I can’t talk to anyone about it",AMBIGUOUS
"To be honest, I plan to take pills tonight to sleep forever but I keep going",RISK_HIGH
"Sometimes, I cut myself yesterday but I keep going",RISK_HIGH
"Sometimes, Life is meaningless and I have no reason to go on but I’m trying to stay strong",RISK_HIGH
"Recently, I am struggling a lot and feel lost but I’m trying to stay strong",AMBIGUOUS
I think Life is meaningless and I have no reason to go on I just feel so lost,RISK_HIGH
"Lately, Life is meaningless and I have no reason to go on but I keep going",RISK_HIGH
"Lately, I am doing well and happy but I hope things get better",SAFE
"Recently, Life is meaningless and I have no reason to go on",RISK_HIGH
"Lately, I am depressed but trying to cope but I hope things get better",AMBIGUOUS
I think Life is meaningless and I have no reason to go on and I can’t talk to anyone about it,RISK_HIGH
"Lately, I am depressed but trying to cope but I hope things get better",AMBIGUOUS
"To be honest, Sometimes I think about hurting myself I just feel so lost",RISK_LOW
"In my mind, Sometimes I think about hurting myself but I’m trying to stay strong",RISK_LOW
"Lately, I am doing well and happy and I can’t talk to anyone about it",SAFE
I think I am depressed but trying to cope but I hope things get better,AMBIGUOUS
"In my mind, Life is meaningless and I have no reason to go on but I’m trying to stay strong",RISK_HIGH
"Lately, I am struggling a lot and feel lost but I keep going",AMBIGUOUS
"In my mind, I am doing well and happy but I keep going",SAFE
"Recently, I am doing well and happy but I keep going",SAFE
"To be honest, I feel so hopeless and want to end it all",RISK_HIGH
"To be honest, I am struggling a lot and feel lost I just feel so lost",AMBIGUOUS
"Sometimes, I plan to take pills tonight to sleep forever",RISK_HIGH
"Sometimes, Life is meaningless and I have no reason to go on",RISK_HIGH
"Honestly, I feel so hopeless and want to end it all but I’m trying to stay strong",RISK_HIGH
"Lately, I cut myself yesterday but I’m trying to stay strong",RISK_HIGH
"Sometimes, I am doing well and happy and I don’t know what to do",SAFE
"Recently, I wish I could disappear but I keep going",RISK_LOW
I think I am depressed but trying to cope and I don’t know what to do,AMBIGUOUS
"Honestly, I am struggling a lot and feel lost but I hope things get better",AMBIGUOUS
"Lately, I am depressed but trying to cope I just feel so lost",AMBIGUOUS
"Honestly, I am struggling a lot and feel lost and I can’t talk to anyone about it",AMBIGUOUS
"Recently, I feel so hopeless and want to end it all I just feel so lost",RISK_HIGH
"Lately, I am depressed but trying to cope but I hope things get better",AMBIGUOUS
"Recently, Life is meaningless and I have no reason to go on and I don’t know what to do",RISK_HIGH
"Recently, I feel so hopeless and want to end it all",RISK_HIGH
"Honestly, Sometimes I think about hurting myself and I can’t talk to anyone about it",RISK_LOW
"Sometimes, I am struggling a lot and feel lost and I can’t talk to anyone about it",AMBIGUOUS
"Recently, I cut myself yesterday",RISK_HIGH
"In my mind, Sometimes I think about hurting myself I just feel so lost",RISK_LOW
"Sometimes, I am struggling a lot and feel lost but I hope things get better",AMBIGUOUS
"Sometimes, I am doing well and happy and I can’t talk to anyone about it",SAFE
"Honestly, I feel so hopeless and want to end it all and I can’t talk to anyone about it",RISK_HIGH
"Lately, I am depressed but trying to cope I just feel so lost",AMBIGUOUS
I think Sometimes I think about hurting myself but I’m trying to stay strong,RISK_LOW
"Honestly, I am depressed but trying to cope but I’m trying to stay strong",AMBIGUOUS
I think I feel so hopeless and want to end it all but I hope things get better,RISK_HIGH
"Sometimes, I am struggling a lot and feel lost",AMBIGUOUS
"Honestly, I am depressed but trying to cope I just feel so lost",AMBIGUOUS
"Recently, Life is meaningless and I have no reason to go on but I hope things get better",RISK_HIGH
"Honestly, I am depressed but trying to cope but I hope things get better",AMBIGUOUS
"Sometimes, I cut myself yesterday and I don’t know what to do",RISK_HIGH
"Sometimes, I feel so hopeless and want to end it all but I keep going",RISK_HIGH
"In my mind, I am doing well and happy",SAFE
I think I cut myself yesterday and I can’t talk to anyone about it,RISK_HIGH
"Honestly, Life is meaningless and I have no reason to go on but I hope things get better",RISK_HIGH
"Lately, I feel so hopeless and want to end it all I just feel so lost",RISK_HIGH
I think I am struggling a lot and feel lost but I keep going,AMBIGUOUS
"In my mind, I feel so hopeless and want to end it all but I’m trying to stay strong",RISK_HIGH
"In my mind, I wish I could disappear but I’m trying to stay strong",RISK_LOW
"Sometimes, I am doing well and happy but I hope things get better",SAFE
"Recently, I am struggling a lot and feel lost I just feel so lost",AMBIGUOUS
"Recently, I plan to take pills tonight to sleep forever",RISK_HIGH
"Lately, I am struggling a lot and feel lost and I don’t know what to do",AMBIGUOUS
I think Life is meaningless and I have no reason to go on but I’m trying to stay strong,RISK_HIGH
"Sometimes, I am struggling a lot and feel lost and I don’t know what to do",AMBIGUOUS
"Lately, Life is meaningless and I have no reason to go on",RISK_HIGH
"Lately, Life is meaningless and I have no reason to go on",RISK_HIGH
I think I am struggling a lot and feel lost,AMBIGUOUS
"In my mind, I am depressed but trying to cope I just feel so lost",AMBIGUOUS
I think I feel so hopeless and want to end it all but I hope things get better,RISK_HIGH
"To be honest, I feel so hopeless and want to end it all",RISK_HIGH
"In my mind, I plan to take pills tonight to sleep forever and I can’t talk to anyone about it",RISK_HIGH
I think I plan to take pills tonight to sleep forever,RISK_HIGH
"To be honest, Sometimes I think about hurting myself but I hope things get better",RISK_LOW
"In my mind, I am depressed but trying to cope but I hope things get better",AMBIGUOUS
"To be honest, Everything is fine but I’m trying to stay strong",SAFE
I think I am doing well and happy but I hope things get better,SAFE
I think I am doing well and happy but I’m trying to stay strong,SAFE
"Lately, Life is meaningless and I have no reason to go on I just feel so lost",RISK_HIGH
"In my mind, I cut myself yesterday and I don’t know what to do",RISK_HIGH
"Lately, I am struggling a lot and feel lost but I hope things get better",AMBIGUOUS
"Recently, I am struggling a lot and feel lost and I don’t know what to do",AMBIGUOUS
"Recently, Everything is fine and I don’t know what to do",SAFE
"Recently, I feel so hopeless and want to end it all I just feel so lost",RISK_HIGH
"Recently, I feel so hopeless and want to end it all",RISK_HIGH
I think I am depressed but trying to cope but I hope things get better,AMBIGUOUS
"Honestly, I am doing well and happy and I can’t talk to anyone about it",SAFE
"To be honest, I am struggling a lot and feel lost and I can’t talk to anyone about it",AMBIGUOUS
"In my mind, I cut myself yesterday but I hope things get better",RISK_HIGH
"To be honest, Everything is fine I just feel so lost",SAFE
"Honestly, I plan to take pills tonight to sleep forever but I hope things get better",RISK_HIGH
"Honestly, I am depressed but trying to cope and I don’t know what to do",AMBIGUOUS
"Honestly, I am struggling a lot and feel lost but I keep going",AMBIGUOUS
"Recently, I am depressed but trying to cope but I keep going",AMBIGUOUS
"Lately, I am doing well and happy and I don’t know what to do",SAFE
"To be honest, I plan to take pills tonight to sleep forever but I’m trying to stay strong",RISK_HIGH
I think Sometimes I think about hurting myself but I hope things get better,RISK_LOW
"Sometimes, I am struggling a lot and feel lost I just feel so lost",AMBIGUOUS
"To be honest, I plan to take pills tonight to sleep forever but I keep going",RISK_HIGH
"To be honest, I cut myself yesterday but I keep going",RISK_HIGH
"Recently, I am depressed but trying to cope but I’m trying to stay strong",AMBIGUOUS
I think I plan to take pills tonight to sleep forever,RISK_HIGH
I think Sometimes I think about hurting myself and I don’t know what to do,RISK_LOW
"Lately, I am depressed but trying to cope but I hope things get better",AMBIGUOUS
"Lately, I am struggling a lot and feel lost but I keep going",AMBIGUOUS
"Recently, Life is meaningless and I have no reason to go on but I’m trying to stay strong",RISK_HIGH
"Lately, I feel so hopeless and want to end it all but I keep going",RISK_HIGH
"Honestly, I cut myself yesterday but I’m trying to stay strong",RISK_HIGH
"In my mind, I am depressed but trying to cope but I’m trying to stay strong",AMBIGUOUS
"Sometimes, I am depressed but trying to cope",AMBIGUOUS
"In my mind, I am doing well and happy and I can’t talk to anyone about it",SAFE
"Honestly, I am doing well and happy I just feel so lost",SAFE
"Sometimes, I am depressed but trying to cope but I’m trying to stay strong",AMBIGUOUS
"Lately, I plan to take pills tonight to sleep forever but I hope things get better",RISK_HIGH
"Lately, Life is meaningless and I have no reason to go on but I hope things get better",RISK_HIGH
"Lately, Everything is fine but I keep going",SAFE
"Lately, Sometimes I think about hurting myself",RISK_LOW
"Honestly, Sometimes I think about hurting myself and I can’t talk to anyone about it",RISK_LOW
"Recently, I plan to take pills tonight to sleep forever but I hope things get better",RISK_HIGH
"Sometimes, I am struggling a lot and feel lost and I can’t talk to anyone about it",AMBIGUOUS
"Recently, I am depressed but trying to cope and I can’t talk to anyone about it",AMBIGUOUS
I think I feel so hopeless and want to end it all but I’m trying to stay strong,RISK_HIGH
"In my mind, Everything is fine but I’m trying to stay strong",SAFE
"Recently, I cut myself yesterday but I’m trying to stay strong",RISK_HIGH
"Honestly, Life is meaningless and I have no reason to go on but I keep going",RISK_HIGH
"Recently, I am depressed but trying to cope",AMBIGUOUS
"To be honest, Everything is fine but I’m trying to stay strong",SAFE
"Sometimes, I plan to take pills tonight to sleep forever",RISK_HIGH
"Recently, Life is meaningless and I have no reason to go on I just feel so lost",RISK_HIGH
I think Sometimes I think about hurting myself but I hope things get better,RISK_LOW
"In my mind, Sometimes I think about hurting myself and I can’t talk to anyone about it",RISK_LOW
"Recently, Life is meaningless and I have no reason to go on and I can’t talk to anyone about it",RISK_HIGH
"Honestly, I am depressed but trying to cope",AMBIGUOUS
"Lately, Life is meaningless and I have no reason to go on but I hope things get better",RISK_HIGH
"To be honest, Everything is fine but I’m trying to stay strong",SAFE
"Recently, I am doing well and happy but I’m trying to stay strong",SAFE
"Recently, Sometimes I think about hurting myself and I can’t talk to anyone about it",RISK_LOW
"Recently, Everything is fine but I keep going",SAFE
I think Everything is fine and I don’t know what to do,SAFE
"Honestly, I am doing well and happy but I’m trying to stay strong",SAFE
"In my mind, Everything is fine but I’m trying to stay strong",SAFE
"Honestly, I wish I could disappear and I can’t talk to anyone about it",RISK_LOW
"In my mind, I plan to take pills tonight to sleep forever",RISK_HIGH
"Sometimes, I feel so hopeless and want to end it all and I don’t know what to do",RISK_HIGH
"Honestly, Life is meaningless and I have no reason to go on but I’m trying to stay strong",RISK_HIGH
"In my mind, I cut myself yesterday but I’m trying to stay strong",RISK_HIGH
"In my mind, I wish I could disappear and I don’t know what to do",RISK_LOW
"To be honest, Everything is fine but I keep going",SAFE
"Lately, I am doing well and happy and I don’t know what to do",SAFE
I think I am depressed but trying to cope I just feel so lost,AMBIGUOUS
"Lately, I feel so hopeless and want to end it all I just feel so lost",RISK_HIGH
"Recently, I am doing well and happy but I’m trying to stay strong",SAFE
"Honestly, Sometimes I think about hurting myself and I don’t know what to do",RISK_LOW
"In my mind, Everything is fine but I hope things get better",SAFE
I think I am depressed but trying to cope I just feel so lost,AMBIGUOUS
"Recently, I cut myself yesterday I just feel so lost",RISK_HIGH
"Lately, Life is meaningless and I have no reason to go on and I can’t talk to anyone about it",RISK_HIGH
I think I am doing well and happy,SAFE
"Honestly, Sometimes I think about hurting myself and I can’t talk to anyone about it",RISK_LOW
"To be honest, I wish I could disappear I just feel so lost",RISK_LOW
"Recently, I am doing well and happy but I hope things get better",SAFE
"To be honest, I plan to take pills tonight to sleep forever and I don’t know what to do",RISK_HIGH
"Sometimes, I cut myself yesterday I just feel so lost",RISK_HIGH
I think I am struggling a lot and feel lost and I can’t talk to anyone about it,AMBIGUOUS
"To be honest, I am depressed but trying to cope but I’m trying to stay strong",AMBIGUOUS
I think Everything is fine and I can’t talk to anyone about it,SAFE
I think Life is meaningless and I have no reason to go on and I don’t know what to do,RISK_HIGH
"To be honest, I cut myself yesterday and I don’t know what to do",RISK_HIGH
"Honestly, I am struggling a lot and feel lost I just feel so lost",AMBIGUOUS
I think I wish I could disappear I just feel so lost,RISK_LOW
"In my mind, Everything is fine but I hope things get better",SAFE
"Recently, I am doing well and happy but I’m trying to stay strong",SAFE
"In my mind, Everything is fine but I keep going",SAFE
"Honestly, Everything is fine I just feel so lost",SAFE
"Sometimes, Sometimes I think about hurting myself",RISK_LOW
I think Sometimes I think about hurting myself but I hope things get better,RISK_LOW
"Sometimes, I am doing well and happy and I don’t know what to do",SAFE
"Honestly, I am depressed but trying to cope but I hope things get better",AMBIGUOUS
"Sometimes, I feel so hopeless and want to end it all and I can’t talk to anyone about it",RISK_HIGH
"To be honest, I am depressed but trying to cope but I’m trying to stay strong",AMBIGUOUS
"Recently, I feel so hopeless and want to end it all",RISK_HIGH
I think I am depressed but trying to cope but I’m trying to stay strong,AMBIGUOUS
"Honestly, I cut myself yesterday but I’m trying to stay strong",RISK_HIGH
"Lately, Sometimes I think about hurting myself",RISK_LOW
I think Sometimes I think about hurting myself and I don’t know what to do,RISK_LOW
"To be honest, I cut myself yesterday but I keep going",RISK_HIGH
"Lately, I plan to take pills tonight to sleep forever but I’m trying to stay strong",RISK_HIGH
I think I am depressed but trying to cope but I hope things get better,AMBIGUOUS
"To be honest, Sometimes I think about hurting myself and I don’t know what to do",RISK_LOW
"In my mind, Sometimes I think about hurting myself but I’m trying to stay strong",RISK_LOW
"In my mind, Sometimes I think about hurting myself and I can’t talk to anyone about it",RISK_LOW
I think I am struggling a lot and feel lost I just feel so lost,AMBIGUOUS
"To be honest, Sometimes I think about hurting myself",RISK_LOW
"Recently, I feel so hopeless and want to end it all and I don’t know what to do",RISK_HIGH
"Sometimes, Life is meaningless and I have no reason to go on but I keep going",RISK_HIGH
"In my mind, I cut myself yesterday but I’m trying to stay strong",RISK_HIGH
I think I am struggling a lot and feel lost and I don’t know what to do,AMBIGUOUS
"In my mind, Sometimes I think about hurting myself but I keep going",RISK_LOW
"To be honest, I plan to take pills tonight to sleep forever and I don’t know what to do",RISK_HIGH
"Recently, I wish I could disappear but I keep going",RISK_LOW
"To be honest, I plan to take pills tonight to sleep forever I just feel so lost",RISK_HIGH
"To be honest, Life is meaningless and I have no reason to go on and I don’t know what to do",RISK_HIGH
"Sometimes, I am doing well and happy and I don’t know what to do",SAFE
"Lately, I wish I could disappear but I’m trying to stay strong",RISK_LOW
"Recently, I wish I could disappear but I keep going",RISK_LOW
"Lately, I wish I could disappear",RISK_LOW
"In my mind, I cut myself yesterday and I don’t know what to do",RISK_HIGH
I think I cut myself yesterday and I don’t know what to do,RISK_HIGH
"In my mind, Life is meaningless and I have no reason to go on",RISK_HIGH
"Lately, Life is meaningless and I have no reason to go on and I don’t know what to do",RISK_HIGH
"Recently, Everything is fine but I’m trying to stay strong",SAFE
"Recently, I plan to take pills tonight to sleep forever but I hope things get better",RISK_HIGH
I think I am doing well and happy and I can’t talk to anyone about it,SAFE
"Honestly, I cut myself yesterday but I’m trying to stay strong",RISK_HIGH
"To be honest, Everything is fine but I keep going",SAFE
"Honestly, Life is meaningless and I have no reason to go on but I’m trying to stay strong",RISK_HIGH
"Honestly, I am depressed but trying to cope and I don’t know what to do",AMBIGUOUS
"To be honest, I am depressed but trying to cope but I’m trying to stay strong",AMBIGUOUS
"Recently, Sometimes I think about hurting myself I just feel so lost",RISK_LOW
I think I am doing well and happy,SAFE
"Lately, I feel so hopeless and want to end it all but I hope things get better",RISK_HIGH
"In my mind, I wish I could disappear and I don’t know what to do",RISK_LOW
"Lately, Everything is fine I just feel so lost",SAFE
"Recently, I am depressed but trying to cope but I keep going",AMBIGUOUS
I think I feel so hopeless and want to end it all,RISK_HIGH
"To be honest, I feel so hopeless and want to end it all and I don’t know what to do",RISK_HIGH
"Honestly, I feel so hopeless and want to end it all but I hope things get better",RISK_HIGH
I think I wish I could disappear I just feel so lost,RISK_LOW
"Recently, Life is meaningless and I have no reason to go on but I’m trying to stay strong",RISK_HIGH
"Recently, I am depressed but trying to cope but I’m trying to stay strong",AMBIGUOUS
"Honestly, I wish I could disappear",RISK_LOW
"Sometimes, I am struggling a lot and feel lost and I don’t know what to do",AMBIGUOUS
"Lately, I wish I could disappear but I keep going",RISK_LOW
"Sometimes, I wish I could disappear but I’m trying to stay strong",RISK_LOW
"Recently, I am depressed but trying to cope but I’m trying to stay strong",AMBIGUOUS
"Sometimes, I am struggling a lot and feel lost but I keep going",AMBIGUOUS
"Sometimes, I cut myself yesterday but I keep going",RISK_HIGH
"Lately, I wish I could disappear I just feel so lost",RISK_LOW
"Recently, I cut myself yesterday but I’m trying to stay strong",RISK_HIGH
"To be honest, I cut myself yesterday I just feel so lost",RISK_HIGH
I think I wish I could disappear,RISK_LOW
"Lately, I plan to take pills tonight to sleep forever but I hope things get better",RISK_HIGH
I think I am struggling a lot and feel lost but I hope things get better,AMBIGUOUS
"To be honest, I am struggling a lot and feel lost but I’m trying to stay strong",AMBIGUOUS
"Sometimes, I wish I could disappear but I keep going",RISK_LOW
"To be honest, Everything is fine",SAFE
"In my mind, Everything is fine I just feel so lost",SAFE
I think I am doing well and happy but I’m trying to stay strong,SAFE
I think I cut myself yesterday,RISK_HIGH
"Recently, I cut myself yesterday and I can’t talk to anyone about it",RISK_HIGH
"Recently, Sometimes I think about hurting myself but I’m trying to stay strong",RISK_LOW
"Sometimes, I am doing well and happy but I keep going",SAFE
"Honestly, I plan to take pills tonight to sleep forever but I hope things get better",RISK_HIGH
"Sometimes, Everything is fine but I keep going",SAFE
"To be honest, I cut myself yesterday but I hope things get better",RISK_HIGH
"Honestly, I wish I could disappear I just feel so lost",RISK_LOW
"In my mind, Sometimes I think about hurting myself and I can’t talk to anyone about it",RISK_LOW
"Lately, I wish I could disappear but I keep going",RISK_LOW
"To be honest, I am struggling a lot and feel lost but I’m trying to stay strong",AMBIGUOUS
"Lately, I am doing well and happy but I’m trying to stay strong",SAFE
I think Sometimes I think about hurting myself and I don’t know what to do,RISK_LOW
"To be honest, I wish I could disappear but I hope things get better",RISK_LOW
"Lately, Sometimes I think about hurting myself",RISK_LOW
"Lately, Sometimes I think about hurting myself and I can’t talk to anyone about it",RISK_LOW
"Recently, I am struggling a lot and feel lost and I don’t know what to do",AMBIGUOUS
I think I am struggling a lot and feel lost I just feel so lost,AMBIGUOUS
"Lately, Everything is fine but I hope things get better",SAFE
I think Sometimes I think about hurting myself,RISK_LOW
"Sometimes, I am depressed but trying to cope and I don’t know what to do",AMBIGUOUS
"Honestly, I am struggling a lot and feel lost and I can’t talk to anyone about it",AMBIGUOUS
"Lately, I cut myself yesterday but I’m trying to stay strong",RISK_HIGH
"Honestly, I feel so hopeless and want to end it all but I’m trying to stay strong",RISK_HIGH
"Lately, I plan to take pills tonight to sleep forever but I’m trying to stay strong",RISK_HIGH
"In my mind, Sometimes I think about hurting myself but I hope things get better",RISK_LOW
"Lately, Life is meaningless and I have no reason to go on I just feel so lost",RISK_HIGH
"Recently, I am depressed but trying to cope and I can’t talk to anyone about it",AMBIGUOUS
"Recently, Sometimes I think about hurting myself",RISK_LOW
"Recently, I cut myself yesterday and I don’t know what to do",RISK_HIGH
"To be honest, I feel so hopeless and want to end it all and I can’t talk to anyone about it",RISK_HIGH
"Recently, I plan to take pills tonight to sleep forever but I hope things get better",RISK_HIGH
"In my mind, I plan to take pills tonight to sleep forever but I keep going",RISK_HIGH
"To be honest, I feel so hopeless and want to end it all but I keep going",RISK_HIGH
"Recently, Everything is fine but I keep going",SAFE
"Sometimes, I am doing well and happy and I can’t talk to anyone about it",SAFE
"Lately, I am struggling a lot and feel lost and I can’t talk to anyone about it",AMBIGUOUS
"Sometimes, I am struggling a lot and feel lost",AMBIGUOUS
"To be honest, I cut myself yesterday but I keep going",RISK_HIGH
"To be honest, Life is meaningless and I have no reason to go on",RISK_HIGH
"Honestly, I am doing well and happy and I can’t talk to anyone about it",SAFE
I think I feel so hopeless and want to end it all but I’m trying to stay strong,RISK_HIGH
"Honestly, Everything is fine I just feel so lost",SAFE
"To be honest, I am struggling a lot and feel lost and I can’t talk to anyone about it",AMBIGUOUS
"To be honest, I am doing well and happy",SAFE
I think I feel so hopeless and want to end it all but I hope things get better,RISK_HIGH
"Recently, Sometimes I think about hurting myself I just feel so lost",RISK_LOW
"In my mind, I am doing well and happy but I’m trying to stay strong",SAFE
"In my mind, I am struggling a lot and feel lost I just feel so lost",AMBIGUOUS
"In my mind, Life is meaningless and I have no reason to go on but I’m trying to stay strong",RISK_HIGH
"In my mind, I am doing well and happy and I can’t talk to anyone about it",SAFE
"In my mind, I feel so hopeless and want to end it all but I keep going",RISK_HIGH
I think Everything is fine and I don’t know what to do,SAFE
I think I wish I could disappear but I hope things get better,RISK_LOW
"Lately, Everything is fine and I can’t talk to anyone about it",SAFE
"Honestly, I am struggling a lot and feel lost but I keep going",AMBIGUOUS
"Honestly, I am doing well and happy and I don’t know what to do",SAFE
"In my mind, Sometimes I think about hurting myself and I don’t know what to do",RISK_LOW
"Sometimes, I am struggling a lot and feel lost",AMBIGUOUS
I think I am depressed but trying to cope but I’m trying to stay strong,AMBIGUOUS
"In my mind, I am depressed but trying to cope and I can’t talk to anyone about it",AMBIGUOUS
I think I wish I could disappear but I hope things get better,RISK_LOW
"Sometimes, I cut myself yesterday but I hope things get better",RISK_HIGH
"Sometimes, I plan to take pills tonight to sleep forever I just feel so lost",RISK_HIGH
"In my mind, I cut myself yesterday I just feel so lost",RISK_HIGH
"To be honest, I cut myself yesterday but I keep going",RISK_HIGH
"Honestly, I feel so hopeless and want to end it all but I keep going",RISK_HIGH
"To be honest, I plan to take pills tonight to sleep forever but I’m trying to stay strong",RISK_HIGH
"Recently, I am depressed but trying to cope but I keep going",AMBIGUOUS
I think I plan to take pills tonight to sleep forever and I don’t know what to do,RISK_HIGH
"To be honest, Everything is fine and I don’t know what to do",SAFE
"Lately, Sometimes I think about hurting myself but I hope things get better",RISK_LOW
I think I am depressed but trying to cope I just feel so lost,AMBIGUOUS
"In my mind, Sometimes I think about hurting myself and I don’t know what to do",RISK_LOW
"Sometimes, Everything is fine but I hope things get better",SAFE
"To be honest, I feel so hopeless and want to end it all and I can’t talk to anyone about it",RISK_HIGH
"To be honest, I am doing well and happy but I’m trying to stay strong",SAFE
"In my mind, I am doing well and happy I just feel so lost",SAFE
"To be honest, I am depressed but trying to cope",AMBIGUOUS
"Honestly, Life is meaningless and I have no reason to go on and I don’t know what to do",RISK_HIGH
"To be honest, I feel so hopeless and want to end it all but I hope things get better",RISK_HIGH
"Honestly, I am doing well and happy and I can’t talk to anyone about it",SAFE
"Recently, I cut myself yesterday I just feel so lost",RISK_HIGH
"In my mind, I wish I could disappear and I can’t talk to anyone about it",RISK_LOW
"In my mind, I cut myself yesterday and I can’t talk to anyone about it",RISK_HIGH
"Lately, I plan to take pills tonight to sleep forever and I don’t know what to do",RISK_HIGH
"Lately, Sometimes I think about hurting myself and I can’t talk to anyone about it",RISK_LOW
"In my mind, I am depressed but trying to cope but I’m trying to stay strong",AMBIGUOUS
"In my mind, Life is meaningless and I have no reason to go on",RISK_HIGH
"Sometimes, Everything is fine but I keep going",SAFE
"In my mind, I wish I could disappear but I hope things get better",RISK_LOW
"Recently, Sometimes I think about hurting myself but I’m trying to stay strong",RISK_LOW
"Lately, Sometimes I think about hurting myself and I can’t talk to anyone about it",RISK_LOW
"Honestly, Life is meaningless and I have no reason to go on but I keep going",RISK_HIGH
"Honestly, I am struggling a lot and feel lost but I keep going",AMBIGUOUS
I think I am struggling a lot and feel lost but I’m trying to stay strong,AMBIGUOUS
"Recently, I wish I could disappear I just feel so lost",RISK_LOW
I think I cut myself yesterday I just feel so lost,RISK_HIGH
"Lately, I am doing well and happy but I keep going",SAFE
"Sometimes, I am doing well and happy I just feel so lost",SAFE
I think Everything is fine and I can’t talk to anyone about it,SAFE
"In my mind, Life is meaningless and I have no reason to go on but I keep going",RISK_HIGH
"Recently, I cut myself yesterday but I keep going",RISK_HIGH
"Honestly, Everything is fine but I’m trying to stay strong",SAFE
"Lately, I cut myself yesterday and I can’t talk to anyone about it",RISK_HIGH
"Recently, I cut myself yesterday",RISK_HIGH
"Sometimes, Sometimes I think about hurting myself but I’m trying to stay strong",RISK_LOW
"Honestly, Everything is fine and I don’t know what to do",SAFE
"Lately, I feel so hopeless and want to end it all but I hope things get better",RISK_HIGH
"Lately, Life is meaningless and I have no reason to go on and I can’t talk to anyone about it",RISK_HIGH
"Honestly, Everything is fine but I hope things get better",SAFE
"In my mind, Sometimes I think about hurting myself",RISK_LOW
"Sometimes, I plan to take pills tonight to sleep forever but I hope things get better",RISK_HIGH
"To be honest, Everything is fine I just feel so lost",SAFE
"To be honest, I plan to take pills tonight to sleep forever but I hope things get better",RISK_HIGH
I think I plan to take pills tonight to sleep forever but I keep going,RISK_HIGH
"Recently, Life is meaningless and I have no reason to go on but I’m trying to stay strong",RISK_HIGH
"Recently, I am struggling a lot and feel lost",AMBIGUOUS
"In my mind, I cut myself yesterday",RISK_HIGH
"Lately, I cut myself yesterday and I can’t talk to anyone about it",RISK_HIGH
"To be honest, I am doing well and happy and I can’t talk to anyone about it",SAFE
I think I am depressed but trying to cope but I’m trying to stay strong,AMBIGUOUS
"To be honest, I am doing well and happy but I keep going",SAFE
"Recently, I plan to take pills tonight to sleep forever and I don’t know what to do",RISK_HIGH
I think I cut myself yesterday and I can’t talk to anyone about it,RISK_HIGH
"Recently, Life is meaningless and I have no reason to go on but I keep going",RISK_HIGH
"To be honest, I feel so hopeless and want to end it all I just feel so lost",RISK_HIGH
"Sometimes, I am doing well and happy and I can’t talk to anyone about it",SAFE
I think I feel so hopeless and want to end it all but I’m trying to stay strong,RISK_HIGH
"In my mind, I feel so hopeless and want to end it all but I’m trying to stay strong",RISK_HIGH
I think I cut myself yesterday but I keep going,RISK_HIGH
"Honestly, Sometimes I think about hurting myself but I’m trying to stay strong",RISK_LOW
"Recently, Life is meaningless and I have no reason to go on and I can’t talk to anyone about it",RISK_HIGH
I think I am struggling a lot and feel lost and I don’t know what to do,AMBIGUOUS
I think I feel so hopeless and want to end it all and I can’t talk to anyone about it,RISK_HIGH
"Honestly, Life is meaningless and I have no reason to go on",RISK_HIGH
"Lately, Life is meaningless and I have no reason to go on and I don’t know what to do",RISK_HIGH
"Recently, I cut myself yesterday but I’m trying to stay strong",RISK_HIGH
I think I am depressed but trying to cope,AMBIGUOUS
"Honestly, I plan to take pills tonight to sleep forever and I don’t know what to do",RISK_HIGH
"Recently, Everything is fine but I keep going",SAFE
"In my mind, I am depressed but trying to cope but I hope things get better",AMBIGUOUS
"To be honest, I wish I could disappear",RISK_LOW
"Recently, I cut myself yesterday and I don’t know what to do",RISK_HIGH
"In my mind, I plan to take pills tonight to sleep forever but I keep going",RISK_HIGH
"Recently, I plan to take pills tonight to sleep forever but I keep going",RISK_HIGH
"In my mind, Sometimes I think about hurting myself but I hope things get better",RISK_LOW
"Honestly, I cut myself yesterday but I keep going",RISK_HIGH
"Honestly, I wish I could disappear but I hope things get better",RISK_LOW
"Honestly, Life is meaningless and I have no reason to go on",RISK_HIGH
"Recently, I wish I could disappear and I don’t know what to do",RISK_LOW
"To be honest, Everything is fine and I don’t know what to do",SAFE
"Lately, I wish I could disappear but I keep going",RISK_LOW
"In my mind, I wish I could disappear",RISK_LOW
I think Sometimes I think about hurting myself but I keep going,RISK_LOW
"Sometimes, Life is meaningless and I have no reason to go on and I can’t talk to anyone about it",RISK_HIGH
"Honestly, Everything is fine I just feel so lost",SAFE
"Lately, I am doing well and happy but I’m trying to stay strong",SAFE
"In my mind, Life is meaningless and I have no reason to go on and I can’t talk to anyone about it",RISK_HIGH
"Lately, I cut myself yesterday",RISK_HIGH
"Sometimes, I wish I could disappear and I can’t talk to anyone about it",RISK_LOW
"Honestly, I am doing well and happy but I keep going",SAFE
"Recently, I plan to take pills tonight to sleep forever but I keep going",RISK_HIGH
"Honestly, I am struggling a lot and feel lost but I’m trying to stay strong",AMBIGUOUS
"Honestly, I am struggling a lot and feel lost and I can’t talk to anyone about it",AMBIGUOUS
"Recently, Sometimes I think about hurting myself but I hope things get better",RISK_LOW
"Sometimes, I cut myself yesterday I just feel so lost",RISK_HIGH
I think I am depressed but trying to cope but I hope things get better,AMBIGUOUS
"Lately, Everything is fine but I keep going",SAFE
"To be honest, Life is meaningless and I have no reason to go on and I don’t know what to do",RISK_HIGH
"Recently, I feel so hopeless and want to end it all I just feel so lost",RISK_HIGH
"Recently, I am doing well and happy",SAFE
I think Life is meaningless and I have no reason to go on I just feel so lost,RISK_HIGH
"In my mind, Everything is fine and I can’t talk to anyone about it",SAFE
I think I feel so hopeless and want to end it all I just feel so lost,RISK_HIGH
"Sometimes, Sometimes I think about hurting myself and I can’t talk to anyone about it",RISK_LOW
"Honestly, I am depressed but trying to cope and I don’t know what to do",AMBIGUOUS
I think I plan to take pills tonight to sleep forever,RISK_HIGH
"To be honest, I am struggling a lot and feel lost I just feel so lost",AMBIGUOUS
"Lately, Everything is fine but I’m trying to stay strong",SAFE
"Honestly, I am doing well and happy but I keep going",SAFE
"To be honest, Sometimes I think about hurting myself",RISK_LOW
"To be honest, I am struggling a lot and feel lost",AMBIGUOUS
"Sometimes, Life is meaningless and I have no reason to go on but I’m trying to stay strong",RISK_HIGH
"Sometimes, I feel so hopeless and want to end it all but I’m trying to stay strong",RISK_HIGH
I think Life is meaningless and I have no reason to go on but I hope things get better,RISK_HIGH
I think I cut myself yesterday but I keep going,RISK_HIGH
"Sometimes, I wish I could disappear and I don’t know what to do",RISK_LOW
"Sometimes, I plan to take pills tonight to sleep forever I just feel so lost",RISK_HIGH
"To be honest, I plan to take pills tonight to sleep forever and I don’t know what to do",RISK_HIGH
"To be honest, I am doing well and happy but I keep going",SAFE
"In my mind, I wish I could disappear but I hope things get better",RISK_LOW
I think I wish I could disappear but I’m trying to stay strong,RISK_LOW
I think I am depressed but trying to cope I just feel so lost,AMBIGUOUS
"To be honest, I cut myself yesterday and I don’t know what to do",RISK_HIGH
"To be honest, I wish I could disappear I just feel so lost",RISK_LOW
"In my mind, Everything is fine",SAFE
"Lately, I wish I could disappear but I’m trying to stay strong",RISK_LOW
"Recently, Sometimes I think about hurting myself but I hope things get better",RISK_LOW
"Sometimes, Life is meaningless and I have no reason to go on but I keep going",RISK_HIGH
"Recently, I wish I could disappear but I’m trying to stay strong",RISK_LOW
"Lately, Life is meaningless and I have no reason to go on but I keep going",RISK_HIGH
"To be honest, I am doing well and happy",SAFE
"To be honest, Sometimes I think about hurting myself and I don’t know what to do",RISK_LOW
"In my mind, Life is meaningless and I have no reason to go on but I’m trying to stay strong",RISK_HIGH
"Lately, I am doing well and happy but I’m trying to stay strong",SAFE
"In my mind, I am depressed but trying to cope and I don’t know what to do",AMBIGUOUS
"In my mind, Life is meaningless and I have no reason to go on",RISK_HIGH
"Recently, I am depressed but trying to cope and I don’t know what to do",AMBIGUOUS
"Recently, Everything is fine",SAFE
"To be honest, I cut myself yesterday and I don’t know what to do",RISK_HIGH
"Sometimes, I feel so hopeless and want to end it all but I hope things get better",RISK_HIGH
I think I am depressed but trying to cope I just feel so lost,AMBIGUOUS
"To be honest, Sometimes I think about hurting myself but I keep going",RISK_LOW
I think Sometimes I think about hurting myself I just feel so lost,RISK_LOW
"In my mind, Life is meaningless and I have no reason to go on but I keep going",RISK_HIGH
"Lately, Sometimes I think about hurting myself but I hope things get better",RISK_LOW
I think I am depressed but trying to cope and I can’t talk to anyone about it,AMBIGUOUS
"Recently, I cut myself yesterday and I don’t know what to do",RISK_HIGH
"In my mind, I am depressed but trying to cope but I’m trying to stay strong",AMBIGUOUS
"Lately, Everything is fine",SAFE
"Sometimes, I wish I could disappear but I hope things get better",RISK_LOW
"Sometimes, I wish I could disappear",RISK_LOW
"Recently, I plan to take pills tonight to sleep forever but I’m trying to stay strong",RISK_HIGH
"Lately, Life is meaningless and I have no reason to go on and I can’t talk to anyone about it",RISK_HIGH
"Sometimes, I feel so hopeless and want to end it all and I can’t talk to anyone about it",RISK_HIGH
"Recently, I wish I could disappear and I can’t talk to anyone about it",RISK_LOW
I think I cut myself yesterday but I keep going,RISK_HIGH
"Recently, I am depressed but trying to cope and I don’t know what to do",AMBIGUOUS
"In my mind, I am depressed but trying to cope but I hope things get better",AMBIGUOUS
"In my mind, Everything is fine",SAFE
"Honestly, I cut myself yesterday I just feel so lost",RISK_HIGH
"In my mind, I wish I could disappear but I’m trying to stay strong",RISK_LOW
"Recently, I am struggling a lot and feel lost but I hope things get better",AMBIGUOUS
"In my mind, Sometimes I think about hurting myself but I’m trying to stay strong",RISK_LOW
"In my mind, Life is meaningless and I have no reason to go on and I don’t know what to do",RISK_HIGH
"Sometimes, I am struggling a lot and feel lost but I hope things get better",AMBIGUOUS
"In my mind, Everything is fine",SAFE
"To be honest, Sometimes I think about hurting myself and I don’t know what to do",RISK_LOW
I think I plan to take pills tonight to sleep forever I just feel so lost,RISK_HIGH
"Sometimes, I wish I could disappear and I can’t talk to anyone about it",RISK_LOW
"In my mind, I plan to take pills tonight to sleep forever",RISK_HIGH
"Recently, Everything is fine I just feel so lost",SAFE
"Recently, I plan to take pills tonight to sleep forever but I’m trying to stay strong",RISK_HIGH
I think I am struggling a lot and feel lost I just feel so lost,AMBIGUOUS
"In my mind, I plan to take pills tonight to sleep forever but I hope things get better",RISK_HIGH
"In my mind, I plan to take pills tonight to sleep forever",RISK_HIGH
"To be honest, I feel so hopeless and want to end it all but I keep going",RISK_HIGH
"To be honest, I am struggling a lot and feel lost but I’m trying to stay strong",AMBIGUOUS
"Honestly, I wish I could disappear but I hope things get better",RISK_LOW
"To be honest, I wish I could disappear and I don’t know what to do",RISK_LOW
"In my mind, I am depressed but trying to cope and I don’t know what to do",AMBIGUOUS
I think I am struggling a lot and feel lost,AMBIGUOUS
"To be honest, Everything is fine and I can’t talk to anyone about it",SAFE
I think I am struggling a lot and feel lost but I hope things get better,AMBIGUOUS
"Recently, I plan to take pills tonight to sleep forever but I hope things get better",RISK_HIGH
"Sometimes, Sometimes I think about hurting myself but I hope things get better",RISK_LOW
"Honestly, I am struggling a lot and feel lost but I’m trying to stay strong",AMBIGUOUS
"Lately, I plan to take pills tonight to sleep forever but I keep going",RISK_HIGH
"To be honest, I am depressed but trying to cope but I keep going",AMBIGUOUS
"Lately, I cut myself yesterday but I keep going",RISK_HIGH
I think Everything is fine but I hope things get better,SAFE
"In my mind, Sometimes I think about hurting myself but I’m trying to stay strong",RISK_LOW
I think I plan to take pills tonight to sleep forever but I keep going,RISK_HIGH
I think Life is meaningless and I have no reason to go on but I’m trying to stay strong,RISK_HIGH
"Honestly, I am struggling a lot and feel lost but I keep going",AMBIGUOUS
"Sometimes, Sometimes I think about hurting myself and I can’t talk to anyone about it",RISK_LOW
"Honestly, Sometimes I think about hurting myself I just feel so lost",RISK_LOW
"Recently, Sometimes I think about hurting myself but I’m trying to stay strong",RISK_LOW
I think I cut myself yesterday,RISK_HIGH
"In my mind, I wish I could disappear",RISK_LOW
I think I am struggling a lot and feel lost but I’m trying to stay strong,AMBIGUOUS
"Recently, I plan to take pills tonight to sleep forever and I can’t talk to anyone about it",RISK_HIGH
"Lately, Sometimes I think about hurting myself I just feel so lost",RISK_LOW
"In my mind, I feel so hopeless and want to end it all but I’m trying to stay strong",RISK_HIGH
"Lately, I cut myself yesterday",RISK_HIGH
"To be honest, Sometimes I think about hurting myself and I can’t talk to anyone about it",RISK_LOW
"Recently, I am doing well and happy but I hope things get better",SAFE
"In my mind, I plan to take pills tonight to sleep forever",RISK_HIGH
"Honestly, I am doing well and happy and I don’t know what to do",SAFE
"In my mind, I feel so hopeless and want to end it all and I don’t know what to do",RISK_HIGH
"Honestly, Life is meaningless and I have no reason to go on but I hope things get better",RISK_HIGH
"In my mind, I plan to take pills tonight to sleep forever but I hope things get better",RISK_HIGH
"Recently, I am doing well and happy",SAFE
"Honestly, I feel so hopeless and want to end it all and I can’t talk to anyone about it",RISK_HIGH
"Lately, Everything is fine and I can’t talk to anyone about it",SAFE
"In my mind, I am depressed but trying to cope but I keep going",AMBIGUOUS
"In my mind, I am struggling a lot and feel lost but I keep going",AMBIGUOUS
"Honestly, I cut myself yesterday but I’m trying to stay strong",RISK_HIGH
I think I cut myself yesterday and I don’t know what to do,RISK_HIGH
I think I am depressed but trying to cope and I don’t know what to do,AMBIGUOUS
"To be honest, I cut myself yesterday but I keep going",RISK_HIGH
"In my mind, I feel so hopeless and want to end it all",RISK_HIGH
"In my mind, Sometimes I think about hurting myself and I can’t talk to anyone about it",RISK_LOW
I think Life is meaningless and I have no reason to go on and I can’t talk to anyone about it,RISK_HIGH
"In my mind, I am doing well and happy and I can’t talk to anyone about it",SAFE
"Recently, I am struggling a lot and feel lost I just feel so lost",AMBIGUOUS
"Sometimes, Life is meaningless and I have no reason to go on but I keep going",RISK_HIGH
"Lately, I wish I could disappear and I can’t talk to anyone about it",RISK_LOW
"Lately, I am depressed but trying to cope",AMBIGUOUS
"Recently, Life is meaningless and I have no reason to go on and I can’t talk to anyone about it",RISK_HIGH
I think I am depressed but trying to cope but I hope things get better,AMBIGUOUS
"Recently, Everything is fine",SAFE
"Sometimes, Sometimes I think about hurting myself but I hope things get better",RISK_LOW
"Lately, Life is meaningless and I have no reason to go on and I can’t talk to anyone about it",RISK_HIGH
"Sometimes, I feel so hopeless and want to end it all and I can’t talk to anyone about it",RISK_HIGH
"To be honest, I am struggling a lot and feel lost but I hope things get better",AMBIGUOUS
"To be honest, I cut myself yesterday and I can’t talk to anyone about it",RISK_HIGH
"To be honest, I wish I could disappear I just feel so lost",RISK_LOW
"Honestly, Life is meaningless and I have no reason to go on but I’m trying to stay strong",RISK_HIGH
"In my mind, I am struggling a lot and feel lost and I can’t talk to anyone about it",AMBIGUOUS
"Honestly, I am doing well and happy but I keep going",SAFE
"Honestly, I am doing well and happy and I can’t talk to anyone about it",SAFE
"To be honest, I feel so hopeless and want to end it all and I can’t talk to anyone about it",RISK_HIGH
"Lately, Sometimes I think about hurting myself I just feel so lost",RISK_LOW
"Honestly, Everything is fine I just feel so lost",SAFE
"Lately, I am struggling a lot and feel lost and I can’t talk to anyone about it",AMBIGUOUS
"Recently, I am depressed but trying to cope I just feel so lost",AMBIGUOUS
"Lately, Everything is fine but I keep going",SAFE
"Sometimes, I plan to take pills tonight to sleep forever and I don’t know what to do",RISK_HIGH
I think Everything is fine and I don’t know what to do,SAFE
"In my mind, I plan to take pills tonight to sleep forever and I don’t know what to do",RISK_HIGH
"Lately, I feel so hopeless and want to end it all and I don’t know what to do",RISK_HIGH
"Recently, Life is meaningless and I have no reason to go on and I don’t know what to do",RISK_HIGH
"Recently, I feel so hopeless and want to end it all I just feel so lost",RISK_HIGH
"Honestly, I am depressed but trying to cope but I keep going",AMBIGUOUS
"In my mind, I feel so hopeless and want to end it all but I’m trying to stay strong",RISK_HIGH
"In my mind, Everything is fine",SAFE
"Recently, Sometimes I think about hurting myself but I keep going",RISK_LOW
"Recently, Life is meaningless and I have no reason to go on and I don’t know what to do",RISK_HIGH
I think I plan to take pills tonight to sleep forever and I can’t talk to anyone about it,RISK_HIGH
"Lately, I am struggling a lot and feel lost and I can’t talk to anyone about it",AMBIGUOUS
"In my mind, I am struggling a lot and feel lost I just feel so lost",AMBIGUOUS
"Honestly, I am struggling a lot and feel lost",AMBIGUOUS
"Recently, Life is meaningless and I have no reason to go on and I don’t know what to do",RISK_HIGH
"Sometimes, I plan to take pills tonight to sleep forever and I don’t know what to do",RISK_HIGH
"Recently, Life is meaningless and I have no reason to go on and I don’t know what to do",RISK_HIGH
"Recently, Life is meaningless and I have no reason to go on but I hope things get better",RISK_HIGH
"Lately, I wish I could disappear",RISK_LOW
"Recently, I am depressed but trying to cope but I keep going",AMBIGUOUS
"To be honest, I am doing well and happy",SAFE
"Lately, I am doing well and happy I just feel so lost",SAFE
"Recently, Sometimes I think about hurting myself but I’m trying to stay strong",RISK_LOW
"To be honest, I cut myself yesterday but I hope things get better",RISK_HIGH
"Sometimes, I am struggling a lot and feel lost but I’m trying to stay strong",AMBIGUOUS
"In my mind, I am depressed but trying to cope I just feel so lost",AMBIGUOUS
"Recently, Everything is fine but I hope things get better",SAFE
"In my mind, I plan to take pills tonight to sleep forever and I don’t know what to do",RISK_HIGH
"Honestly, Sometimes I think about hurting myself but I keep going",RISK_LOW
"To be honest, I am depressed but trying to cope and I don’t know what to do",AMBIGUOUS
"In my mind, I feel so hopeless and want to end it all but I keep going",RISK_HIGH
"Sometimes, I wish I could disappear and I don’t know what to do",RISK_LOW
"In my mind, I cut myself yesterday and I don’t know what to do",RISK_HIGH
I think I cut myself yesterday and I can’t talk to anyone about it,RISK_HIGH
"Sometimes, I feel so hopeless and want to end it all and I can’t talk to anyone about it",RISK_HIGH
I think I plan to take pills tonight to sleep forever I just feel so lost,RISK_HIGH
"Sometimes, I feel so hopeless and want to end it all but I keep going",RISK_HIGH
"Lately, I am doing well and happy I just feel so lost",SAFE
"In my mind, I am struggling a lot and feel lost but I’m trying to stay strong",AMBIGUOUS
"Sometimes, I am doing well and happy but I’m trying to stay strong",SAFE
"Honestly, Sometimes I think about hurting myself I just feel so lost",RISK_LOW
"In my mind, I am depressed but trying to cope and I don’t know what to do",AMBIGUOUS
"Lately, I am struggling a lot and feel lost and I can’t talk to anyone about it",AMBIGUOUS
"In my mind, I plan to take pills tonight to sleep forever but I keep going",RISK_HIGH
"Sometimes, I feel so hopeless and want to end it all I just feel so lost",RISK_HIGH
"To be honest, Sometimes I think about hurting myself but I keep going",RISK_LOW
"Honestly, Everything is fine I just feel so lost",SAFE
I think I am depressed but trying to cope and I don’t know what to do,AMBIGUOUS
"Sometimes, I am struggling a lot and feel lost but I’m trying to stay strong",AMBIGUOUS
"Sometimes, Life is meaningless and I have no reason to go on but I hope things get better",RISK_HIGH
"Sometimes, I plan to take pills tonight to sleep forever and I can’t talk to anyone about it",RISK_HIGH
"In my mind, Everything is fine",SAFE
"Sometimes, Everything is fine and I don’t know what to do",SAFE
"To be honest, I am doing well and happy but I keep going",SAFE
"Sometimes, I feel so hopeless and want to end it all",RISK_HIGH
"To be honest, I am doing well and happy I just feel so lost",SAFE
"To be honest, I am doing well and happy and I don’t know what to do",SAFE
"Honestly, I wish I could disappear and I don’t know what to do",RISK_LOW
I think I am doing well and happy and I can’t talk to anyone about it,SAFE
"Recently, Sometimes I think about hurting myself I just feel so lost",RISK_LOW
"To be honest, I plan to take pills tonight to sleep forever but I hope things get better",RISK_HIGH
"Honestly, I am doing well and happy but I hope things get better",SAFE
"Recently, I am struggling a lot and feel lost and I can’t talk to anyone about it",AMBIGUOUS
"Honestly, Everything is fine and I can’t talk to anyone about it",SAFE
"Lately, I plan to take pills tonight to sleep forever but I keep going",RISK_HIGH
"Sometimes, I am depressed but trying to cope but I keep going",AMBIGUOUS
"To be honest, I am doing well and happy but I’m trying to stay strong",SAFE
"Honestly, I am struggling a lot and feel lost but I’m trying to stay strong",AMBIGUOUS
"Sometimes, Life is meaningless and I have no reason to go on and I can’t talk to anyone about it",RISK_HIGH
"To be honest, I am struggling a lot and feel lost and I don’t know what to do",AMBIGUOUS
I think I am depressed but trying to cope but I’m trying to stay strong,AMBIGUOUS
"Recently, I am doing well and happy and I don’t know what to do",SAFE
"In my mind, I feel so hopeless and want to end it all and I can’t talk to anyone about it",RISK_HIGH
"Sometimes, I am struggling a lot and feel lost but I’m trying to stay strong",AMBIGUOUS
"Honestly, I feel so hopeless and want to end it all but I hope things get better",RISK_HIGH
I think I feel so hopeless and want to end it all,RISK_HIGH
"Recently, I wish I could disappear but I hope things get better",RISK_LOW
"In my mind, I plan to take pills tonight to sleep forever and I can’t talk to anyone about it",RISK_HIGH
"Honestly, Everything is fine I just feel so lost",SAFE
"Honestly, I am struggling a lot and feel lost",AMBIGUOUS
"Recently, Everything is fine but I keep going",SAFE
"Honestly, Life is meaningless and I have no reason to go on but I hope things get better",RISK_HIGH
"To be honest, I am depressed but trying to cope but I’m trying to stay strong",AMBIGUOUS
"In my mind, I feel so hopeless and want to end it all I just feel so lost",RISK_HIGH
"In my mind, Life is meaningless and I have no reason to go on but I keep going",RISK_HIGH
"Recently, I am doing well and happy and I can’t talk to anyone about it",SAFE
"Recently, I plan to take pills tonight to sleep forever I just feel so lost",RISK_HIGH
I think Sometimes I think about hurting myself I just feel so lost,RISK_LOW
"Recently, I cut myself yesterday but I keep going",RISK_HIGH
"In my mind, I wish I could disappear I just feel so lost",RISK_LOW
"Lately, Life is meaningless and I have no reason to go on and I don’t know what to do",RISK_HIGH
"Lately, I cut myself yesterday but I hope things get better",RISK_HIGH
"Honestly, I cut myself yesterday and I don’t know what to do",RISK_HIGH
"Recently, Everything is fine",SAFE
I think Life is meaningless and I have no reason to go on and I don’t know what to do,RISK_HIGH
"In my mind, Sometimes I think about hurting myself and I don’t know what to do",RISK_LOW
"Sometimes, Everything is fine but I keep going",SAFE
"Lately, Everything is fine but I’m trying to stay strong",SAFE
I think Everything is fine and I don’t know what to do,SAFE
"Sometimes, Life is meaningless and I have no reason to go on but I keep going",RISK_HIGH
"Sometimes, I plan to take pills tonight to sleep forever",RISK_HIGH
"Lately, I cut myself yesterday but I hope things get better",RISK_HIGH
"Honestly, Everything is fine but I hope things get better",SAFE
"Sometimes, Sometimes I think about hurting myself",RISK_LOW
"Sometimes, I am doing well and happy and I can’t talk to anyone about it",SAFE
"To be honest, Everything is fine I just feel so lost",SAFE
I think I plan to take pills tonight to sleep forever I just feel so lost,RISK_HIGH
"In my mind, I feel so hopeless and want to end it all",RISK_HIGH
"Recently, Life is meaningless and I have no reason to go on and I can’t talk to anyone about it",RISK_HIGH
"Honestly, I am struggling a lot and feel lost I just feel so lost",AMBIGUOUS
"To be honest, Sometimes I think about hurting myself and I don’t know what to do",RISK_LOW
"In my mind, I am struggling a lot and feel lost but I’m trying to stay strong",AMBIGUOUS
"In my mind, I cut myself yesterday I just feel so lost",RISK_HIGH
"Sometimes, I am struggling a lot and feel lost but I hope things get better",AMBIGUOUS
"In my mind, I cut myself yesterday I just feel so lost",RISK_HIGH
"To be honest, I am depressed but trying to cope but I keep going",AMBIGUOUS
"In my mind, I feel so hopeless and want to end it all I just feel so lost",RISK_HIGH
"To be honest, Life is meaningless and I have no reason to go on but I hope things get better",RISK_HIGH
"Sometimes, I am doing well and happy but I keep going",SAFE
I think Life is meaningless and I have no reason to go on but I hope things get better,RISK_HIGH
"Honestly, I am struggling a lot and feel lost",AMBIGUOUS
"Recently, Sometimes I think about hurting myself",RISK_LOW
"To be honest, I am struggling a lot and feel lost but I’m trying to stay strong",AMBIGUOUS
"Sometimes, Sometimes I think about hurting myself but I hope things get better",RISK_LOW
"To be honest, I feel so hopeless and want to end it all but I hope things get better",RISK_HIGH
"To be honest, I feel so hopeless and want to end it all but I’m trying to stay strong",RISK_HIGH
"In my mind, Everything is fine and I can’t talk to anyone about it",SAFE
"In my mind, I am struggling a lot and feel lost but I keep going",AMBIGUOUS
"To be honest, I am depressed but trying to cope but I’m trying to stay strong",AMBIGUOUS
"Lately, I feel so hopeless and want to end it all",RISK_HIGH
"Recently, I feel so hopeless and want to end it all but I hope things get better",RISK_HIGH
I think I am struggling a lot and feel lost I just feel so lost,AMBIGUOUS
"Lately, Life is meaningless and I have no reason to go on",RISK_HIGH
"Honestly, I am doing well and happy and I can’t talk to anyone about it",SAFE
"Honestly, I feel so hopeless and want to end it all but I’m trying to stay strong",RISK_HIGH
"To be honest, I am depressed but trying to cope and I don’t know what to do",AMBIGUOUS
"In my mind, Everything is fine and I can’t talk to anyone about it",SAFE
I think I feel so hopeless and want to end it all,RISK_HIGH
"Lately, I am doing well and happy but I’m trying to stay strong",SAFE
"In my mind, I wish I could disappear but I hope things get better",RISK_LOW
"Lately, I wish I could disappear but I keep going",RISK_LOW
"Recently, I feel so hopeless and want to end it all but I’m trying to stay strong",RISK_HIGH
"Sometimes, I cut myself yesterday but I’m trying to stay strong",RISK_HIGH
"Sometimes, I feel so hopeless and want to end it all but I’m trying to stay strong",RISK_HIGH
"To be honest, Life is meaningless and I have no reason to go on and I can’t talk to anyone about it",RISK_HIGH
"To be honest, Life is meaningless and I have no reason to go on but I keep going",RISK_HIGH
"Lately, I am struggling a lot and feel lost but I keep going",AMBIGUOUS
"In my mind, Everything is fine and I don’t know what to do",SAFE
"Honestly, I am doing well and happy and I don’t know what to do",SAFE
"Recently, I am depressed but trying to cope and I can’t talk to anyone about it",AMBIGUOUS
"Sometimes, I cut myself yesterday",RISK_HIGH
"To be honest, Sometimes I think about hurting myself but I keep going",RISK_LOW
"Recently, I plan to take pills tonight to sleep forever and I don’t know what to do",RISK_HIGH
"To be honest, I wish I could disappear but I’m trying to stay strong",RISK_LOW
"Sometimes, Sometimes I think about hurting myself I just feel so lost",RISK_LOW
"In my mind, I feel so hopeless and want to end it all and I can’t talk to anyone about it",RISK_HIGH
"Sometimes, I am doing well and happy I just feel so lost",SAFE
"In my mind, I wish I could disappear but I keep going",RISK_LOW
"To be honest, I feel so hopeless and want to end it all and I can’t talk to anyone about it",RISK_HIGH
I think I am doing well and happy,SAFE
"Lately, I cut myself yesterday",RISK_HIGH
"Honestly, I am struggling a lot and feel lost",AMBIGUOUS
"Honestly, I am depressed but trying to cope but I keep going",AMBIGUOUS
"Recently, I am struggling a lot and feel lost",AMBIGUOUS
"Honestly, Sometimes I think about hurting myself",RISK_LOW
"Sometimes, I feel so hopeless and want to end it all",RISK_HIGH
"To be honest, I feel so hopeless and want to end it all I just feel so lost",RISK_HIGH
"To be honest, I am doing well and happy I just feel so lost",SAFE
"Sometimes, I am doing well and happy but I keep going",SAFE
"Recently, I am doing well and happy but I hope things get better",SAFE
I think I wish I could disappear and I can’t talk to anyone about it,RISK_LOW
I think I wish I could disappear but I’m trying to stay strong,RISK_LOW
"Sometimes, I cut myself yesterday and I don’t know what to do",RISK_HIGH
"Sometimes, I plan to take pills tonight to sleep forever but I keep going",RISK_HIGH
"Lately, I am struggling a lot and feel lost and I don’t know what to do",AMBIGUOUS
"In my mind, I cut myself yesterday and I can’t talk to anyone about it",RISK_HIGH
"To be honest, Life is meaningless and I have no reason to go on but I keep going",RISK_HIGH
"Honestly, Sometimes I think about hurting myself I just feel so lost",RISK_LOW
"Sometimes, I am doing well and happy I just feel so lost",SAFE
"To be honest, I am depressed but trying to cope and I can’t talk to anyone about it",AMBIGUOUS
"Sometimes, I cut myself yesterday and I don’t know what to do",RISK_HIGH
"Lately, I feel so hopeless and want to end it all but I’m trying to stay strong",RISK_HIGH
"Sometimes, I am depressed but trying to cope and I can’t talk to anyone about it",AMBIGUOUS
"Honestly, I am struggling a lot and feel lost but I hope things get better",AMBIGUOUS
"Lately, Everything is fine and I can’t talk to anyone about it",SAFE
"Honestly, I feel so hopeless and want to end it all but I’m trying to stay strong",RISK_HIGH
"Lately, Everything is fine I just feel so lost",SAFE
"Recently, I am depressed but trying to cope but I’m trying to stay strong",AMBIGUOUS
I think Sometimes I think about hurting myself and I don’t know what to do,RISK_LOW
I think Sometimes I think about hurting myself but I’m trying to stay strong,RISK_LOW
"In my mind, I am struggling a lot and feel lost and I can’t talk to anyone about it",AMBIGUOUS
"Honestly, I am doing well and happy but I hope things get better",SAFE
"To be honest, I plan to take pills tonight to sleep forever but I’m trying to stay strong",RISK_HIGH
"Honestly, I feel so hopeless and want to end it all",RISK_HIGH
"Sometimes, Everything is fine and I don’t know what to do",SAFE
"In my mind, I plan to take pills tonight to sleep forever and I don’t know what to do",RISK_HIGH
"Recently, I am depressed but trying to cope",AMBIGUOUS
"Lately, Sometimes I think about hurting myself but I’m trying to stay strong",RISK_LOW
"Honestly, I cut myself yesterday but I keep going",RISK_HIGH
"In my mind, I cut myself yesterday but I’m trying to stay strong",RISK_HIGH
I think I am doing well and happy,SAFE
"Recently, I wish I could disappear and I can’t talk to anyone about it",RISK_LOW
"Honestly, Everything is fine",SAFE
"Sometimes, I wish I could disappear but I hope things get better",RISK_LOW
"Lately, I am depressed but trying to cope and I can’t talk to anyone about it",AMBIGUOUS
"In my mind, Everything is fine",SAFE
"To be honest, I cut myself yesterday I just feel so lost",RISK_HIGH
"Honestly, I am doing well and happy but I’m trying to stay strong",SAFE
"In my mind, I am struggling a lot and feel lost and I can’t talk to anyone about it",AMBIGUOUS
"In my mind, I feel so hopeless and want to end it all but I hope things get better",RISK_HIGH
"Lately, I wish I could disappear and I don’t know what to do",RISK_LOW
"In my mind, I am doing well and happy but I hope things get better",SAFE
"Sometimes, I am struggling a lot and feel lost",AMBIGUOUS
"Recently, I plan to take pills tonight to sleep forever and I don’t know what to do",RISK_HIGH
"In my mind, I am depressed but trying to cope but I’m trying to stay strong",AMBIGUOUS
"In my mind, Everything is fine",SAFE
"Recently, I cut myself yesterday but I keep going",RISK_HIGH
"Recently, I wish I could disappear and I don’t know what to do",RISK_LOW
"In my mind, I am struggling a lot and feel lost but I’m trying to stay strong",AMBIGUOUS
"Honestly, I wish I could disappear and I can’t talk to anyone about it",RISK_LOW
"In my mind, I am doing well and happy I just feel so lost",SAFE
"Sometimes, I cut myself yesterday but I keep going",RISK_HIGH
"Honestly, I feel so hopeless and want to end it all but I’m trying to stay strong",RISK_HIGH
"Lately, I feel so hopeless and want to end it all but I hope things get better",RISK_HIGH
"In my mind, I plan to take pills tonight to sleep forever but I keep going",RISK_HIGH
I think I feel so hopeless and want to end it all but I keep going,RISK_HIGH
"Lately, I am depressed but trying to cope and I don’t know what to do",AMBIGUOUS
"To be honest, Everything is fine but I hope things get better",SAFE
"Lately, I am depressed but trying to cope I just feel so lost",AMBIGUOUS
"Recently, I cut myself yesterday and I can’t talk to anyone about it",RISK_HIGH
"To be honest, I feel so hopeless and want to end it all",RISK_HIGH
"Lately, I feel so hopeless and want to end it all but I’m trying to stay strong",RISK_HIGH
"Honestly, I wish I could disappear and I can’t talk to anyone about it",RISK_LOW
"Honestly, I cut myself yesterday and I don’t know what to do",RISK_HIGH
"To be honest, Life is meaningless and I have no reason to go on and I don’t know what to do",RISK_HIGH
I think Life is meaningless and I have no reason to go on I just feel so lost,RISK_HIGH
"Lately, I am struggling a lot and feel lost but I’m trying to stay strong",AMBIGUOUS
"Honestly, Everything is fine but I keep going",SAFE
"To be honest, I am struggling a lot and feel lost but I’m trying to stay strong",AMBIGUOUS
"Honestly, I am depressed but trying to cope but I’m trying to stay strong",AMBIGUOUS
I think Everything is fine,SAFE
"Lately, I am doing well and happy",SAFE
"Recently, Life is meaningless and I have no reason to go on but I’m trying to stay strong",RISK_HIGH
"Lately, I am struggling a lot and feel lost but I hope things get better",AMBIGUOUS
"Recently, I wish I could disappear but I’m trying to stay strong",RISK_LOW
"Sometimes, Sometimes I think about hurting myself and I don’t know what to do",RISK_LOW
"Recently, I am struggling a lot and feel lost",AMBIGUOUS
"Recently, I plan to take pills tonight to sleep forever but I’m trying to stay strong",RISK_HIGH
"Lately, Everything is fine and I don’t know what to do",SAFE
"Lately, Sometimes I think about hurting myself",RISK_LOW
"To be honest, I wish I could disappear I just feel so lost",RISK_LOW
"Recently, I am depressed but trying to cope but I keep going",AMBIGUOUS
"Recently, I am depressed but trying to cope and I can’t talk to anyone about it",AMBIGUOUS
"Honestly, I am doing well and happy and I can’t talk to anyone about it",SAFE
"Recently, I am depressed but trying to cope but I keep going",AMBIGUOUS
I think I am depressed but trying to cope and I don’t know what to do,AMBIGUOUS
"Honestly, I am depressed but trying to cope and I can’t talk to anyone about it",AMBIGUOUS
I think I feel so hopeless and want to end it all but I’m trying to stay strong,RISK_HIGH
"To be honest, I feel so hopeless and want to end it all and I don’t know what to do",RISK_HIGH
"Sometimes, I am depressed but trying to cope",AMBIGUOUS
"Lately, I wish I could disappear but I keep going",RISK_LOW
"Recently, Sometimes I think about hurting myself I just feel so lost",RISK_LOW
I think I plan to take pills tonight to sleep forever and I can’t talk to anyone about it,RISK_HIGH
I think I am depressed but trying to cope but I hope things get better,AMBIGUOUS
"Sometimes, I am doing well and happy I just feel so lost",SAFE
"To be honest, Life is meaningless and I have no reason to go on but I keep going",RISK_HIGH
"Lately, I am doing well and happy and I can’t talk to anyone about it",SAFE
"In my mind, Sometimes I think about hurting myself",RISK_LOW
"To be honest, Sometimes I think about hurting myself but I’m trying to stay strong",RISK_LOW
"Recently, Everything is fine",SAFE
I think Life is meaningless and I have no reason to go on and I don’t know what to do,RISK_HIGH
"Recently, Everything is fine",SAFE
"Recently, I feel so hopeless and want to end it all I just feel so lost",RISK_HIGH
"In my mind, I cut myself yesterday but I keep going",RISK_HIGH
"Sometimes, I am doing well and happy and I don’t know what to do",SAFE
"Honestly, I cut myself yesterday I just feel so lost",RISK_HIGH
I think I wish I could disappear but I hope things get better,RISK_LOW
"Sometimes, I feel so hopeless and want to end it all and I can’t talk to anyone about it",RISK_HIGH
"Lately, Sometimes I think about hurting myself and I can’t talk to anyone about it",RISK_LOW
"Recently, Everything is fine I just feel so lost",SAFE
"Lately, I plan to take pills tonight to sleep forever but I hope things get better",RISK_HIGH
"To be honest, I am depressed but trying to cope but I keep going",AMBIGUOUS
I think Everything is fine but I’m trying to stay strong,SAFE
"To be honest, I am doing well and happy but I’m trying to stay strong",SAFE
"Sometimes, Everything is fine but I’m trying to stay strong",SAFE
"Sometimes, I feel so hopeless and want to end it all but I’m trying to stay strong",RISK_HIGH
"Lately, I wish I could disappear but I hope things get better",RISK_LOW
I think I am struggling a lot and feel lost but I’m trying to stay strong,AMBIGUOUS
"Lately, I cut myself yesterday but I hope things get better",RISK_HIGH
"Recently, I plan to take pills tonight to sleep forever but I keep going",RISK_HIGH
"Honestly, I cut myself yesterday",RISK_HIGH
I think Sometimes I think about hurting myself I just feel so lost,RISK_LOW
"Sometimes, Life is meaningless and I have no reason to go on",RISK_HIGH
"Sometimes, Life is meaningless and I have no reason to go on and I don’t know what to do",RISK_HIGH
"To be honest, I plan to take pills tonight to sleep forever and I don’t know what to do",RISK_HIGH
"Honestly, Life is meaningless and I have no reason to go on and I can’t talk to anyone about it",RISK_HIGH
I think I am doing well and happy but I hope things get better,SAFE
"Lately, I am struggling a lot and feel lost I just feel so lost",AMBIGUOUS
"In my mind, I am doing well and happy and I can’t talk to anyone about it",SAFE
"Lately, I am struggling a lot and feel lost but I hope things get better",AMBIGUOUS
"Lately, I plan to take pills tonight to sleep forever and I can’t talk to anyone about it",RISK_HIGH
"In my mind, I wish I could disappear I just feel so lost",RISK_LOW
I think I cut myself yesterday but I keep going,RISK_HIGH
"Sometimes, Everything is fine",SAFE
I think I cut myself yesterday and I can’t talk to anyone about it,RISK_HIGH
"Sometimes, Life is meaningless and I have no reason to go on",RISK_HIGH
"Lately, I feel so hopeless and want to end it all but I keep going",RISK_HIGH
"In my mind, I am depressed but trying to cope and I can’t talk to anyone about it",AMBIGUOUS
I think I am struggling a lot and feel lost but I hope things get better,AMBIGUOUS
"In my mind, I am struggling a lot and feel lost and I can’t talk to anyone about it",AMBIGUOUS
"Recently, I feel so hopeless and want to end it all",RISK_HIGH
"Sometimes, I plan to take pills tonight to sleep forever I just feel so lost",RISK_HIGH
"To be honest, I am depressed but trying to cope and I can’t talk to anyone about it",AMBIGUOUS
"Lately, I feel so hopeless and want to end it all but I’m trying to stay strong",RISK_HIGH
I think Sometimes I think about hurting myself I just feel so lost,RISK_LOW
"Sometimes, Everything is fine and I can’t talk to anyone about it",SAFE
"To be honest, I cut myself yesterday I just feel so lost",RISK_HIGH
"Honestly, Everything is fine and I don’t know what to do",SAFE
I think I plan to take pills tonight to sleep forever and I don’t know what to do,RISK_HIGH
"In my mind, I wish I could disappear but I’m trying to stay strong",RISK_LOW
I think I am depressed but trying to cope I just feel so lost,AMBIGUOUS
"Sometimes, Sometimes I think about hurting myself and I can’t talk to anyone about it",RISK_LOW
"To be honest, I wish I could disappear but I hope things get better",RISK_LOW
"Honestly, Sometimes I think about hurting myself but I’m trying to stay strong",RISK_LOW
"Lately, I am struggling a lot and feel lost but I’m trying to stay strong",AMBIGUOUS
"Lately, I am depressed but trying to cope but I keep going",AMBIGUOUS
I think I feel so hopeless and want to end it all but I keep going,RISK_HIGH
"In my mind, I am depressed but trying to cope",AMBIGUOUS
"In my mind, I am struggling a lot and feel lost",AMBIGUOUS
I think I wish I could disappear I just feel so lost,RISK_LOW
"To be honest, I plan to take pills tonight to sleep forever",RISK_HIGH
"Lately, I am depressed but trying to cope I just feel so lost",AMBIGUOUS
"Recently, Life is meaningless and I have no reason to go on and I can’t talk to anyone about it",RISK_HIGH
"Lately, I am doing well and happy but I hope things get better",SAFE
I think I am doing well and happy I just feel so lost,SAFE
"Honestly, I cut myself yesterday but I keep going",RISK_HIGH
I think Sometimes I think about hurting myself but I’m trying to stay strong,RISK_LOW
"Honestly, I cut myself yesterday and I don’t know what to do",RISK_HIGH
"To be honest, Life is meaningless and I have no reason to go on but I hope things get better",RISK_HIGH
"Sometimes, I am doing well and happy but I keep going",SAFE
"Sometimes, Everything is fine and I can’t talk to anyone about it",SAFE
"In my mind, I plan to take pills tonight to sleep forever and I don’t know what to do",RISK_HIGH
I think Everything is fine and I can’t talk to anyone about it,SAFE
"To be honest, Everything is fine but I keep going",SAFE
"To be honest, I cut myself yesterday I just feel so lost",RISK_HIGH
"Lately, I wish I could disappear but I’m trying to stay strong",RISK_LOW
I think Life is meaningless and I have no reason to go on,RISK_HIGH
"Honestly, Everything is fine but I’m trying to stay strong",SAFE
"To be honest, I feel so hopeless and want to end it all I just feel so lost",RISK_HIGH
"Sometimes, Everything is fine but I hope things get better",SAFE
I think Everything is fine but I’m trying to stay strong,SAFE
I think I am doing well and happy I just feel so lost,SAFE
"In my mind, Everything is fine but I keep going",SAFE
"In my mind, I cut myself yesterday",RISK_HIGH
I think I plan to take pills tonight to sleep forever and I can’t talk to anyone about it,RISK_HIGH
"Lately, I am doing well and happy but I keep going",SAFE
"Sometimes, Life is meaningless and I have no reason to go on but I hope things get better",RISK_HIGH
"Sometimes, I am struggling a lot and feel lost",AMBIGUOUS
"Honestly, I plan to take pills tonight to sleep forever I just feel so lost",RISK_HIGH
"Recently, I wish I could disappear but I keep going",RISK_LOW
I think Everything is fine and I don’t know what to do,SAFE
"Sometimes, I am struggling a lot and feel lost and I can’t talk to anyone about it",AMBIGUOUS
"Lately, I am struggling a lot and feel lost but I keep going",AMBIGUOUS
"Recently, I wish I could disappear and I don’t know what to do",RISK_LOW
"Sometimes, I feel so hopeless and want to end it all but I hope things get better",RISK_HIGH
"In my mind, Life is meaningless and I have no reason to go on but I’m trying to stay strong",RISK_HIGH
"Sometimes, I plan to take pills tonight to sleep forever I just feel so lost",RISK_HIGH
"In my mind, I wish I could disappear but I keep going",RISK_LOW
"Honestly, I feel so hopeless and want to end it all I just feel so lost",RISK_HIGH
"In my mind, I wish I could disappear but I hope things get better",RISK_LOW
"Sometimes, Sometimes I think about hurting myself and I don’t know what to do",RISK_LOW
"To be honest, I plan to take pills tonight to sleep forever",RISK_HIGH
"Sometimes, I plan to take pills tonight to sleep forever but I hope things get better",RISK_HIGH
"Recently, I wish I could disappear and I don’t know what to do",RISK_LOW
"Sometimes, I am doing well and happy I just feel so lost",SAFE
"In my mind, Life is meaningless and I have no reason to go on and I can’t talk to anyone about it",RISK_HIGH
"To be honest, I plan to take pills tonight to sleep forever I just feel so lost",RISK_HIGH
"Lately, I plan to take pills tonight to sleep forever but I’m trying to stay strong",RISK_HIGH
"Recently, I wish I could disappear",RISK_LOW
I think I am struggling a lot and feel lost,AMBIGUOUS
"In my mind, Life is meaningless and I have no reason to go on but I hope things get better",RISK_HIGH
"In my mind, I am doing well and happy and I don’t know what to do",SAFE
"Lately, I cut myself yesterday but I keep going",RISK_HIGH
"Honestly, I am depressed but trying to cope but I hope things get better",AMBIGUOUS
"Honestly, Life is meaningless and I have no reason to go on but I hope things get better",RISK_HIGH
"Honestly, I feel so hopeless and want to end it all I just feel so lost",RISK_HIGH
"Recently, I am depressed but trying to cope but I hope things get better",AMBIGUOUS
"To be honest, I cut myself yesterday but I hope things get better",RISK_HIGH
"Sometimes, Everything is fine and I don’t know what to do",SAFE
"Sometimes, I am struggling a lot and feel lost and I don’t know what to do",AMBIGUOUS
"To be honest, I feel so hopeless and want to end it all but I keep going",RISK_HIGH
"Lately, Sometimes I think about hurting myself and I don’t know what to do",RISK_LOW
"Recently, I plan to take pills tonight to sleep forever and I don’t know what to do",RISK_HIGH
"Lately, I wish I could disappear and I can’t talk to anyone about it",RISK_LOW
"Recently, I feel so hopeless and want to end it all but I’m trying to stay strong",RISK_HIGH
"Lately, I am doing well and happy and I can’t talk to anyone about it",SAFE
"Lately, I plan to take pills tonight to sleep forever and I don’t know what to do",RISK_HIGH
"In my mind, I feel so hopeless and want to end it all but I hope things get better",RISK_HIGH
I think I wish I could disappear and I don’t know what to do,RISK_LOW
"Recently, I feel so hopeless and want to end it all but I keep going",RISK_HIGH
"To be honest, I am struggling a lot and feel lost I just feel so lost",AMBIGUOUS
"Recently, I am depressed but trying to cope I just feel so lost",AMBIGUOUS
"Lately, Everything is fine",SAFE
"Recently, I plan to take pills tonight to sleep forever and I can’t talk to anyone about it",RISK_HIGH
"To be honest, I feel so hopeless and want to end it all and I don’t know what to do",RISK_HIGH
I think I wish I could disappear and I can’t talk to anyone about it,RISK_LOW
I think I feel so hopeless and want to end it all but I hope things get better,RISK_HIGH
I think I am struggling a lot and feel lost and I can’t talk to anyone about it,AMBIGUOUS
"Recently, I am struggling a lot and feel lost and I don’t know what to do",AMBIGUOUS
"Sometimes, I cut myself yesterday but I keep going",RISK_HIGH
I think I plan to take pills tonight to sleep forever but I keep going,RISK_HIGH
"In my mind, I feel so hopeless and want to end it all but I keep going",RISK_HIGH
"To be honest, I wish I could disappear and I don’t know what to do",RISK_LOW
"Sometimes, I plan to take pills tonight to sleep forever but I’m trying to stay strong",RISK_HIGH
"Recently, Everything is fine but I’m trying to stay strong",SAFE
"Sometimes, Life is meaningless and I have no reason to go on but I keep going",RISK_HIGH
"Honestly, I am depressed but trying to cope but I keep going",AMBIGUOUS
"Honestly, I am depressed but trying to cope I just feel so lost",AMBIGUOUS
I think I plan to take pills tonight to sleep forever but I’m trying to stay strong,RISK_HIGH
"To be honest, I wish I could disappear but I keep going",RISK_LOW
"In my mind, I wish I could disappear but I hope things get better",RISK_LOW
"In my mind, Life is meaningless and I have no reason to go on but I hope things get better",RISK_HIGH
"In my mind, Sometimes I think about hurting myself but I’m trying to stay strong",RISK_LOW
I think Everything is fine but I keep going,SAFE
I think I am doing well and happy but I keep going,SAFE
"Sometimes, I feel so hopeless and want to end it all but I keep going",RISK_HIGH
"Honestly, I plan to take pills tonight to sleep forever",RISK_HIGH
"Honestly, Sometimes I think about hurting myself and I don’t know what to do",RISK_LOW
"In my mind, I feel so hopeless and want to end it all and I don’t know what to do",RISK_HIGH
"In my mind, I cut myself yesterday but I hope things get better",RISK_HIGH
I think I plan to take pills tonight to sleep forever and I can’t talk to anyone about it,RISK_HIGH
"In my mind, I cut myself yesterday and I don’t know what to do",RISK_HIGH
"Lately, I wish I could disappear I just feel so lost",RISK_LOW
"Lately, I am doing well and happy",SAFE
"Lately, I am depressed but trying to cope but I hope things get better",AMBIGUOUS
"Lately, I am struggling a lot and feel lost but I hope things get better",AMBIGUOUS
"Honestly, I plan to take pills tonight to sleep forever",RISK_HIGH
"To be honest, I am depressed but trying to cope I just feel so lost",AMBIGUOUS
"Honestly, I am doing well and happy and I can’t talk to anyone about it",SAFE
"Honestly, Life is meaningless and I have no reason to go on but I hope things get better",RISK_HIGH
"Lately, Everything is fine and I can’t talk to anyone about it",SAFE
"Lately, I wish I could disappear but I keep going",RISK_LOW
I think Sometimes I think about hurting myself I just feel so lost,RISK_LOW
"Recently, I cut myself yesterday and I can’t talk to anyone about it",RISK_HIGH
"To be honest, Everything is fine I just feel so lost",SAFE
"Sometimes, I feel so hopeless and want to end it all but I hope things get better",RISK_HIGH
"Lately, I am struggling a lot and feel lost I just feel so lost",AMBIGUOUS
"In my mind, Everything is fine and I don’t know what to do",SAFE
"Lately, I plan to take pills tonight to sleep forever but I’m trying to stay strong",RISK_HIGH
"To be honest, Life is meaningless and I have no reason to go on but I’m trying to stay strong",RISK_HIGH
"Sometimes, I plan to take pills tonight to sleep forever and I don’t know what to do",RISK_HIGH
I think I am depressed but trying to cope and I can’t talk to anyone about it,AMBIGUOUS
I think Life is meaningless and I have no reason to go on but I keep going,RISK_HIGH
"Sometimes, Sometimes I think about hurting myself but I hope things get better",RISK_LOW
I think I feel so hopeless and want to end it all and I don’t know what to do,RISK_HIGH
"Honestly, I feel so hopeless and want to end it all but I keep going",RISK_HIGH
"Recently, I am struggling a lot and feel lost",AMBIGUOUS
I think I am doing well and happy I just feel so lost,SAFE
"Recently, Everything is fine",SAFE
"Recently, Life is meaningless and I have no reason to go on but I keep going",RISK_HIGH
"In my mind, I feel so hopeless and want to end it all I just feel so lost",RISK_HIGH
"Recently, I wish I could disappear but I’m trying to stay strong",RISK_LOW
"Recently, Sometimes I think about hurting myself I just feel so lost",RISK_LOW
"In my mind, I wish I could disappear but I’m trying to stay strong",RISK_LOW
"Honestly, Everything is fine but I keep going",SAFE
"Lately, I plan to take pills tonight to sleep forever I just feel so lost",RISK_HIGH
I think I am depressed but trying to cope but I’m trying to stay strong,AMBIGUOUS
"To be honest, Life is meaningless and I have no reason to go on I just feel so lost",RISK_HIGH
"Recently, I plan to take pills tonight to sleep forever I just feel so lost",RISK_HIGH
I think I am struggling a lot and feel lost I just feel so lost,AMBIGUOUS
"Honestly, I cut myself yesterday but I hope things get better",RISK_HIGH
"Lately, Life is meaningless and I have no reason to go on but I’m trying to stay strong",RISK_HIGH
"To be honest, Life is meaningless and I have no reason to go on",RISK_HIGH
"Honestly, I am doing well and happy",SAFE
"Sometimes, I wish I could disappear but I keep going",RISK_LOW
"Honestly, Life is meaningless and I have no reason to go on but I hope things get better",RISK_HIGH
"In my mind, I am struggling a lot and feel lost",AMBIGUOUS
"Honestly, Sometimes I think about hurting myself but I keep going",RISK_LOW
"Honestly, I am depressed but trying to cope but I hope things get better",AMBIGUOUS
"Honestly, I plan to take pills tonight to sleep forever but I’m trying to stay strong",RISK_HIGH
"Recently, Life is meaningless and I have no reason to go on",RISK_HIGH
"Sometimes, I cut myself yesterday and I can’t talk to anyone about it",RISK_HIGH
"In my mind, Everything is fine but I keep going",SAFE
"Honestly, Everything is fine and I don’t know what to do",SAFE
"Recently, Everything is fine but I hope things get better",SAFE
I think I cut myself yesterday I just feel so lost,RISK_HIGH
"Recently, I plan to take pills tonight to sleep forever I just feel so lost",RISK_HIGH
"Recently, Life is meaningless and I have no reason to go on but I’m trying to stay strong",RISK_HIGH
"Lately, I plan to take pills tonight to sleep forever I just feel so lost",RISK_HIGH
"To be honest, I am doing well and happy",SAFE
"Recently, I am depressed but trying to cope but I’m trying to stay strong",AMBIGUOUS
"Honestly, I plan to take pills tonight to sleep forever and I don’t know what to do",RISK_HIGH
"Sometimes, I plan to take pills tonight to sleep forever I just feel so lost",RISK_HIGH
"In my mind, I cut myself yesterday but I’m trying to stay strong",RISK_HIGH
"To be honest, Life is meaningless and I have no reason to go on and I can’t talk to anyone about it",RISK_HIGH
"Recently, I am struggling a lot and feel lost and I can’t talk to anyone about it",AMBIGUOUS
I think I plan to take pills tonight to sleep forever,RISK_HIGH
"Sometimes, I feel so hopeless and want to end it all",RISK_HIGH
"Recently, I feel so hopeless and want to end it all I just feel so lost",RISK_HIGH
"Honestly, I wish I could disappear but I keep going",RISK_LOW
"To be honest, I feel so hopeless and want to end it all and I can’t talk to anyone about it",RISK_HIGH
I think I am struggling a lot and feel lost and I don’t know what to do,AMBIGUOUS
"To be honest, I cut myself yesterday I just feel so lost",RISK_HIGH
"In my mind, I feel so hopeless and want to end it all",RISK_HIGH
"Sometimes, I feel so hopeless and want to end it all but I’m trying to stay strong",RISK_HIGH
I think Sometimes I think about hurting myself and I can’t talk to anyone about it,RISK_LOW
"In my mind, I am doing well and happy and I don’t know what to do",SAFE
"In my mind, I plan to take pills tonight to sleep forever and I don’t know what to do",RISK_HIGH
"Lately, I plan to take pills tonight to sleep forever",RISK_HIGH
"Lately, I plan to take pills tonight to sleep forever but I keep going",RISK_HIGH
"Recently, Sometimes I think about hurting myself but I keep going",RISK_LOW
"To be honest, I plan to take pills tonight to sleep forever but I keep going",RISK_HIGH
"Recently, I plan to take pills tonight to sleep forever but I hope things get better",RISK_HIGH
"Recently, I am struggling a lot and feel lost I just feel so lost",AMBIGUOUS
"Honestly, Sometimes I think about hurting myself but I’m trying to stay strong",RISK_LOW
"To be honest, I feel so hopeless and want to end it all and I don’t know what to do",RISK_HIGH
"In my mind, I am depressed but trying to cope and I can’t talk to anyone about it",AMBIGUOUS
"In my mind, I am depressed but trying to cope but I hope things get better",AMBIGUOUS
"To be honest, I wish I could disappear I just feel so lost",RISK_LOW
"To be honest, Life is meaningless and I have no reason to go on",RISK_HIGH
"Honestly, I feel so hopeless and want to end it all but I’m trying to stay strong",RISK_HIGH
"Sometimes, I am doing well and happy",SAFE
"In my mind, Sometimes I think about hurting myself and I can’t talk to anyone about it",RISK_LOW
"Recently, I plan to take pills tonight to sleep forever I just feel so lost",RISK_HIGH
I think I feel so hopeless and want to end it all,RISK_HIGH
"Recently, I wish I could disappear but I’m trying to stay strong",RISK_LOW
"Honestly, I plan to take pills tonight to sleep forever",RISK_HIGH
I think I plan to take pills tonight to sleep forever but I’m trying to stay strong,RISK_HIGH
"Lately, Sometimes I think about hurting myself but I keep going",RISK_LOW
"Recently, Life is meaningless and I have no reason to go on but I hope things get better",RISK_HIGH
"In my mind, I am struggling a lot and feel lost I just feel so lost",AMBIGUOUS
"In my mind, Everything is fine and I can’t talk to anyone about it",SAFE
"Recently, I feel so hopeless and want to end it all and I don’t know what to do",RISK_HIGH
"Recently, Life is meaningless and I have no reason to go on and I can’t talk to anyone about it",RISK_HIGH
"In my mind, I feel so hopeless and want to end it all I just feel so lost",RISK_HIGH
"Recently, Life is meaningless and I have no reason to go on",RISK_HIGH
"Honestly, I cut myself yesterday but I’m trying to stay strong",RISK_HIGH
"Recently, I plan to take pills tonight to sleep forever I just feel so lost",RISK_HIGH
"Sometimes, I wish I could disappear but I’m trying to stay strong",RISK_LOW
"Lately, I wish I could disappear but I keep going",RISK_LOW
"Recently, I feel so hopeless and want to end it all",RISK_HIGH
"Sometimes, I am depressed but trying to cope I just feel so lost",AMBIGUOUS
"To be honest, I am doing well and happy but I hope things get better",SAFE
"In my mind, I cut myself yesterday but I keep going",RISK_HIGH
"Honestly, Life is meaningless and I have no reason to go on but I hope things get better",RISK_HIGH
"Lately, I am struggling a lot and feel lost",AMBIGUOUS
I think Sometimes I think about hurting myself but I’m trying to stay strong,RISK_LOW
"In my mind, I feel so hopeless and want to end it all but I hope things get better",RISK_HIGH
"To be honest, I feel so hopeless and want to end it all but I keep going",RISK_HIGH
"Recently, I cut myself yesterday and I don’t know what to do",RISK_HIGH
I think Everything is fine and I can’t talk to anyone about it,SAFE
"Sometimes, I am depressed but trying to cope but I keep going",AMBIGUOUS
"Honestly, I cut myself yesterday but I keep going",RISK_HIGH
"Sometimes, I plan to take pills tonight to sleep forever but I keep going",RISK_HIGH
"Sometimes, Life is meaningless and I have no reason to go on and I don’t know what to do",RISK_HIGH
"Recently, I am depressed but trying to cope and I can’t talk to anyone about it",AMBIGUOUS
I think I am doing well and happy but I hope things get better,SAFE
"Sometimes, I wish I could disappear",RISK_LOW
I think I am struggling a lot and feel lost but I keep going,AMBIGUOUS
"To be honest, I am doing well and happy",SAFE
"Sometimes, Sometimes I think about hurting myself but I’m trying to stay strong",RISK_LOW
"In my mind, I feel so hopeless and want to end it all but I’m trying to stay strong",RISK_HIGH
"Lately, I plan to take pills tonight to sleep forever but I hope things get better",RISK_HIGH
"Lately, I am struggling a lot and feel lost and I can’t talk to anyone about it",AMBIGUOUS
I think Sometimes I think about hurting myself,RISK_LOW
"Recently, I cut myself yesterday and I don’t know what to do",RISK_HIGH
"In my mind, I plan to take pills tonight to sleep forever I just feel so lost",RISK_HIGH
I think I cut myself yesterday but I hope things get better,RISK_HIGH
"Lately, I wish I could disappear but I keep going",RISK_LOW
"Recently, I plan to take pills tonight to sleep forever and I don’t know what to do",RISK_HIGH
"Lately, Life is meaningless and I have no reason to go on I just feel so lost",RISK_HIGH
"To be honest, I am depressed but trying to cope I just feel so lost",AMBIGUOUS
I think Life is meaningless and I have no reason to go on and I can’t talk to anyone about it,RISK_HIGH
"Honestly, I cut myself yesterday but I keep going",RISK_HIGH
I think Sometimes I think about hurting myself I just feel so lost,RISK_LOW
"Recently, Sometimes I think about hurting myself but I’m trying to stay strong",RISK_LOW
"Honestly, I am doing well and happy",SAFE
"In my mind, I plan to take pills tonight to sleep forever and I can’t talk to anyone about it",RISK_HIGH
"Recently, Sometimes I think about hurting myself but I hope things get better",RISK_LOW
"To be honest, I cut myself yesterday I just feel so lost",RISK_HIGH
"In my mind, I feel so hopeless and want to end it all and I don’t know what to do",RISK_HIGH
"Sometimes, Sometimes I think about hurting myself and I don’t know what to do",RISK_LOW
"Sometimes, I feel so hopeless and want to end it all but I’m trying to stay strong",RISK_HIGH
"To be honest, I wish I could disappear but I keep going",RISK_LOW
"Sometimes, I am doing well and happy but I hope things get better",SAFE
"Honestly, I am struggling a lot and feel lost I just feel so lost",AMBIGUOUS
"Honestly, I feel so hopeless and want to end it all but I keep going",RISK_HIGH
"Sometimes, Sometimes I think about hurting myself I just feel so lost",RISK_LOW
"Sometimes, I am struggling a lot and feel lost",AMBIGUOUS
"Honestly, I am doing well and happy but I keep going",SAFE
"To be honest, I am struggling a lot and feel lost I just feel so lost",AMBIGUOUS
"In my mind, I feel so hopeless and want to end it all but I hope things get better",RISK_HIGH
"In my mind, Life is meaningless and I have no reason to go on but I hope things get better",RISK_HIGH
I think Everything is fine but I hope things get better,SAFE
"Honestly, Sometimes I think about hurting myself I just feel so lost",RISK_LOW
"Honestly, Sometimes I think about hurting myself and I can’t talk to anyone about it",RISK_LOW
"Sometimes, I feel so hopeless and want to end it all",RISK_HIGH
"To be honest, I am depressed but trying to cope I just feel so lost",AMBIGUOUS
"Sometimes, Sometimes I think about hurting myself but I hope things get better",RISK_LOW
"In my mind, I am depressed but trying to cope I just feel so lost",AMBIGUOUS
"Honestly, Life is meaningless and I have no reason to go on and I don’t know what to do",RISK_HIGH
"Sometimes, I plan to take pills tonight to sleep forever I just feel so lost",RISK_HIGH
"In my mind, I cut myself yesterday but I hope things get better",RISK_HIGH
"Recently, I plan to take pills tonight to sleep forever but I’m trying to stay strong",RISK_HIGH
"Sometimes, I cut myself yesterday but I hope things get better",RISK_HIGH
I think I wish I could disappear but I keep going,RISK_LOW
"Honestly, I plan to take pills tonight to sleep forever but I hope things get better",RISK_HIGH
I think I am depressed but trying to cope and I don’t know what to do,AMBIGUOUS
"To be honest, I am depressed but trying to cope",AMBIGUOUS
"In my mind, Everything is fine I just feel so lost",SAFE
"Sometimes, I am struggling a lot and feel lost but I keep going",AMBIGUOUS
I think I am struggling a lot and feel lost but I hope things get better,AMBIGUOUS
"Honestly, I am struggling a lot and feel lost and I can’t talk to anyone about it",AMBIGUOUS
"Honestly, I wish I could disappear I just feel so lost",RISK_LOW
"To be honest, I plan to take pills tonight to sleep forever but I keep going",RISK_HIGH
"In my mind, I am doing well and happy I just feel so lost",SAFE
"Sometimes, Life is meaningless and I have no reason to go on",RISK_HIGH
"Sometimes, Sometimes I think about hurting myself and I don’t know what to do",RISK_LOW
"To be honest, I am doing well and happy but I hope things get better",SAFE
"Lately, Life is meaningless and I have no reason to go on but I’m trying to stay strong",RISK_HIGH
"To be honest, I wish I could disappear and I can’t talk to anyone about it",RISK_LOW
I think I am doing well and happy but I keep going,SAFE
"Recently, I cut myself yesterday but I hope things get better",RISK_HIGH
I think Sometimes I think about hurting myself but I hope things get better,RISK_LOW
"Lately, Everything is fine I just feel so lost",SAFE
"Lately, I feel so hopeless and want to end it all but I keep going",RISK_HIGH
"Honestly, Everything is fine and I can’t talk to anyone about it",SAFE
"Recently, I am doing well and happy and I don’t know what to do",SAFE
"In my mind, Sometimes I think about hurting myself but I hope things get better",RISK_LOW
"Recently, I feel so hopeless and want to end it all and I don’t know what to do",RISK_HIGH
"Lately, I wish I could disappear",RISK_LOW
I think Life is meaningless and I have no reason to go on I just feel so lost,RISK_HIGH
"Recently, Everything is fine and I can’t talk to anyone about it",SAFE
"Honestly, Everything is fine but I keep going",SAFE
I think I am depressed but trying to cope but I keep going,AMBIGUOUS
"Sometimes, I plan to take pills tonight to sleep forever but I hope things get better",RISK_HIGH
"To be honest, Everything is fine and I can’t talk to anyone about it",SAFE
I think I am struggling a lot and feel lost and I can’t talk to anyone about it,AMBIGUOUS
"Sometimes, Everything is fine and I can’t talk to anyone about it",SAFE
"Lately, Sometimes I think about hurting myself but I keep going",RISK_LOW
"Sometimes, Sometimes I think about hurting myself but I’m trying to stay strong",RISK_LOW
I think I cut myself yesterday,RISK_HIGH
I think Everything is fine,SAFE
I think I am depressed but trying to cope,AMBIGUOUS
I think I plan to take pills tonight to sleep forever but I keep going,RISK_HIGH
"In my mind, I am doing well and happy but I’m trying to stay strong",SAFE
"Recently, Life is meaningless and I have no reason to go on and I don’t know what to do",RISK_HIGH
"Recently, Life is meaningless and I have no reason to go on but I keep going",RISK_HIGH
"Recently, I am struggling a lot and feel lost but I keep going",AMBIGUOUS
I think Everything is fine and I can’t talk to anyone about it,SAFE
"Sometimes, I am struggling a lot and feel lost",AMBIGUOUS
"Honestly, I wish I could disappear",RISK_LOW
"Recently, I am struggling a lot and feel lost and I don’t know what to do",AMBIGUOUS
"To be honest, Sometimes I think about hurting myself but I’m trying to stay strong",RISK_LOW
"Recently, Sometimes I think about hurting myself I just feel so lost",RISK_LOW
I think I feel so hopeless and want to end it all but I hope things get better,RISK_HIGH
"Honestly, I feel so hopeless and want to end it all and I don’t know what to do",RISK_HIGH
"To be honest, Sometimes I think about hurting myself but I keep going",RISK_LOW
I think I am doing well and happy and I can’t talk to anyone about it,SAFE
"Recently, I am struggling a lot and feel lost but I’m trying to stay strong",AMBIGUOUS
"Honestly, I am struggling a lot and feel lost and I don’t know what to do",AMBIGUOUS
"Honestly, I am depressed but trying to cope",AMBIGUOUS
"Recently, I cut myself yesterday but I hope things get better",RISK_HIGH
"Lately, I wish I could disappear but I’m trying to stay strong",RISK_LOW
"Lately, Sometimes I think about hurting myself and I can’t talk to anyone about it",RISK_LOW
"Sometimes, I am depressed but trying to cope I just feel so lost",AMBIGUOUS
"Lately, I am depressed but trying to cope and I don’t know what to do",AMBIGUOUS
"Honestly, I am doing well and happy but I keep going",SAFE
"In my mind, I wish I could disappear and I can’t talk to anyone about it",RISK_LOW
I think I plan to take pills tonight to sleep forever,RISK_HIGH
"Sometimes, Life is meaningless and I have no reason to go on but I’m trying to stay strong",RISK_HIGH
"To be honest, I plan to take pills tonight to sleep forever but I keep going",RISK_HIGH
"Sometimes, I feel so hopeless and want to end it all and I don’t know what to do",RISK_HIGH
"Honestly, Life is meaningless and I have no reason to go on I just feel so lost",RISK_HIGH
"To be honest, Life is meaningless and I have no reason to go on but I keep going",RISK_HIGH
"Honestly, Life is meaningless and I have no reason to go on I just feel so lost",RISK_HIGH
"To be honest, I am depressed but trying to cope I just feel so lost",AMBIGUOUS
"Honestly, I cut myself yesterday I just feel so lost",RISK_HIGH
"In my mind, Sometimes I think about hurting myself but I hope things get better",RISK_LOW
"Lately, Everything is fine and I can’t talk to anyone about it",SAFE
"Sometimes, I cut myself yesterday and I can’t talk to anyone about it",RISK_HIGH
"Sometimes, I am doing well and happy and I don’t know what to do",SAFE
"Sometimes, I cut myself yesterday",RISK_HIGH
I think I am struggling a lot and feel lost but I hope things get better,AMBIGUOUS
"In my mind, I am struggling a lot and feel lost but I’m trying to stay strong",AMBIGUOUS
"Honestly, I feel so hopeless and want to end it all but I hope things get better",RISK_HIGH
"Recently, I am depressed but trying to cope",AMBIGUOUS
"Lately, Everything is fine but I keep going",SAFE
"Sometimes, I am struggling a lot and feel lost",AMBIGUOUS
"Recently, I cut myself yesterday I just feel so lost",RISK_HIGH
"Honestly, I plan to take pills tonight to sleep forever and I don’t know what to do",RISK_HIGH
"Lately, I am doing well and happy",SAFE
"Sometimes, I cut myself yesterday and I don’t know what to do",RISK_HIGH
"Honestly, Everything is fine and I can’t talk to anyone about it",SAFE
"Sometimes, Life is meaningless and I have no reason to go on and I can’t talk to anyone about it",RISK_HIGH
I think I am doing well and happy but I hope things get better,SAFE
"Lately, I feel so hopeless and want to end it all and I can’t talk to anyone about it",RISK_HIGH
"Honestly, Life is meaningless and I have no reason to go on but I hope things get better",RISK_HIGH
"Lately, I am depressed but trying to cope but I hope things get better",AMBIGUOUS
"To be honest, I am struggling a lot and feel lost and I don’t know what to do",AMBIGUOUS
"To be honest, Sometimes I think about hurting myself but I keep going",RISK_LOW
"Sometimes, Life is meaningless and I have no reason to go on and I can’t talk to anyone about it",RISK_HIGH
"Honestly, I feel so hopeless and want to end it all and I can’t talk to anyone about it",RISK_HIGH
"Lately, I wish I could disappear but I hope things get better",RISK_LOW
"Lately, Everything is fine but I’m trying to stay strong",SAFE
"In my mind, Sometimes I think about hurting myself",RISK_LOW
"Sometimes, I am struggling a lot and feel lost but I hope things get better",AMBIGUOUS
"Honestly, Life is meaningless and I have no reason to go on",RISK_HIGH
I think Everything is fine and I can’t talk to anyone about it,SAFE
"Honestly, I wish I could disappear but I’m trying to stay strong",RISK_LOW
"Lately, Everything is fine and I can’t talk to anyone about it",SAFE
"Sometimes, I am struggling a lot and feel lost and I can’t talk to anyone about it",AMBIGUOUS
"Sometimes, I am doing well and happy I just feel so lost",SAFE
"Lately, I feel so hopeless and want to end it all but I hope things get better",RISK_HIGH
"Honestly, I am depressed but trying to cope and I don’t know what to do",AMBIGUOUS
"Lately, I am struggling a lot and feel lost and I don’t know what to do",AMBIGUOUS
"Recently, Everything is fine",SAFE
"Recently, I feel so hopeless and want to end it all I just feel so lost",RISK_HIGH
"To be honest, I plan to take pills tonight to sleep forever",RISK_HIGH
"Honestly, I feel so hopeless and want to end it all but I keep going",RISK_HIGH
"To be honest, I am doing well and happy and I can’t talk to anyone about it",SAFE
"Sometimes, I am struggling a lot and feel lost but I hope things get better",AMBIGUOUS
"To be honest, I am struggling a lot and feel lost and I don’t know what to do",AMBIGUOUS
"Sometimes, I am struggling a lot and feel lost but I keep going",AMBIGUOUS
"Sometimes, I cut myself yesterday but I’m trying to stay strong",RISK_HIGH
"To be honest, I cut myself yesterday I just feel so lost",RISK_HIGH
"Honestly, I am depressed but trying to cope and I can’t talk to anyone about it",AMBIGUOUS
"In my mind, I wish I could disappear I just feel so lost",RISK_LOW
"In my mind, I am depressed but trying to cope and I don’t know what to do",AMBIGUOUS
I think I am struggling a lot and feel lost but I’m trying to stay strong,AMBIGUOUS
"Honestly, I cut myself yesterday",RISK_HIGH
"Sometimes, I am struggling a lot and feel lost but I keep going",AMBIGUOUS
"Honestly, I cut myself yesterday but I hope things get better",RISK_HIGH
"Recently, I am doing well and happy and I can’t talk to anyone about it",SAFE
"In my mind, I am depressed but trying to cope and I can’t talk to anyone about it",AMBIGUOUS
"Sometimes, I cut myself yesterday but I’m trying to stay strong",RISK_HIGH
"Honestly, I wish I could disappear but I keep going",RISK_LOW
"Lately, I am struggling a lot and feel lost I just feel so lost",AMBIGUOUS
"Honestly, I plan to take pills tonight to sleep forever but I’m trying to stay strong",RISK_HIGH
"Honestly, I am depressed but trying to cope but I’m trying to stay strong",AMBIGUOUS
"In my mind, I am doing well and happy and I don’t know what to do",SAFE
"Honestly, I am doing well and happy but I keep going",SAFE
"In my mind, I plan to take pills tonight to sleep forever I just feel so lost",RISK_HIGH
"Honestly, I am struggling a lot and feel lost but I’m trying to stay strong",AMBIGUOUS
I think Sometimes I think about hurting myself and I can’t talk to anyone about it,RISK_LOW
"Recently, Sometimes I think about hurting myself and I can’t talk to anyone about it",RISK_LOW
"Lately, Everything is fine and I don’t know what to do",SAFE
"In my mind, I am depressed but trying to cope but I hope things get better",AMBIGUOUS
"To be honest, I am struggling a lot and feel lost",AMBIGUOUS
"Lately, Everything is fine and I can’t talk to anyone about it",SAFE
"Sometimes, I wish I could disappear but I keep going",RISK_LOW
"Lately, I feel so hopeless and want to end it all and I can’t talk to anyone about it",RISK_HIGH
"Sometimes, Sometimes I think about hurting myself but I hope things get better",RISK_LOW
I think I feel so hopeless and want to end it all but I keep going,RISK_HIGH
I think I am doing well and happy and I can’t talk to anyone about it,SAFE
"In my mind, I cut myself yesterday but I keep going",RISK_HIGH
"Honestly, I cut myself yesterday and I can’t talk to anyone about it",RISK_HIGH
"Sometimes, Life is meaningless and I have no reason to go on but I’m trying to stay strong",RISK_HIGH
"Recently, I wish I could disappear",RISK_LOW
"Sometimes, Life is meaningless and I have no reason to go on and I can’t talk to anyone about it",RISK_HIGH
"Lately, Everything is fine I just feel so lost",SAFE
"Recently, I am doing well and happy",SAFE
I think Sometimes I think about hurting myself and I don’t know what to do,RISK_LOW
I think I am doing well and happy but I keep going,SAFE
"Honestly, I cut myself yesterday and I can’t talk to anyone about it",RISK_HIGH
"Recently, I wish I could disappear and I can’t talk to anyone about it",RISK_LOW
"Honestly, Life is meaningless and I have no reason to go on",RISK_HIGH
"To be honest, Life is meaningless and I have no reason to go on and I don’t know what to do",RISK_HIGH
"Honestly, Sometimes I think about hurting myself but I hope things get better",RISK_LOW
I think I plan to take pills tonight to sleep forever but I’m trying to stay strong,RISK_HIGH
"Recently, I plan to take pills tonight to sleep forever and I don’t know what to do",RISK_HIGH
"Recently, I wish I could disappear and I don’t know what to do",RISK_LOW
I think I am depressed but trying to cope I just feel so lost,AMBIGUOUS
"In my mind, I wish I could disappear but I hope things get better",RISK_LOW
"In my mind, Sometimes I think about hurting myself and I can’t talk to anyone about it",RISK_LOW
I think I cut myself yesterday and I can’t talk to anyone about it,RISK_HIGH
"Honestly, I cut myself yesterday but I keep going",RISK_HIGH
"Honestly, I cut myself yesterday and I can’t talk to anyone about it",RISK_HIGH
"Sometimes, I cut myself yesterday",RISK_HIGH
"Honestly, Life is meaningless and I have no reason to go on",RISK_HIGH
I think Everything is fine and I can’t talk to anyone about it,SAFE
"Recently, Sometimes I think about hurting myself and I can’t talk to anyone about it",RISK_LOW
"Recently, I am struggling a lot and feel lost I just feel so lost",AMBIGUOUS
"Lately, I plan to take pills tonight to sleep forever and I don’t know what to do",RISK_HIGH
"Recently, I cut myself yesterday",RISK_HIGH
"In my mind, I cut myself yesterday and I can’t talk to anyone about it",RISK_HIGH
"Honestly, I feel so hopeless and want to end it all and I don’t know what to do",RISK_HIGH
"To be honest, Sometimes I think about hurting myself but I keep going",RISK_LOW
"Recently, I am struggling a lot and feel lost but I’m trying to stay strong",AMBIGUOUS
"Sometimes, Life is meaningless and I have no reason to go on but I keep going",RISK_HIGH
"Recently, I am struggling a lot and feel lost",AMBIGUOUS
"To be honest, I wish I could disappear but I hope things get better",RISK_LOW
"To be honest, I feel so hopeless and want to end it all and I don’t know what to do",RISK_HIGH
"To be honest, Life is meaningless and I have no reason to go on but I’m trying to stay strong",RISK_HIGH
"In my mind, I am depressed but trying to cope I just feel so lost",AMBIGUOUS
"In my mind, Life is meaningless and I have no reason to go on I just feel so lost",RISK_HIGH
"Honestly, Everything is fine and I can’t talk to anyone about it",SAFE
"Lately, I am depressed but trying to cope I just feel so lost",AMBIGUOUS
I think I am depressed but trying to cope and I can’t talk to anyone about it,AMBIGUOUS
"Honestly, I cut myself yesterday",RISK_HIGH
"Lately, Life is meaningless and I have no reason to go on I just feel so lost",RISK_HIGH
"To be honest, I am depressed but trying to cope and I can’t talk to anyone about it",AMBIGUOUS
"Sometimes, Sometimes I think about hurting myself and I can’t talk to anyone about it",RISK_LOW
I think I am doing well and happy but I hope things get better,SAFE
"To be honest, Life is meaningless and I have no reason to go on but I keep going",RISK_HIGH
"Recently, Sometimes I think about hurting myself but I’m trying to stay strong",RISK_LOW
"Lately, I wish I could disappear but I keep going",RISK_LOW
"Recently, I wish I could disappear and I can’t talk to anyone about it",RISK_LOW
"Sometimes, Everything is fine and I can’t talk to anyone about it",SAFE
"Sometimes, Sometimes I think about hurting myself and I can’t talk to anyone about it",RISK_LOW
I think I plan to take pills tonight to sleep forever but I keep going,RISK_HIGH
"In my mind, I cut myself yesterday but I keep going",RISK_HIGH
"To be honest, Everything is fine and I can’t talk to anyone about it",SAFE
"Sometimes, I plan to take pills tonight to sleep forever",RISK_HIGH
"Lately, I plan to take pills tonight to sleep forever but I keep going",RISK_HIGH
"Lately, I am doing well and happy",SAFE
"Sometimes, I wish I could disappear I just feel so lost",RISK_LOW
"Recently, Sometimes I think about hurting myself I just feel so lost",RISK_LOW
"Recently, I plan to take pills tonight to sleep forever but I hope things get better",RISK_HIGH
"In my mind, I am doing well and happy",SAFE
"Recently, Sometimes I think about hurting myself",RISK_LOW
"In my mind, I cut myself yesterday but I keep going",RISK_HIGH
"In my mind, Life is meaningless and I have no reason to go on and I don’t know what to do",RISK_HIGH
"Honestly, I am doing well and happy I just feel so lost",SAFE
"Sometimes, I am doing well and happy but I keep going",SAFE
"Honestly, Everything is fine but I keep going",SAFE
"Recently, I cut myself yesterday but I hope things get better",RISK_HIGH
"Recently, Everything is fine but I’m trying to stay strong",SAFE
"Recently, I am depressed but trying to cope I just feel so lost",AMBIGUOUS
"Sometimes, I am depressed but trying to cope",AMBIGUOUS
"Recently, Everything is fine and I don’t know what to do",SAFE
"Sometimes, I am depressed but trying to cope",AMBIGUOUS
I think Sometimes I think about hurting myself but I keep going,RISK_LOW
I think Sometimes I think about hurting myself and I can’t talk to anyone about it,RISK_LOW
"In my mind, Sometimes I think about hurting myself",RISK_LOW
"To be honest, I am depressed but trying to cope",AMBIGUOUS
I think I wish I could disappear but I hope things get better,RISK_LOW
I think I am struggling a lot and feel lost but I hope things get better,AMBIGUOUS
"In my mind, I wish I could disappear but I’m trying to stay strong",RISK_LOW
"Lately, I wish I could disappear but I hope things get better",RISK_LOW
"Sometimes, I feel so hopeless and want to end it all and I don’t know what to do",RISK_HIGH
"Sometimes, Sometimes I think about hurting myself I just feel so lost",RISK_LOW
"Lately, Everything is fine and I can’t talk to anyone about it",SAFE
"Recently, I feel so hopeless and want to end it all and I don’t know what to do",RISK_HIGH
"Recently, I plan to take pills tonight to sleep forever but I’m trying to stay strong",RISK_HIGH
"Sometimes, I am doing well and happy and I don’t know what to do",SAFE
"Honestly, I am depressed but trying to cope but I keep going",AMBIGUOUS
"Lately, I plan to take pills tonight to sleep forever I just feel so lost",RISK_HIGH
"Lately, I am doing well and happy and I don’t know what to do",SAFE
"In my mind, I wish I could disappear",RISK_LOW
"Lately, I cut myself yesterday I just feel so lost",RISK_HIGH
"Lately, Everything is fine and I can’t talk to anyone about it",SAFE
"Lately, Sometimes I think about hurting myself but I keep going",RISK_LOW
"Lately, I wish I could disappear",RISK_LOW
"Sometimes, I am depressed but trying to cope and I don’t know what to do",AMBIGUOUS
"To be honest, Sometimes I think about hurting myself but I hope things get better",RISK_LOW
"Honestly, I feel so hopeless and want to end it all I just feel so lost",RISK_HIGH
"Recently, Life is meaningless and I have no reason to go on but I’m trying to stay strong",RISK_HIGH
"Sometimes, I wish I could disappear I just feel so lost",RISK_LOW
"Sometimes, I wish I could disappear I just feel so lost",RISK_LOW
"Honestly, I am depressed but trying to cope",AMBIGUOUS
"To be honest, I cut myself yesterday but I keep going",RISK_HIGH
"To be honest, Sometimes I think about hurting myself and I don’t know what to do",RISK_LOW
"In my mind, I plan to take pills tonight to sleep forever and I don’t know what to do",RISK_HIGH
"Lately, I wish I could disappear",RISK_LOW
"Honestly, I feel so hopeless and want to end it all and I can’t talk to anyone about it",RISK_HIGH
"In my mind, I am doing well and happy",SAFE
I think I feel so hopeless and want to end it all I just feel so lost,RISK_HIGH
I think I feel so hopeless and want to end it all and I can’t talk to anyone about it,RISK_HIGH
"To be honest, I wish I could disappear and I don’t know what to do",RISK_LOW
"Lately, I am depressed but trying to cope but I hope things get better",AMBIGUOUS
"Recently, I am depressed but trying to cope but I hope things get better",AMBIGUOUS
"To be honest, I plan to take pills tonight to sleep forever I just feel so lost",RISK_HIGH
"To be honest, I feel so hopeless and want to end it all and I don’t know what to do",RISK_HIGH
"To be honest, Everything is fine",SAFE
"To be honest, I am struggling a lot and feel lost I just feel so lost",AMBIGUOUS
"To be honest, I cut myself yesterday I just feel so lost",RISK_HIGH
"Recently, I feel so hopeless and want to end it all I just feel so lost",RISK_HIGH
"Lately, Everything is fine but I’m trying to stay strong",SAFE
"To be honest, Everything is fine I just feel so lost",SAFE
"In my mind, I cut myself yesterday I just feel so lost",RISK_HIGH
"In my mind, I am struggling a lot and feel lost but I hope things get better",AMBIGUOUS
"To be honest, I am depressed but trying to cope but I keep going",AMBIGUOUS
"Recently, I am doing well and happy",SAFE
"To be honest, I feel so hopeless and want to end it all and I don’t know what to do",RISK_HIGH
I think Sometimes I think about hurting myself but I keep going,RISK_LOW
"Recently, I plan to take pills tonight to sleep forever",RISK_HIGH
"In my mind, Sometimes I think about hurting myself but I keep going",RISK_LOW
"Lately, I plan to take pills tonight to sleep forever but I hope things get better",RISK_HIGH
"Recently, Everything is fine I just feel so lost",SAFE
"Recently, I am doing well and happy",SAFE
I think I wish I could disappear and I don’t know what to do,RISK_LOW
"Recently, I cut myself yesterday but I keep going",RISK_HIGH
"To be honest, Sometimes I think about hurting myself but I hope things get better",RISK_LOW
"To be honest, Life is meaningless and I have no reason to go on but I’m trying to stay strong",RISK_HIGH
"Honestly, I plan to take pills tonight to sleep forever but I’m trying to stay strong",RISK_HIGH
"Honestly, Everything is fine",SAFE
"To be honest, I cut myself yesterday and I don’t know what to do",RISK_HIGH
"To be honest, Everything is fine but I keep going",SAFE
"Lately, I am struggling a lot and feel lost but I hope things get better",AMBIGUOUS
"Sometimes, I am struggling a lot and feel lost and I don’t know what to do",AMBIGUOUS
"Sometimes, I am depressed but trying to cope but I keep going",AMBIGUOUS
I think I am depressed but trying to cope I just feel so lost,AMBIGUOUS
"Sometimes, Everything is fine but I keep going",SAFE
I think I am doing well and happy and I can’t talk to anyone about it,SAFE
"In my mind, I plan to take pills tonight to sleep forever but I hope things get better",RISK_HIGH
"Sometimes, Everything is fine",SAFE
"In my mind, I am struggling a lot and feel lost and I don’t know what to do",AMBIGUOUS
I think Life is meaningless and I have no reason to go on and I can’t talk to anyone about it,RISK_HIGH
"Sometimes, Everything is fine",SAFE
"Sometimes, I cut myself yesterday and I don’t know what to do",RISK_HIGH
"Recently, I feel so hopeless and want to end it all and I can’t talk to anyone about it",RISK_HIGH
"Sometimes, Life is meaningless and I have no reason to go on I just feel so lost",RISK_HIGH
I think Sometimes I think about hurting myself but I keep going,RISK_LOW
"Lately, I am struggling a lot and feel lost but I’m trying to stay strong",AMBIGUOUS
"Recently, Sometimes I think about hurting myself and I don’t know what to do",RISK_LOW
"Honestly, Everything is fine and I don’t know what to do",SAFE
"Honestly, I am doing well and happy I just feel so lost",SAFE
"Lately, I cut myself yesterday and I can’t talk to anyone about it",RISK_HIGH
"Recently, I cut myself yesterday and I can’t talk to anyone about it",RISK_HIGH
"Honestly, Everything is fine",SAFE
"In my mind, I am depressed but trying to cope I just feel so lost",AMBIGUOUS
"Sometimes, I am struggling a lot and feel lost",AMBIGUOUS
I think Sometimes I think about hurting myself I just feel so lost,RISK_LOW
"Honestly, Sometimes I think about hurting myself",RISK_LOW
"Honestly, I wish I could disappear but I’m trying to stay strong",RISK_LOW
"To be honest, I am doing well and happy I just feel so lost",SAFE
"Recently, Everything is fine but I keep going",SAFE
I think I am doing well and happy and I can’t talk to anyone about it,SAFE
I think I am depressed but trying to cope but I hope things get better,AMBIGUOUS
"Recently, I wish I could disappear and I can’t talk to anyone about it",RISK_LOW
"Lately, Life is meaningless and I have no reason to go on but I keep going",RISK_HIGH
"Sometimes, I cut myself yesterday I just feel so lost",RISK_HIGH
"Sometimes, Sometimes I think about hurting myself but I keep going",RISK_LOW
"Lately, I am depressed but trying to cope and I can’t talk to anyone about it",AMBIGUOUS
"Honestly, I cut myself yesterday but I hope things get better",RISK_HIGH
"Recently, I feel so hopeless and want to end it all but I hope things get better",RISK_HIGH
"Sometimes, Sometimes I think about hurting myself and I don’t know what to do",RISK_LOW
"Honestly, Everything is fine I just feel so lost",SAFE
I think I cut myself yesterday I just feel so lost,RISK_HIGH
"To be honest, Sometimes I think about hurting myself but I’m trying to stay strong",RISK_LOW
"Recently, I cut myself yesterday but I’m trying to stay strong",RISK_HIGH
I think I am doing well and happy,SAFE
"To be honest, Everything is fine and I don’t know what to do",SAFE
"In my mind, I wish I could disappear but I hope things get better",RISK_LOW
"To be honest, I plan to take pills tonight to sleep forever and I can’t talk to anyone about it",RISK_HIGH
"In my mind, Life is meaningless and I have no reason to go on but I keep going",RISK_HIGH
"Sometimes, Sometimes I think about hurting myself and I can’t talk to anyone about it",RISK_LOW
I think I am depressed but trying to cope I just feel so lost,AMBIGUOUS
"Recently, Everything is fine and I can’t talk to anyone about it",SAFE
"Recently, I am struggling a lot and feel lost but I’m trying to stay strong",AMBIGUOUS
I think Everything is fine,SAFE
"Lately, I plan to take pills tonight to sleep forever and I can’t talk to anyone about it",RISK_HIGH
"Recently, I am depressed but trying to cope but I hope things get better",AMBIGUOUS
"Sometimes, I plan to take pills tonight to sleep forever and I can’t talk to anyone about it",RISK_HIGH
"In my mind, I feel so hopeless and want to end it all",RISK_HIGH
I think I feel so hopeless and want to end it all but I keep going,RISK_HIGH
I think I am struggling a lot and feel lost,AMBIGUOUS
"To be honest, I plan to take pills tonight to sleep forever but I hope things get better",RISK_HIGH
"In my mind, Life is meaningless and I have no reason to go on and I don’t know what to do",RISK_HIGH
"Honestly, I wish I could disappear and I can’t talk to anyone about it",RISK_LOW
"In my mind, Sometimes I think about hurting myself but I’m trying to stay strong",RISK_LOW
"To be honest, Sometimes I think about hurting myself I just feel so lost",RISK_LOW
"Sometimes, I wish I could disappear and I can’t talk to anyone about it",RISK_LOW
"To be honest, I am depressed but trying to cope but I hope things get better",AMBIGUOUS
"Sometimes, I am struggling a lot and feel lost",AMBIGUOUS
I think I am doing well and happy but I hope things get better,SAFE
I think I feel so hopeless and want to end it all but I keep going,RISK_HIGH
I think I am struggling a lot and feel lost and I can’t talk to anyone about it,AMBIGUOUS
"Honestly, Life is meaningless and I have no reason to go on but I hope things get better",RISK_HIGH
"Honestly, Life is meaningless and I have no reason to go on",RISK_HIGH
"In my mind, I wish I could disappear",RISK_LOW
I think I cut myself yesterday and I can’t talk to anyone about it,RISK_HIGH
"Lately, I am struggling a lot and feel lost and I can’t talk to anyone about it",AMBIGUOUS
"Sometimes, I plan to take pills tonight to sleep forever and I don’t know what to do",RISK_HIGH
"Recently, I cut myself yesterday but I’m trying to stay strong",RISK_HIGH
"Lately, I wish I could disappear but I’m trying to stay strong",RISK_LOW
"Honestly, Sometimes I think about hurting myself and I don’t know what to do",RISK_LOW
"In my mind, I am depressed but trying to cope but I keep going",AMBIGUOUS
"To be honest, I feel so hopeless and want to end it all",RISK_HIGH
"In my mind, I am struggling a lot and feel lost but I keep going",AMBIGUOUS
"In my mind, I cut myself yesterday but I keep going",RISK_HIGH
"Sometimes, I cut myself yesterday and I don’t know what to do",RISK_HIGH
"Honestly, I plan to take pills tonight to sleep forever but I hope things get better",RISK_HIGH
"Recently, I cut myself yesterday but I’m trying to stay strong",RISK_HIGH
"Lately, I cut myself yesterday but I hope things get better",RISK_HIGH
"In my mind, Life is meaningless and I have no reason to go on",RISK_HIGH
"In my mind, I cut myself yesterday and I don’t know what to do",RISK_HIGH
I think I am doing well and happy but I hope things get better,SAFE
I think I cut myself yesterday I just feel so lost,RISK_HIGH
"Recently, I plan to take pills tonight to sleep forever and I can’t talk to anyone about it",RISK_HIGH
"In my mind, I plan to take pills tonight to sleep forever but I keep going",RISK_HIGH
"To be honest, I plan to take pills tonight to sleep forever but I keep going",RISK_HIGH
"Lately, Life is meaningless and I have no reason to go on and I don’t know what to do",RISK_HIGH
"In my mind, I am depressed but trying to cope but I hope things get better",AMBIGUOUS
I think I am struggling a lot and feel lost but I’m trying to stay strong,AMBIGUOUS
"Lately, I feel so hopeless and want to end it all but I’m trying to stay strong",RISK_HIGH
"In my mind, I cut myself yesterday I just feel so lost",RISK_HIGH
"To be honest, Everything is fine but I’m trying to stay strong",SAFE
"To be honest, I wish I could disappear I just feel so lost",RISK_LOW
"To be honest, I am depressed but trying to cope I just feel so lost",AMBIGUOUS
"Lately, I am struggling a lot and feel lost but I’m trying to stay strong",AMBIGUOUS
"In my mind, I plan to take pills tonight to sleep forever",RISK_HIGH
"Lately, I wish I could disappear",RISK_LOW
"Sometimes, I am depressed but trying to cope and I don’t know what to do",AMBIGUOUS
"Sometimes, I plan to take pills tonight to sleep forever but I hope things get better",RISK_HIGH
"In my mind, Everything is fine and I can’t talk to anyone about it",SAFE
"To be honest, I am depressed but trying to cope I just feel so lost",AMBIGUOUS
"In my mind, I am doing well and happy",SAFE
"To be honest, Sometimes I think about hurting myself I just feel so lost",RISK_LOW
"In my mind, I am depressed but trying to cope",AMBIGUOUS
"Lately, I feel so hopeless and want to end it all",RISK_HIGH
"In my mind, Life is meaningless and I have no reason to go on but I keep going",RISK_HIGH
I think Everything is fine I just feel so lost,SAFE
I think I plan to take pills tonight to sleep forever,RISK_HIGH
"Sometimes, Everything is fine and I don’t know what to do",SAFE
"Recently, I plan to take pills tonight to sleep forever but I keep going",RISK_HIGH
"Honestly, I cut myself yesterday and I can’t talk to anyone about it",RISK_HIGH
"Honestly, I wish I could disappear but I’m trying to stay strong",RISK_LOW
"Honestly, Everything is fine but I keep going",SAFE
"To be honest, I wish I could disappear but I keep going",RISK_LOW
"In my mind, I wish I could disappear but I keep going",RISK_LOW
"In my mind, I cut myself yesterday and I can’t talk to anyone about it",RISK_HIGH
"Lately, I wish I could disappear but I keep going",RISK_LOW
"Honestly, I feel so hopeless and want to end it all but I hope things get better",RISK_HIGH
"In my mind, I plan to take pills tonight to sleep forever",RISK_HIGH
"In my mind, I am depressed but trying to cope I just feel so lost",AMBIGUOUS
"Lately, I plan to take pills tonight to sleep forever and I can’t talk to anyone about it",RISK_HIGH
"To be honest, Everything is fine but I hope things get better",SAFE
I think I am struggling a lot and feel lost and I can’t talk to anyone about it,AMBIGUOUS
"In my mind, I am struggling a lot and feel lost and I don’t know what to do",AMBIGUOUS
"Honestly, Sometimes I think about hurting myself",RISK_LOW
"To be honest, I am doing well and happy but I’m trying to stay strong",SAFE
I think I wish I could disappear and I don’t know what to do,RISK_LOW
"Sometimes, Life is meaningless and I have no reason to go on but I hope things get better",RISK_HIGH
"In my mind, Sometimes I think about hurting myself",RISK_LOW
"To be honest, Life is meaningless and I have no reason to go on",RISK_HIGH
"To be honest, I am depressed but trying to cope but I keep going",AMBIGUOUS
"Sometimes, I plan to take pills tonight to sleep forever and I don’t know what to do",RISK_HIGH
"To be honest, I feel so hopeless and want to end it all and I don’t know what to do",RISK_HIGH
"Honestly, I wish I could disappear I just feel so lost",RISK_LOW
"Lately, I wish I could disappear",RISK_LOW
"Honestly, I feel so hopeless and want to end it all but I’m trying to stay strong",RISK_HIGH
"Lately, I feel so hopeless and want to end it all and I don’t know what to do",RISK_HIGH
I think Sometimes I think about hurting myself and I can’t talk to anyone about it,RISK_LOW
I think Sometimes I think about hurting myself but I keep going,RISK_LOW
"In my mind, I cut myself yesterday and I don’t know what to do",RISK_HIGH
I think I feel so hopeless and want to end it all I just feel so lost,RISK_HIGH
"In my mind, I am doing well and happy but I’m trying to stay strong",SAFE
"To be honest, Life is meaningless and I have no reason to go on but I’m trying to stay strong",RISK_HIGH
"To be honest, Life is meaningless and I have no reason to go on but I keep going",RISK_HIGH
"To be honest, Everything is fine and I can’t talk to anyone about it",SAFE
"To be honest, I am depressed but trying to cope",AMBIGUOUS
"Honestly, I cut myself yesterday and I can’t talk to anyone about it",RISK_HIGH
"To be honest, I am struggling a lot and feel lost",AMBIGUOUS
"Recently, Sometimes I think about hurting myself I just feel so lost",RISK_LOW
"In my mind, I plan to take pills tonight to sleep forever but I’m trying to stay strong",RISK_HIGH
"Recently, I am struggling a lot and feel lost but I keep going",AMBIGUOUS
I think I wish I could disappear and I don’t know what to do,RISK_LOW
"Honestly, I am depressed but trying to cope and I don’t know what to do",AMBIGUOUS
"Sometimes, I am doing well and happy but I’m trying to stay strong",SAFE
I think I am struggling a lot and feel lost but I’m trying to stay strong,AMBIGUOUS
"In my mind, I am struggling a lot and feel lost",AMBIGUOUS
I think I wish I could disappear,RISK_LOW
"Honestly, I cut myself yesterday",RISK_HIGH
"Lately, I plan to take pills tonight to sleep forever and I don’t know what to do",RISK_HIGH
"Recently, I am doing well and happy I just feel so lost",SAFE
I think I feel so hopeless and want to end it all and I don’t know what to do,RISK_HIGH
"To be honest, Sometimes I think about hurting myself but I hope things get better",RISK_LOW
"Honestly, I plan to take pills tonight to sleep forever",RISK_HIGH
"Recently, I am doing well and happy but I hope things get better",SAFE
"Honestly, I feel so hopeless and want to end it all I just feel so lost",RISK_HIGH
"Lately, I plan to take pills tonight to sleep forever but I hope things get better",RISK_HIGH
I think I am depressed but trying to cope but I hope things get better,AMBIGUOUS
"In my mind, Sometimes I think about hurting myself and I don’t know what to do",RISK_LOW
"To be honest, Sometimes I think about hurting myself but I keep going",RISK_LOW
"Sometimes, I wish I could disappear and I don’t know what to do",RISK_LOW
"To be honest, I feel so hopeless and want to end it all but I keep going",RISK_HIGH
"To be honest, I cut myself yesterday I just feel so lost",RISK_HIGH
"Sometimes, I am depressed but trying to cope I just feel so lost",AMBIGUOUS
"To be honest, I am depressed but trying to cope and I don’t know what to do",AMBIGUOUS
"In my mind, Everything is fine but I keep going",SAFE
"Recently, I wish I could disappear but I’m trying to stay strong",RISK_LOW
"In my mind, I am doing well and happy but I’m trying to stay strong",SAFE
"In my mind, Sometimes I think about hurting myself",RISK_LOW
"Honestly, Life is meaningless and I have no reason to go on and I can’t talk to anyone about it",RISK_HIGH
"Recently, Everything is fine I just feel so lost",SAFE
"Recently, I cut myself yesterday but I’m trying to stay strong",RISK_HIGH
"Honestly, Sometimes I think about hurting myself but I hope things get better",RISK_LOW
"Sometimes, I cut myself yesterday but I hope things get better",RISK_HIGH
I think Everything is fine but I’m trying to stay strong,SAFE
"To be honest, I feel so hopeless and want to end it all and I don’t know what to do",RISK_HIGH
"Honestly, Life is meaningless and I have no reason to go on but I keep going",RISK_HIGH
"In my mind, I wish I could disappear and I don’t know what to do",RISK_LOW
"Sometimes, I plan to take pills tonight to sleep forever and I don’t know what to do",RISK_HIGH
"Sometimes, I cut myself yesterday but I keep going",RISK_HIGH
"Lately, I plan to take pills tonight to sleep forever but I hope things get better",RISK_HIGH
"To be honest, I plan to take pills tonight to sleep forever and I don’t know what to do",RISK_HIGH
"Sometimes, I wish I could disappear I just feel so lost",RISK_LOW
"In my mind, Everything is fine but I’m trying to stay strong",SAFE
"Honestly, I plan to take pills tonight to sleep forever I just feel so lost",RISK_HIGH
"Honestly, I cut myself yesterday but I keep going",RISK_HIGH
"To be honest, I cut myself yesterday but I keep going",RISK_HIGH
"In my mind, I am struggling a lot and feel lost and I don’t know what to do",AMBIGUOUS
"Sometimes, I cut myself yesterday",RISK_HIGH
I think I am depressed but trying to cope but I hope things get better,AMBIGUOUS
"Recently, I feel so hopeless and want to end it all",RISK_HIGH
"To be honest, I cut myself yesterday",RISK_HIGH
"To be honest, I am depressed but trying to cope",AMBIGUOUS
"In my mind, I am doing well and happy and I don’t know what to do",SAFE
"In my mind, I am depressed but trying to cope I just feel so lost",AMBIGUOUS
"To be honest, I wish I could disappear and I can’t talk to anyone about it",RISK_LOW
"To be honest, I feel so hopeless and want to end it all",RISK_HIGH
"Lately, I plan to take pills tonight to sleep forever but I hope things get better",RISK_HIGH
"Recently, I cut myself yesterday and I can’t talk to anyone about it",RISK_HIGH
"Recently, I wish I could disappear",RISK_LOW
"To be honest, Sometimes I think about hurting myself but I keep going",RISK_LOW
"In my mind, I cut myself yesterday",RISK_HIGH
"Recently, I am struggling a lot and feel lost and I don’t know what to do",AMBIGUOUS
"In my mind, Sometimes I think about hurting myself but I hope things get better",RISK_LOW
"Sometimes, I am struggling a lot and feel lost and I can’t talk to anyone about it",AMBIGUOUS
"Lately, I am struggling a lot and feel lost I just feel so lost",AMBIGUOUS
"Recently, Life is meaningless and I have no reason to go on but I hope things get better",RISK_HIGH
"Lately, I wish I could disappear I just feel so lost",RISK_LOW
"To be honest, Sometimes I think about hurting myself I just feel so lost",RISK_LOW
"To be honest, I am struggling a lot and feel lost",AMBIGUOUS
"Lately, I plan to take pills tonight to sleep forever but I keep going",RISK_HIGH
"Honestly, I feel so hopeless and want to end it all but I’m trying to stay strong",RISK_HIGH
I think I cut myself yesterday but I’m trying to stay strong,RISK_HIGH
"Lately, Sometimes I think about hurting myself",RISK_LOW
"To be honest, Life is meaningless and I have no reason to go on but I’m trying to stay strong",RISK_HIGH
"In my mind, Sometimes I think about hurting myself and I don’t know what to do",RISK_LOW
"To be honest, Everything is fine but I’m trying to stay strong",SAFE
"To be honest, I wish I could disappear but I hope things get better",RISK_LOW
"Lately, I plan to take pills tonight to sleep forever and I don’t know what to do",RISK_HIGH
"Recently, I wish I could disappear",RISK_LOW
"In my mind, Sometimes I think about hurting myself",RISK_LOW
I think Sometimes I think about hurting myself but I’m trying to stay strong,RISK_LOW
"Recently, Life is meaningless and I have no reason to go on and I can’t talk to anyone about it",RISK_HIGH
"Sometimes, I plan to take pills tonight to sleep forever and I can’t talk to anyone about it",RISK_HIGH
I think I feel so hopeless and want to end it all I just feel so lost,RISK_HIGH
"Lately, I am depressed but trying to cope but I hope things get better",AMBIGUOUS
I think I am depressed but trying to cope but I’m trying to stay strong,AMBIGUOUS
"Lately, I am depressed but trying to cope and I can’t talk to anyone about it",AMBIGUOUS
I think I plan to take pills tonight to sleep forever and I can’t talk to anyone about it,RISK_HIGH
"Honestly, I am doing well and happy but I’m trying to stay strong",SAFE
"Lately, I plan to take pills tonight to sleep forever",RISK_HIGH
I think Life is meaningless and I have no reason to go on and I can’t talk to anyone about it,RISK_HIGH
"Sometimes, Everything is fine",SAFE
"Honestly, I am doing well and happy and I don’t know what to do",SAFE
"Sometimes, I plan to take pills tonight to sleep forever and I can’t talk to anyone about it",RISK_HIGH
"Honestly, I cut myself yesterday and I don’t know what to do",RISK_HIGH
"Honestly, I wish I could disappear",RISK_LOW
"Honestly, I am struggling a lot and feel lost but I keep going",AMBIGUOUS
"Recently, Sometimes I think about hurting myself but I keep going",RISK_LOW
"Honestly, Everything is fine",SAFE
"Lately, I wish I could disappear and I don’t know what to do",RISK_LOW
"In my mind, I am doing well and happy I just feel so lost",SAFE
I think I plan to take pills tonight to sleep forever,RISK_HIGH
"Lately, I plan to take pills tonight to sleep forever",RISK_HIGH
"Recently, I feel so hopeless and want to end it all but I keep going",RISK_HIGH
"Honestly, I cut myself yesterday but I keep going",RISK_HIGH
"Sometimes, I plan to take pills tonight to sleep forever and I don’t know what to do",RISK_HIGH
"In my mind, I plan to take pills tonight to sleep forever but I keep going",RISK_HIGH
"To be honest, Life is meaningless and I have no reason to go on but I hope things get better",RISK_HIGH
"Sometimes, I wish I could disappear but I hope things get better",RISK_LOW
"To be honest, Sometimes I think about hurting myself but I’m trying to stay strong",RISK_LOW
"Recently, I am struggling a lot and feel lost but I keep going",AMBIGUOUS
"In my mind, I cut myself yesterday and I can’t talk to anyone about it",RISK_HIGH
"Lately, I feel so hopeless and want to end it all and I don’t know what to do",RISK_HIGH
"Sometimes, I wish I could disappear but I keep going",RISK_LOW
"To be honest, I am depressed but trying to cope and I can’t talk to anyone about it",AMBIGUOUS
I think Sometimes I think about hurting myself and I don’t know what to do,RISK_LOW
"Recently, I am doing well and happy but I hope things get better",SAFE
"Sometimes, Sometimes I think about hurting myself but I’m trying to stay strong",RISK_LOW
"In my mind, I am struggling a lot and feel lost I just feel so lost",AMBIGUOUS
I think Sometimes I think about hurting myself and I don’t know what to do,RISK_LOW
"To be honest, I cut myself yesterday",RISK_HIGH
"To be honest, I wish I could disappear and I can’t talk to anyone about it",RISK_LOW
"Lately, Sometimes I think about hurting myself",RISK_LOW
"In my mind, I wish I could disappear but I hope things get better",RISK_LOW
"Recently, I am depressed but trying to cope but I hope things get better",AMBIGUOUS
"To be honest, I am struggling a lot and feel lost but I’m trying to stay strong",AMBIGUOUS
"In my mind, Everything is fine and I can’t talk to anyone about it",SAFE
"To be honest, Everything is fine but I’m trying to stay strong",SAFE
I think Everything is fine and I can’t talk to anyone about it,SAFE
"Sometimes, I am struggling a lot and feel lost and I can’t talk to anyone about it",AMBIGUOUS
"Recently, I am doing well and happy I just feel so lost",SAFE
"Lately, I am depressed but trying to cope I just feel so lost",AMBIGUOUS
"Honestly, Life is meaningless and I have no reason to go on but I hope things get better",RISK_HIGH
"Lately, Sometimes I think about hurting myself but I hope things get better",RISK_LOW
"Sometimes, Life is meaningless and I have no reason to go on but I hope things get better",RISK_HIGH
"To be honest, Sometimes I think about hurting myself and I can’t talk to anyone about it",RISK_LOW
I think I am struggling a lot and feel lost but I’m trying to stay strong,AMBIGUOUS
"Lately, I cut myself yesterday but I keep going",RISK_HIGH
"Lately, I cut myself yesterday I just feel so lost",RISK_HIGH
"Sometimes, I feel so hopeless and want to end it all but I’m trying to stay strong",RISK_HIGH
"Sometimes, I am struggling a lot and feel lost but I keep going",AMBIGUOUS
"In my mind, I am doing well and happy I just feel so lost",SAFE
"Lately, I wish I could disappear and I don’t know what to do",RISK_LOW
"Honestly, I am doing well and happy but I hope things get better",SAFE
"In my mind, Sometimes I think about hurting myself and I don’t know what to do",RISK_LOW
"Sometimes, I am depressed but trying to cope I just feel so lost",AMBIGUOUS
"Honestly, Everything is fine and I can’t talk to anyone about it",SAFE
"Sometimes, I feel so hopeless and want to end it all and I can’t talk to anyone about it",RISK_HIGH
"In my mind, I am depressed but trying to cope but I keep going",AMBIGUOUS
"In my mind, Life is meaningless and I have no reason to go on but I’m trying to stay strong",RISK_HIGH
"To be honest, I am depressed but trying to cope and I can’t talk to anyone about it",AMBIGUOUS
I think Everything is fine but I hope things get better,SAFE
"Sometimes, I feel so hopeless and want to end it all and I can’t talk to anyone about it",RISK_HIGH
"In my mind, I am depressed but trying to cope and I don’t know what to do",AMBIGUOUS
"Recently, I feel so hopeless and want to end it all I just feel so lost",RISK_HIGH
"Recently, I wish I could disappear and I don’t know what to do",RISK_LOW
"Honestly, Life is meaningless and I have no reason to go on but I’m trying to stay strong",RISK_HIGH
"Lately, I feel so hopeless and want to end it all",RISK_HIGH
I think I am depressed but trying to cope I just feel so lost,AMBIGUOUS
"Sometimes, I plan to take pills tonight to sleep forever and I can’t talk to anyone about it",RISK_HIGH
I think I am struggling a lot and feel lost but I hope things get better,AMBIGUOUS
"Recently, I feel so hopeless and want to end it all but I keep going",RISK_HIGH
"To be honest, I feel so hopeless and want to end it all and I don’t know what to do",RISK_HIGH
"Recently, I feel so hopeless and want to end it all but I keep going",RISK_HIGH
"Honestly, I am doing well and happy but I’m trying to stay strong",SAFE
"Honestly, Life is meaningless and I have no reason to go on I just feel so lost",RISK_HIGH
"Lately, I am depressed but trying to cope but I hope things get better",AMBIGUOUS
"Recently, I am doing well and happy but I hope things get better",SAFE
"Sometimes, Sometimes I think about hurting myself I just feel so lost",RISK_LOW
"Recently, I feel so hopeless and want to end it all but I hope things get better",RISK_HIGH
"Honestly, I am doing well and happy but I hope things get better",SAFE
"Lately, Everything is fine I just feel so lost",SAFE
"Recently, I cut myself yesterday and I don’t know what to do",RISK_HIGH
"Sometimes, I wish I could disappear but I’m trying to stay strong",RISK_LOW
"Honestly, I am depressed but trying to cope and I can’t talk to anyone about it",AMBIGUOUS
I think I plan to take pills tonight to sleep forever and I don’t know what to do,RISK_HIGH
"In my mind, Everything is fine I just feel so lost",SAFE
"In my mind, I wish I could disappear",RISK_LOW
"Recently, Everything is fine and I can’t talk to anyone about it",SAFE
"Honestly, Sometimes I think about hurting myself but I keep going",RISK_LOW
"Lately, I am depressed but trying to cope",AMBIGUOUS
I think I feel so hopeless and want to end it all,RISK_HIGH
"To be honest, Everything is fine and I don’t know what to do",SAFE
"Sometimes, I cut myself yesterday but I’m trying to stay strong",RISK_HIGH
"Sometimes, I wish I could disappear but I hope things get better",RISK_LOW
"Recently, I am doing well and happy and I don’t know what to do",SAFE
"Recently, I plan to take pills tonight to sleep forever and I don’t know what to do",RISK_HIGH
"Lately, Life is meaningless and I have no reason to go on but I keep going",RISK_HIGH
"In my mind, I wish I could disappear but I keep going",RISK_LOW
"In my mind, Everything is fine but I’m trying to stay strong",SAFE
I think Sometimes I think about hurting myself but I hope things get better,RISK_LOW
"Honestly, I cut myself yesterday and I don’t know what to do",RISK_HIGH
I think Sometimes I think about hurting myself,RISK_LOW
"To be honest, I wish I could disappear",RISK_LOW
"Sometimes, I feel so hopeless and want to end it all I just feel so lost",RISK_HIGH
I think I am struggling a lot and feel lost but I hope things get better,AMBIGUOUS
"In my mind, I am struggling a lot and feel lost and I can’t talk to anyone about it",AMBIGUOUS
"Lately, Sometimes I think about hurting myself I just feel so lost",RISK_LOW
"Sometimes, I cut myself yesterday but I keep going",RISK_HIGH
"In my mind, I am struggling a lot and feel lost",AMBIGUOUS
I think I cut myself yesterday but I hope things get better,RISK_HIGH
"Lately, Everything is fine and I don’t know what to do",SAFE
"Lately, I cut myself yesterday and I don’t know what to do",RISK_HIGH
I think I am doing well and happy,SAFE
"Recently, I am struggling a lot and feel lost but I hope things get better",AMBIGUOUS
"To be honest, Sometimes I think about hurting myself I just feel so lost",RISK_LOW
"In my mind, I am depressed but trying to cope but I’m trying to stay strong",AMBIGUOUS
"Recently, Life is meaningless and I have no reason to go on",RISK_HIGH
"Recently, Life is meaningless and I have no reason to go on but I hope things get better",RISK_HIGH
"In my mind, I am struggling a lot and feel lost but I’m trying to stay strong",AMBIGUOUS
I think I am doing well and happy and I don’t know what to do,SAFE
"Recently, I am depressed but trying to cope",AMBIGUOUS
"Sometimes, Sometimes I think about hurting myself but I’m trying to stay strong",RISK_LOW
"Lately, Sometimes I think about hurting myself but I keep going",RISK_LOW
"In my mind, Everything is fine and I can’t talk to anyone about it",SAFE
I think I plan to take pills tonight to sleep forever I just feel so lost,RISK_HIGH
"In my mind, I wish I could disappear",RISK_LOW
"Sometimes, Everything is fine I just feel so lost",SAFE
"In my mind, Sometimes I think about hurting myself but I keep going",RISK_LOW
"Sometimes, I am doing well and happy",SAFE
"Recently, I am struggling a lot and feel lost I just feel so lost",AMBIGUOUS
I think I plan to take pills tonight to sleep forever and I don’t know what to do,RISK_HIGH
"Recently, I plan to take pills tonight to sleep forever but I keep going",RISK_HIGH
"Sometimes, I wish I could disappear but I hope things get better",RISK_LOW
"Recently, I am struggling a lot and feel lost and I don’t know what to do",AMBIGUOUS
I think I am depressed but trying to cope and I can’t talk to anyone about it,AMBIGUOUS
"Sometimes, Life is meaningless and I have no reason to go on and I can’t talk to anyone about it",RISK_HIGH
"Sometimes, I wish I could disappear but I keep going",RISK_LOW
"Sometimes, Life is meaningless and I have no reason to go on and I can’t talk to anyone about it",RISK_HIGH
"Lately, Life is meaningless and I have no reason to go on",RISK_HIGH
I think Life is meaningless and I have no reason to go on and I don’t know what to do,RISK_HIGH
"In my mind, I am depressed but trying to cope but I’m trying to stay strong",AMBIGUOUS
"Honestly, I feel so hopeless and want to end it all but I hope things get better",RISK_HIGH
"Sometimes, I am depressed but trying to cope but I’m trying to stay strong",AMBIGUOUS
"Sometimes, I cut myself yesterday but I keep going",RISK_HIGH
"Sometimes, I am doing well and happy but I keep going",SAFE
"To be honest, I feel so hopeless and want to end it all I just feel so lost",RISK_HIGH
I think Life is meaningless and I have no reason to go on but I keep going,RISK_HIGH
"Sometimes, Everything is fine and I don’t know what to do",SAFE
"To be honest, I plan to take pills tonight to sleep forever but I keep going",RISK_HIGH
"Recently, I feel so hopeless and want to end it all but I’m trying to stay strong",RISK_HIGH
"To be honest, I am depressed but trying to cope and I don’t know what to do",AMBIGUOUS
"Recently, Life is meaningless and I have no reason to go on and I can’t talk to anyone about it",RISK_HIGH
I think Life is meaningless and I have no reason to go on and I can’t talk to anyone about it,RISK_HIGH
"To be honest, I feel so hopeless and want to end it all but I keep going",RISK_HIGH
"Lately, I wish I could disappear and I can’t talk to anyone about it",RISK_LOW
"Recently, I am depressed but trying to cope and I can’t talk to anyone about it",AMBIGUOUS
"Honestly, I am doing well and happy but I keep going",SAFE
"In my mind, Life is meaningless and I have no reason to go on I just feel so lost",RISK_HIGH
"Lately, Life is meaningless and I have no reason to go on and I can’t talk to anyone about it",RISK_HIGH
"Lately, I plan to take pills tonight to sleep forever but I’m trying to stay strong",RISK_HIGH
"To be honest, Sometimes I think about hurting myself but I hope things get better",RISK_LOW
"Lately, I am doing well and happy but I hope things get better",SAFE
"Recently, Everything is fine and I don’t know what to do",SAFE
"Honestly, I plan to take pills tonight to sleep forever and I can’t talk to anyone about it",RISK_HIGH
"Honestly, I wish I could disappear but I hope things get better",RISK_LOW
"Sometimes, I am struggling a lot and feel lost",AMBIGUOUS
"Honestly, I am depressed but trying to cope but I’m trying to stay strong",AMBIGUOUS
"To be honest, Life is meaningless and I have no reason to go on and I don’t know what to do",RISK_HIGH
"Sometimes, I am doing well and happy and I can’t talk to anyone about it",SAFE
"Honestly, I feel so hopeless and want to end it all but I hope things get better",RISK_HIGH
"In my mind, I feel so hopeless and want to end it all but I keep going",RISK_HIGH
"Lately, I cut myself yesterday and I can’t talk to anyone about it",RISK_HIGH
I think I am doing well and happy but I keep going,SAFE
"Recently, I feel so hopeless and want to end it all but I’m trying to stay strong",RISK_HIGH
I think I am doing well and happy and I don’t know what to do,SAFE
"Sometimes, I am struggling a lot and feel lost and I don’t know what to do",AMBIGUOUS
"Honestly, I am depressed but trying to cope and I can’t talk to anyone about it",AMBIGUOUS
"Sometimes, Everything is fine but I’m trying to stay strong",SAFE
"Lately, I cut myself yesterday but I hope things get better",RISK_HIGH
"Sometimes, Life is meaningless and I have no reason to go on but I’m trying to stay strong",RISK_HIGH
"Recently, I plan to take pills tonight to sleep forever and I don’t know what to do",RISK_HIGH
I think I feel so hopeless and want to end it all and I can’t talk to anyone about it,RISK_HIGH
"Recently, Everything is fine but I’m trying to stay strong",SAFE
I think I feel so hopeless and want to end it all I just feel so lost,RISK_HIGH
"To be honest, I plan to take pills tonight to sleep forever and I can’t talk to anyone about it",RISK_HIGH
"To be honest, I am struggling a lot and feel lost but I hope things get better",AMBIGUOUS
"Lately, I am doing well and happy but I hope things get better",SAFE
"Lately, I am struggling a lot and feel lost but I keep going",AMBIGUOUS
"Lately, Life is meaningless and I have no reason to go on and I can’t talk to anyone about it",RISK_HIGH
"Honestly, Everything is fine",SAFE
"Honestly, Life is meaningless and I have no reason to go on but I hope things get better",RISK_HIGH
"Recently, Life is meaningless and I have no reason to go on I just feel so lost",RISK_HIGH
"In my mind, I feel so hopeless and want to end it all but I hope things get better",RISK_HIGH
"Recently, I am doing well and happy I just feel so lost",SAFE
"To be honest, Life is meaningless and I have no reason to go on but I keep going",RISK_HIGH
"To be honest, Life is meaningless and I have no reason to go on",RISK_HIGH
I think Everything is fine but I keep going,SAFE
I think I feel so hopeless and want to end it all but I’m trying to stay strong,RISK_HIGH
"Sometimes, Sometimes I think about hurting myself I just feel so lost",RISK_LOW
"In my mind, I am doing well and happy and I don’t know what to do",SAFE
"Sometimes, Life is meaningless and I have no reason to go on and I can’t talk to anyone about it",RISK_HIGH
"Honestly, I am depressed but trying to cope",AMBIGUOUS
"Sometimes, I am doing well and happy and I don’t know what to do",SAFE
"Honestly, Everything is fine but I keep going",SAFE
"Lately, Everything is fine but I hope things get better",SAFE
"To be honest, Sometimes I think about hurting myself",RISK_LOW
"Honestly, I am struggling a lot and feel lost but I keep going",AMBIGUOUS
"In my mind, I cut myself yesterday but I’m trying to stay strong",RISK_HIGH
I think I cut myself yesterday and I don’t know what to do,RISK_HIGH
"Honestly, Life is meaningless and I have no reason to go on I just feel so lost",RISK_HIGH
"Recently, I cut myself yesterday and I can’t talk to anyone about it",RISK_HIGH
"In my mind, I feel so hopeless and want to end it all I just feel so lost",RISK_HIGH
I think I am doing well and happy but I hope things get better,SAFE
I think Life is meaningless and I have no reason to go on and I can’t talk to anyone about it,RISK_HIGH
"Lately, I wish I could disappear",RISK_LOW
"To be honest, I cut myself yesterday and I don’t know what to do",RISK_HIGH
"Honestly, I wish I could disappear I just feel so lost",RISK_LOW
"In my mind, I plan to take pills tonight to sleep forever but I hope things get better",RISK_HIGH
"In my mind, Life is meaningless and I have no reason to go on but I’m trying to stay strong",RISK_HIGH
"Sometimes, I am depressed but trying to cope and I can’t talk to anyone about it",AMBIGUOUS
"Sometimes, I am doing well and happy and I don’t know what to do",SAFE
"In my mind, I plan to take pills tonight to sleep forever but I keep going",RISK_HIGH
I think Life is meaningless and I have no reason to go on but I hope things get better,RISK_HIGH
"Lately, Sometimes I think about hurting myself but I keep going",RISK_LOW
"Recently, Life is meaningless and I have no reason to go on and I don’t know what to do",RISK_HIGH
"Recently, I am struggling a lot and feel lost and I can’t talk to anyone about it",AMBIGUOUS
"To be honest, I wish I could disappear",RISK_LOW
I think I wish I could disappear but I hope things get better,RISK_LOW
"To be honest, Sometimes I think about hurting myself but I’m trying to stay strong",RISK_LOW
"Recently, I cut myself yesterday but I hope things get better",RISK_HIGH
"In my mind, I am struggling a lot and feel lost but I’m trying to stay strong",AMBIGUOUS
"To be honest, I feel so hopeless and want to end it all but I keep going",RISK_HIGH
"In my mind, I am doing well and happy but I’m trying to stay strong",SAFE
"Lately, I am doing well and happy but I hope things get better",SAFE
"Honestly, I wish I could disappear and I can’t talk to anyone about it",RISK_LOW
"In my mind, I wish I could disappear and I can’t talk to anyone about it",RISK_LOW
"To be honest, I am struggling a lot and feel lost and I can’t talk to anyone about it",AMBIGUOUS
"In my mind, I feel so hopeless and want to end it all but I keep going",RISK_HIGH
"Lately, I am depressed but trying to cope I just feel so lost",AMBIGUOUS
"In my mind, Sometimes I think about hurting myself but I hope things get better",RISK_LOW
"Lately, I feel so hopeless and want to end it all but I’m trying to stay strong",RISK_HIGH
"Lately, I cut myself yesterday and I don’t know what to do",RISK_HIGH
"Recently, Everything is fine I just feel so lost",SAFE
"Lately, I wish I could disappear but I keep going",RISK_LOW
"Lately, I wish I could disappear and I don’t know what to do",RISK_LOW
"Sometimes, I feel so hopeless and want to end it all I just feel so lost",RISK_HIGH
"Honestly, I cut myself yesterday",RISK_HIGH
"In my mind, I cut myself yesterday but I keep going",RISK_HIGH
"Honestly, I feel so hopeless and want to end it all but I hope things get better",RISK_HIGH
"Honestly, I plan to take pills tonight to sleep forever but I keep going",RISK_HIGH
"Lately, Sometimes I think about hurting myself but I’m trying to stay strong",RISK_LOW
"Honestly, I am depressed but trying to cope but I’m trying to stay strong",AMBIGUOUS
"To be honest, Sometimes I think about hurting myself but I hope things get better",RISK_LOW
"To be honest, I wish I could disappear but I keep going",RISK_LOW
"In my mind, Everything is fine but I’m trying to stay strong",SAFE
"In my mind, Everything is fine but I hope things get better",SAFE
"Sometimes, I plan to take pills tonight to sleep forever but I hope things get better",RISK_HIGH
"Lately, I am struggling a lot and feel lost and I don’t know what to do",AMBIGUOUS
I think I am doing well and happy but I keep going,SAFE
"Lately, I am depressed but trying to cope and I can’t talk to anyone about it",AMBIGUOUS
"Recently, Sometimes I think about hurting myself but I’m trying to stay strong",RISK_LOW
"To be honest, I wish I could disappear",RISK_LOW
I think Life is meaningless and I have no reason to go on but I keep going,RISK_HIGH
"Recently, I cut myself yesterday but I hope things get better",RISK_HIGH
I think I wish I could disappear and I don’t know what to do,RISK_LOW
I think I plan to take pills tonight to sleep forever,RISK_HIGH
"Lately, I am struggling a lot and feel lost and I can’t talk to anyone about it",AMBIGUOUS
"In my mind, Life is meaningless and I have no reason to go on",RISK_HIGH
I think I feel so hopeless and want to end it all but I’m trying to stay strong,RISK_HIGH
I think I am doing well and happy but I keep going,SAFE
"To be honest, I plan to take pills tonight to sleep forever but I keep going",RISK_HIGH
"Sometimes, I feel so hopeless and want to end it all but I’m trying to stay strong",RISK_HIGH
"Lately, I am struggling a lot and feel lost but I keep going",AMBIGUOUS
"Lately, I wish I could disappear and I can’t talk to anyone about it",RISK_LOW
"To be honest, I wish I could disappear and I don’t know what to do",RISK_LOW
"Lately, I am doing well and happy",SAFE
"Honestly, Life is meaningless and I have no reason to go on but I’m trying to stay strong",RISK_HIGH
"To be honest, I am doing well and happy I just feel so lost",SAFE
"In my mind, Life is meaningless and I have no reason to go on I just feel so lost",RISK_HIGH
"In my mind, I plan to take pills tonight to sleep forever but I keep going",RISK_HIGH
"Lately, I plan to take pills tonight to sleep forever I just feel so lost",RISK_HIGH
"Honestly, I am depressed but trying to cope and I don’t know what to do",AMBIGUOUS
"To be honest, I cut myself yesterday but I’m trying to stay strong",RISK_HIGH
"Lately, I am doing well and happy",SAFE
"To be honest, I am depressed but trying to cope I just feel so lost",AMBIGUOUS
"Sometimes, I am struggling a lot and feel lost I just feel so lost",AMBIGUOUS
"Honestly, I am struggling a lot and feel lost but I keep going",AMBIGUOUS
"Lately, Sometimes I think about hurting myself but I hope things get better",RISK_LOW
"Recently, I cut myself yesterday and I can’t talk to anyone about it",RISK_HIGH
"Sometimes, Sometimes I think about hurting myself but I keep going",RISK_LOW
"Recently, I am doing well and happy",SAFE
"Sometimes, I am depressed but trying to cope and I can’t talk to anyone about it",AMBIGUOUS
"In my mind, Sometimes I think about hurting myself and I can’t talk to anyone about it",RISK_LOW
"Lately, I cut myself yesterday but I keep going",RISK_HIGH
"Recently, I plan to take pills tonight to sleep forever and I don’t know what to do",RISK_HIGH
"To be honest, I wish I could disappear and I can’t talk to anyone about it",RISK_LOW
"Lately, Sometimes I think about hurting myself but I hope things get better",RISK_LOW
"Lately, I plan to take pills tonight to sleep forever and I can’t talk to anyone about it",RISK_HIGH
"In my mind, I feel so hopeless and want to end it all but I keep going",RISK_HIGH
"Recently, I am struggling a lot and feel lost but I keep going",AMBIGUOUS
"Lately, Sometimes I think about hurting myself",RISK_LOW
"In my mind, I cut myself yesterday but I keep going",RISK_HIGH
"Recently, I wish I could disappear but I keep going",RISK_LOW
"Honestly, I am depressed but trying to cope but I keep going",AMBIGUOUS
"Honestly, I cut myself yesterday but I’m trying to stay strong",RISK_HIGH
I think Life is meaningless and I have no reason to go on I just feel so lost,RISK_HIGH
"Sometimes, Everything is fine",SAFE
"Sometimes, I cut myself yesterday but I’m trying to stay strong",RISK_HIGH
I think Everything is fine and I don’t know what to do,SAFE
"Sometimes, Sometimes I think about hurting myself but I’m trying to stay strong",RISK_LOW
"Honestly, Life is meaningless and I have no reason to go on but I’m trying to stay strong",RISK_HIGH
"Sometimes, I am struggling a lot and feel lost I just feel so lost",AMBIGUOUS
"Lately, I cut myself yesterday",RISK_HIGH
"Lately, Everything is fine and I don’t know what to do",SAFE
"Lately, I wish I could disappear but I’m trying to stay strong",RISK_LOW
I think Life is meaningless and I have no reason to go on but I hope things get better,RISK_HIGH
"To be honest, I am depressed but trying to cope but I hope things get better",AMBIGUOUS
"Honestly, I plan to take pills tonight to sleep forever I just feel so lost",RISK_HIGH
"In my mind, Life is meaningless and I have no reason to go on but I keep going",RISK_HIGH
"Sometimes, I plan to take pills tonight to sleep forever but I hope things get better",RISK_HIGH
"Lately, I feel so hopeless and want to end it all and I can’t talk to anyone about it",RISK_HIGH
"Lately, I am struggling a lot and feel lost and I don’t know what to do",AMBIGUOUS
I think I am depressed but trying to cope,AMBIGUOUS
"Recently, I cut myself yesterday",RISK_HIGH
I think I wish I could disappear,RISK_LOW
"Honestly, Sometimes I think about hurting myself",RISK_LOW
"Recently, I am struggling a lot and feel lost and I don’t know what to do",AMBIGUOUS
"To be honest, Life is meaningless and I have no reason to go on but I keep going",RISK_HIGH
"Honestly, Everything is fine but I keep going",SAFE
"Recently, I am struggling a lot and feel lost but I hope things get better",AMBIGUOUS
"Sometimes, Sometimes I think about hurting myself but I’m trying to stay strong",RISK_LOW
"To be honest, I am depressed but trying to cope but I hope things get better",AMBIGUOUS
"To be honest, I am doing well and happy and I can’t talk to anyone about it",SAFE
"In my mind, I am depressed but trying to cope I just feel so lost",AMBIGUOUS
"To be honest, Everything is fine but I’m trying to stay strong",SAFE
"Recently, I am struggling a lot and feel lost but I’m trying to stay strong",AMBIGUOUS
"Recently, Sometimes I think about hurting myself I just feel so lost",RISK_LOW
"Honestly, I am doing well and happy and I can’t talk to anyone about it",SAFE
"Honestly, I am depressed but trying to cope and I don’t know what to do",AMBIGUOUS
"Recently, Everything is fine",SAFE
I think I plan to take pills tonight to sleep forever and I can’t talk to anyone about it,RISK_HIGH
"In my mind, Sometimes I think about hurting myself and I can’t talk to anyone about it",RISK_LOW
"Honestly, Everything is fine and I don’t know what to do",SAFE
"Sometimes, Sometimes I think about hurting myself",RISK_LOW
"Honestly, I am struggling a lot and feel lost",AMBIGUOUS
"Lately, I am depressed but trying to cope",AMBIGUOUS
"Honestly, I wish I could disappear but I’m trying to stay strong",RISK_LOW
"To be honest, Everything is fine I just feel so lost",SAFE
"Sometimes, I am depressed but trying to cope I just feel so lost",AMBIGUOUS
"Recently, Life is meaningless and I have no reason to go on and I don’t know what to do",RISK_HIGH
"Recently, Everything is fine but I’m trying to stay strong",SAFE
"Sometimes, I feel so hopeless and want to end it all but I hope things get better",RISK_HIGH
I think I wish I could disappear but I’m trying to stay strong,RISK_LOW
"Lately, I plan to take pills tonight to sleep forever and I don’t know what to do",RISK_HIGH
I think I cut myself yesterday,RISK_HIGH
"In my mind, I cut myself yesterday but I hope things get better",RISK_HIGH
"Lately, I am doing well and happy",SAFE
"Honestly, Everything is fine and I don’t know what to do",SAFE
"In my mind, I am struggling a lot and feel lost and I can’t talk to anyone about it",AMBIGUOUS
I think I am struggling a lot and feel lost and I don’t know what to do,AMBIGUOUS
"Honestly, I feel so hopeless and want to end it all I just feel so lost",RISK_HIGH
"Honestly, I feel so hopeless and want to end it all but I hope things get better",RISK_HIGH
"Sometimes, I feel so hopeless and want to end it all but I keep going",RISK_HIGH
"To be honest, I am doing well and happy and I can’t talk to anyone about it",SAFE
"In my mind, I plan to take pills tonight to sleep forever but I hope things get better",RISK_HIGH
"In my mind, Sometimes I think about hurting myself I just feel so lost",RISK_LOW
"Lately, I am struggling a lot and feel lost and I don’t know what to do",AMBIGUOUS
"Recently, I cut myself yesterday but I’m trying to stay strong",RISK_HIGH
"In my mind, I am struggling a lot and feel lost but I keep going",AMBIGUOUS
"Honestly, I am struggling a lot and feel lost",AMBIGUOUS
"Recently, I am struggling a lot and feel lost but I keep going",AMBIGUOUS
"In my mind, I plan to take pills tonight to sleep forever but I keep going",RISK_HIGH
"Lately, I wish I could disappear but I keep going",RISK_LOW
I think Everything is fine,SAFE
"Sometimes, I cut myself yesterday and I can’t talk to anyone about it",RISK_HIGH
"Sometimes, Everything is fine but I keep going",SAFE
"Honestly, I am doing well and happy and I can’t talk to anyone about it",SAFE
"Recently, I am doing well and happy and I don’t know what to do",SAFE
"Recently, I plan to take pills tonight to sleep forever",RISK_HIGH
"Lately, Everything is fine but I’m trying to stay strong",SAFE
"In my mind, I am struggling a lot and feel lost",AMBIGUOUS
"To be honest, I wish I could disappear and I don’t know what to do",RISK_LOW
I think I wish I could disappear,RISK_LOW
"Sometimes, I am depressed but trying to cope I just feel so lost",AMBIGUOUS
"Honestly, I wish I could disappear and I can’t talk to anyone about it",RISK_LOW
I think Sometimes I think about hurting myself and I don’t know what to do,RISK_LOW
"In my mind, I am struggling a lot and feel lost and I can’t talk to anyone about it",AMBIGUOUS
"Recently, Sometimes I think about hurting myself",RISK_LOW
"In my mind, Sometimes I think about hurting myself I just feel so lost",RISK_LOW
"Recently, Everything is fine",SAFE
"In my mind, I wish I could disappear and I don’t know what to do",RISK_LOW
"Sometimes, I feel so hopeless and want to end it all",RISK_HIGH
"In my mind, Everything is fine and I don’t know what to do",SAFE
"Lately, I plan to take pills tonight to sleep forever",RISK_HIGH
"Honestly, Sometimes I think about hurting myself but I’m trying to stay strong",RISK_LOW
"To be honest, I am depressed but trying to cope I just feel so lost",AMBIGUOUS
"Recently, I wish I could disappear and I can’t talk to anyone about it",RISK_LOW
"Lately, I am struggling a lot and feel lost",AMBIGUOUS
"Lately, Everything is fine",SAFE
"To be honest, Sometimes I think about hurting myself but I hope things get better",RISK_LOW
"To be honest, I am doing well and happy but I keep going",SAFE
I think I am doing well and happy,SAFE
"Sometimes, I am doing well and happy but I’m trying to stay strong",SAFE
"To be honest, I wish I could disappear but I’m trying to stay strong",RISK_LOW
"Lately, I am depressed but trying to cope",AMBIGUOUS
"Recently, I wish I could disappear",RISK_LOW
"Honestly, Everything is fine and I don’t know what to do",SAFE
"In my mind, Sometimes I think about hurting myself",RISK_LOW
"Recently, I feel so hopeless and want to end it all but I’m trying to stay strong",RISK_HIGH
"In my mind, I feel so hopeless and want to end it all and I don’t know what to do",RISK_HIGH
"Recently, Life is meaningless and I have no reason to go on and I can’t talk to anyone about it",RISK_HIGH
I think I am depressed but trying to cope,AMBIGUOUS
"Sometimes, I am depressed but trying to cope but I’m trying to stay strong",AMBIGUOUS
"To be honest, I wish I could disappear but I keep going",RISK_LOW
"In my mind, I cut myself yesterday but I’m trying to stay strong",RISK_HIGH
"Honestly, I am doing well and happy",SAFE
"Sometimes, I plan to take pills tonight to sleep forever but I hope things get better",RISK_HIGH
"In my mind, Life is meaningless and I have no reason to go on and I can’t talk to anyone about it",RISK_HIGH
"Lately, I plan to take pills tonight to sleep forever but I’m trying to stay strong",RISK_HIGH
"To be honest, I plan to take pills tonight to sleep forever I just feel so lost",RISK_HIGH
"Honestly, I plan to take pills tonight to sleep forever I just feel so lost",RISK_HIGH
"Sometimes, I am depressed but trying to cope but I hope things get better",AMBIGUOUS
I think I am doing well and happy but I’m trying to stay strong,SAFE
"In my mind, I feel so hopeless and want to end it all and I can’t talk to anyone about it",RISK_HIGH
"Lately, I feel so hopeless and want to end it all but I hope things get better",RISK_HIGH
"To be honest, I am depressed but trying to cope I just feel so lost",AMBIGUOUS
"Recently, I am doing well and happy but I’m trying to stay strong",SAFE
"To be honest, I cut myself yesterday but I keep going",RISK_HIGH
"Honestly, I feel so hopeless and want to end it all but I hope things get better",RISK_HIGH
I think I plan to take pills tonight to sleep forever I just feel so lost,RISK_HIGH
"To be honest, I am struggling a lot and feel lost and I don’t know what to do",AMBIGUOUS
"Recently, I am depressed but trying to cope",AMBIGUOUS
"Sometimes, I am depressed but trying to cope but I hope things get better",AMBIGUOUS
"Recently, I feel so hopeless and want to end it all and I can’t talk to anyone about it",RISK_HIGH
"Sometimes, I am depressed but trying to cope",AMBIGUOUS
"Honestly, I feel so hopeless and want to end it all and I don’t know what to do",RISK_HIGH
I think Everything is fine but I’m trying to stay strong,SAFE
"Honestly, I plan to take pills tonight to sleep forever and I can’t talk to anyone about it",RISK_HIGH
"In my mind, Sometimes I think about hurting myself I just feel so lost",RISK_LOW
I think I am depressed but trying to cope,AMBIGUOUS
"Sometimes, I cut myself yesterday but I hope things get better",RISK_HIGH
"To be honest, Everything is fine I just feel so lost",SAFE
"To be honest, Life is meaningless and I have no reason to go on but I’m trying to stay strong",RISK_HIGH
"To be honest, Life is meaningless and I have no reason to go on and I don’t know what to do",RISK_HIGH
"Lately, I wish I could disappear",RISK_LOW
"In my mind, Life is meaningless and I have no reason to go on I just feel so lost",RISK_HIGH
"Lately, Life is meaningless and I have no reason to go on and I can’t talk to anyone about it",RISK_HIGH
"In my mind, Life is meaningless and I have no reason to go on but I’m trying to stay strong",RISK_HIGH
"In my mind, I cut myself yesterday and I don’t know what to do",RISK_HIGH
"Recently, I am depressed but trying to cope and I can’t talk to anyone about it",AMBIGUOUS
"In my mind, I am doing well and happy",SAFE
"In my mind, Everything is fine but I hope things get better",SAFE
"Lately, Everything is fine and I can’t talk to anyone about it",SAFE
"Honestly, I plan to take pills tonight to sleep forever but I’m trying to stay strong",RISK_HIGH
"Recently, Life is meaningless and I have no reason to go on but I keep going",RISK_HIGH
"Sometimes, I am doing well and happy but I’m trying to stay strong",SAFE
"Honestly, I wish I could disappear and I can’t talk to anyone about it",RISK_LOW
"Recently, Everything is fine and I can’t talk to anyone about it",SAFE
"In my mind, Sometimes I think about hurting myself",RISK_LOW
"In my mind, I cut myself yesterday but I’m trying to stay strong",RISK_HIGH
"To be honest, Sometimes I think about hurting myself and I can’t talk to anyone about it",RISK_LOW
I think Sometimes I think about hurting myself I just feel so lost,RISK_LOW
I think I am doing well and happy but I keep going,SAFE
"Lately, Everything is fine and I don’t know what to do",SAFE
I think Sometimes I think about hurting myself but I’m trying to stay strong,RISK_LOW
"Lately, I am depressed but trying to cope but I keep going",AMBIGUOUS
"In my mind, I plan to take pills tonight to sleep forever and I can’t talk to anyone about it",RISK_HIGH
"Recently, I cut myself yesterday",RISK_HIGH
"Honestly, I wish I could disappear and I don’t know what to do",RISK_LOW
"Lately, Everything is fine",SAFE
"Lately, I am struggling a lot and feel lost I just feel so lost",AMBIGUOUS
"In my mind, Life is meaningless and I have no reason to go on and I can’t talk to anyone about it",RISK_HIGH
"Honestly, Life is meaningless and I have no reason to go on I just feel so lost",RISK_HIGH
"Sometimes, I am doing well and happy and I can’t talk to anyone about it",SAFE
I think I am struggling a lot and feel lost but I keep going,AMBIGUOUS
"Sometimes, I cut myself yesterday I just feel so lost",RISK_HIGH
I think I am doing well and happy but I hope things get better,SAFE
"In my mind, Life is meaningless and I have no reason to go on I just feel so lost",RISK_HIGH
"Lately, Sometimes I think about hurting myself but I keep going",RISK_LOW
I think I am struggling a lot and feel lost but I keep going,AMBIGUOUS
"Lately, I am struggling a lot and feel lost but I hope things get better",AMBIGUOUS
I think I am struggling a lot and feel lost but I hope things get better,AMBIGUOUS
"Recently, I cut myself yesterday and I can’t talk to anyone about it",RISK_HIGH
"Recently, I wish I could disappear and I don’t know what to do",RISK_LOW
I think Everything is fine but I hope things get better,SAFE
"To be honest, I am struggling a lot and feel lost but I keep going",AMBIGUOUS
"In my mind, I am depressed but trying to cope but I keep going",AMBIGUOUS
"In my mind, I am depressed but trying to cope but I hope things get better",AMBIGUOUS
"In my mind, I wish I could disappear and I can’t talk to anyone about it",RISK_LOW
"Recently, I feel so hopeless and want to end it all I just feel so lost",RISK_HIGH
"Sometimes, Life is meaningless and I have no reason to go on",RISK_HIGH
"To be honest, I wish I could disappear and I don’t know what to do",RISK_LOW
"To be honest, I plan to take pills tonight to sleep forever",RISK_HIGH
"In my mind, I am doing well and happy but I keep going",SAFE
I think I wish I could disappear I just feel so lost,RISK_LOW
"Sometimes, I cut myself yesterday but I hope things get better",RISK_HIGH
"Honestly, I am depressed but trying to cope I just feel so lost",AMBIGUOUS
"To be honest, I am doing well and happy and I don’t know what to do",SAFE
"Lately, Everything is fine but I keep going",SAFE
"Honestly, I am struggling a lot and feel lost but I keep going",AMBIGUOUS
"In my mind, Life is meaningless and I have no reason to go on I just feel so lost",RISK_HIGH
"Sometimes, I am doing well and happy but I hope things get better",SAFE
"In my mind, Everything is fine but I keep going",SAFE
"In my mind, Life is meaningless and I have no reason to go on and I can’t talk to anyone about it",RISK_HIGH
"In my mind, Life is meaningless and I have no reason to go on and I don’t know what to do",RISK_HIGH
"To be honest, I cut myself yesterday I just feel so lost",RISK_HIGH
"Sometimes, I plan to take pills tonight to sleep forever but I hope things get better",RISK_HIGH
"Lately, Life is meaningless and I have no reason to go on",RISK_HIGH
I think Life is meaningless and I have no reason to go on,RISK_HIGH
"Recently, I feel so hopeless and want to end it all",RISK_HIGH
"Sometimes, I feel so hopeless and want to end it all but I hope things get better",RISK_HIGH
"In my mind, Everything is fine but I’m trying to stay strong",SAFE
"Lately, I am depressed but trying to cope but I’m trying to stay strong",AMBIGUOUS
"Sometimes, I wish I could disappear and I don’t know what to do",RISK_LOW
"Sometimes, I feel so hopeless and want to end it all I just feel so lost",RISK_HIGH
"To be honest, I am doing well and happy but I hope things get better",SAFE
"Honestly, I wish I could disappear but I hope things get better",RISK_LOW
"Recently, Life is meaningless and I have no reason to go on and I can’t talk to anyone about it",RISK_HIGH
"Recently, I plan to take pills tonight to sleep forever but I’m trying to stay strong",RISK_HIGH
I think I cut myself yesterday and I can’t talk to anyone about it,RISK_HIGH
I think I cut myself yesterday but I’m trying to stay strong,RISK_HIGH
"Recently, Life is meaningless and I have no reason to go on but I hope things get better",RISK_HIGH
"Honestly, Sometimes I think about hurting myself but I keep going",RISK_LOW
I think I plan to take pills tonight to sleep forever I just feel so lost,RISK_HIGH
"Lately, I am struggling a lot and feel lost and I can’t talk to anyone about it",AMBIGUOUS
I think Life is meaningless and I have no reason to go on and I don’t know what to do,RISK_HIGH
"Recently, Life is meaningless and I have no reason to go on and I can’t talk to anyone about it",RISK_HIGH
"Sometimes, I am struggling a lot and feel lost I just feel so lost",AMBIGUOUS
"Recently, I feel so hopeless and want to end it all but I’m trying to stay strong",RISK_HIGH
"Sometimes, I am depressed but trying to cope but I keep going",AMBIGUOUS
I think I am doing well and happy and I don’t know what to do,SAFE
"Honestly, I am struggling a lot and feel lost but I keep going",AMBIGUOUS
"Sometimes, I feel so hopeless and want to end it all but I keep going",RISK_HIGH
I think I am struggling a lot and feel lost but I hope things get better,AMBIGUOUS
"In my mind, Life is meaningless and I have no reason to go on and I don’t know what to do",RISK_HIGH
"Lately, I plan to take pills tonight to sleep forever I just feel so lost",RISK_HIGH
"Lately, I am struggling a lot and feel lost and I can’t talk to anyone about it",AMBIGUOUS
"In my mind, I am doing well and happy but I keep going",SAFE
I think I wish I could disappear but I keep going,RISK_LOW
"Recently, I wish I could disappear but I keep going",RISK_LOW
"To be honest, I wish I could disappear and I don’t know what to do",RISK_LOW
"To be honest, Life is meaningless and I have no reason to go on but I keep going",RISK_HIGH
"To be honest, I feel so hopeless and want to end it all",RISK_HIGH
I think I wish I could disappear,RISK_LOW
"Recently, I am struggling a lot and feel lost I just feel so lost",AMBIGUOUS
"Lately, I am doing well and happy but I’m trying to stay strong",SAFE
"To be honest, I am depressed but trying to cope but I’m trying to stay strong",AMBIGUOUS
I think Life is meaningless and I have no reason to go on but I’m trying to stay strong,RISK_HIGH
"Sometimes, I feel so hopeless and want to end it all and I don’t know what to do",RISK_HIGH
"Honestly, I am doing well and happy",SAFE
"Honestly, I plan to take pills tonight to sleep forever but I’m trying to stay strong",RISK_HIGH
"Honestly, Sometimes I think about hurting myself but I keep going",RISK_LOW
"To be honest, Life is meaningless and I have no reason to go on but I keep going",RISK_HIGH
"Lately, I cut myself yesterday and I don’t know what to do",RISK_HIGH
"To be honest, I am depressed but trying to cope I just feel so lost",AMBIGUOUS
"Recently, I wish I could disappear and I don’t know what to do",RISK_LOW
I think I cut myself yesterday but I keep going,RISK_HIGH
"In my mind, I plan to take pills tonight to sleep forever but I keep going",RISK_HIGH
"Lately, Life is meaningless and I have no reason to go on and I don’t know what to do",RISK_HIGH
"Honestly, I am depressed but trying to cope and I don’t know what to do",AMBIGUOUS
"Sometimes, Life is meaningless and I have no reason to go on but I keep going",RISK_HIGH
"Sometimes, I plan to take pills tonight to sleep forever but I hope things get better",RISK_HIGH
"Lately, Sometimes I think about hurting myself and I can’t talk to anyone about it",RISK_LOW
"Recently, I am struggling a lot and feel lost and I don’t know what to do",AMBIGUOUS
"Sometimes, Life is meaningless and I have no reason to go on and I can’t talk to anyone about it",RISK_HIGH
"Honestly, I plan to take pills tonight to sleep forever I just feel so lost",RISK_HIGH
I think Sometimes I think about hurting myself but I keep going,RISK_LOW
"Recently, Everything is fine I just feel so lost",SAFE
"To be honest, Life is meaningless and I have no reason to go on and I can’t talk to anyone about it",RISK_HIGH
"To be honest, I feel so hopeless and want to end it all but I hope things get better",RISK_HIGH
"In my mind, I am doing well and happy and I don’t know what to do",SAFE
"In my mind, I plan to take pills tonight to sleep forever but I keep going",RISK_HIGH
"Honestly, I am struggling a lot and feel lost",AMBIGUOUS
"Recently, Everything is fine and I don’t know what to do",SAFE
"Recently, I plan to take pills tonight to sleep forever",RISK_HIGH
"Sometimes, Life is meaningless and I have no reason to go on and I don’t know what to do",RISK_HIGH
"Honestly, I am doing well and happy but I keep going",SAFE
"In my mind, Life is meaningless and I have no reason to go on but I keep going",RISK_HIGH
"In my mind, Sometimes I think about hurting myself and I can’t talk to anyone about it",RISK_LOW
"Recently, Life is meaningless and I have no reason to go on but I’m trying to stay strong",RISK_HIGH
"Sometimes, Everything is fine and I can’t talk to anyone about it",SAFE
"Sometimes, Everything is fine but I keep going",SAFE
"In my mind, I plan to take pills tonight to sleep forever",RISK_HIGH
"Sometimes, Everything is fine but I keep going",SAFE
"Honestly, Sometimes I think about hurting myself but I’m trying to stay strong",RISK_LOW
"Sometimes, I am struggling a lot and feel lost but I keep going",AMBIGUOUS
"In my mind, I wish I could disappear but I’m trying to stay strong",RISK_LOW
"Recently, I am doing well and happy and I can’t talk to anyone about it",SAFE
I think I am struggling a lot and feel lost and I don’t know what to do,AMBIGUOUS
"Lately, I am struggling a lot and feel lost I just feel so lost",AMBIGUOUS
"Sometimes, I am depressed but trying to cope and I don’t know what to do",AMBIGUOUS
"Lately, I cut myself yesterday and I don’t know what to do",RISK_HIGH
"Honestly, Life is meaningless and I have no reason to go on but I’m trying to stay strong",RISK_HIGH
"To be honest, Sometimes I think about hurting myself but I keep going",RISK_LOW
I think I am struggling a lot and feel lost,AMBIGUOUS
I think I am struggling a lot and feel lost,AMBIGUOUS
"Lately, I plan to take pills tonight to sleep forever and I can’t talk to anyone about it",RISK_HIGH
"Honestly, I cut myself yesterday but I’m trying to stay strong",RISK_HIGH
"Sometimes, I wish I could disappear but I hope things get better",RISK_LOW
"Sometimes, I cut myself yesterday but I keep going",RISK_HIGH
"In my mind, I wish I could disappear but I hope things get better",RISK_LOW
"To be honest, I wish I could disappear but I’m trying to stay strong",RISK_LOW
"Sometimes, I am struggling a lot and feel lost I just feel so lost",AMBIGUOUS
"Lately, Life is meaningless and I have no reason to go on I just feel so lost",RISK_HIGH
"Sometimes, I cut myself yesterday but I’m trying to stay strong",RISK_HIGH
"To be honest, I feel so hopeless and want to end it all but I hope things get better",RISK_HIGH
"Sometimes, Everything is fine but I hope things get better",SAFE
"Lately, I am doing well and happy I just feel so lost",SAFE
"In my mind, I am doing well and happy but I’m trying to stay strong",SAFE
"Honestly, I am depressed but trying to cope I just feel so lost",AMBIGUOUS
"Lately, I am struggling a lot and feel lost but I keep going",AMBIGUOUS
"Sometimes, I plan to take pills tonight to sleep forever but I’m trying to stay strong",RISK_HIGH
"Honestly, Everything is fine but I hope things get better",SAFE
"Lately, I wish I could disappear",RISK_LOW
"Honestly, I am struggling a lot and feel lost but I keep going",AMBIGUOUS
"In my mind, I am depressed but trying to cope I just feel so lost",AMBIGUOUS
"To be honest, I am struggling a lot and feel lost and I can’t talk to anyone about it",AMBIGUOUS
"In my mind, I feel so hopeless and want to end it all and I can’t talk to anyone about it",RISK_HIGH
"Honestly, I am depressed but trying to cope and I can’t talk to anyone about it",AMBIGUOUS
I think Sometimes I think about hurting myself and I don’t know what to do,RISK_LOW
"In my mind, Life is meaningless and I have no reason to go on but I’m trying to stay strong",RISK_HIGH
"Lately, Life is meaningless and I have no reason to go on but I keep going",RISK_HIGH
"In my mind, I wish I could disappear",RISK_LOW
"Lately, I am struggling a lot and feel lost but I’m trying to stay strong",AMBIGUOUS
"Sometimes, I am doing well and happy and I don’t know what to do",SAFE
I think I wish I could disappear but I keep going,RISK_LOW
I think I cut myself yesterday,RISK_HIGH
I think Sometimes I think about hurting myself and I can’t talk to anyone about it,RISK_LOW
"Sometimes, Sometimes I think about hurting myself and I don’t know what to do",RISK_LOW
"Lately, Sometimes I think about hurting myself",RISK_LOW
"In my mind, I plan to take pills tonight to sleep forever but I hope things get better",RISK_HIGH
"Sometimes, I cut myself yesterday I just feel so lost",RISK_HIGH
I think I feel so hopeless and want to end it all I just feel so lost,RISK_HIGH
I think I am depressed but trying to cope but I’m trying to stay strong,AMBIGUOUS
"Honestly, I plan to take pills tonight to sleep forever but I keep going",RISK_HIGH
"Sometimes, I am doing well and happy and I don’t know what to do",SAFE
"Lately, I am doing well and happy but I’m trying to stay strong",SAFE
"Recently, I am struggling a lot and feel lost but I’m trying to stay strong",AMBIGUOUS
"Lately, Sometimes I think about hurting myself",RISK_LOW
"Sometimes, I am struggling a lot and feel lost I just feel so lost",AMBIGUOUS
"Honestly, I plan to take pills tonight to sleep forever",RISK_HIGH
"To be honest, I wish I could disappear",RISK_LOW
I think I wish I could disappear I just feel so lost,RISK_LOW
"To be honest, I am struggling a lot and feel lost I just feel so lost",AMBIGUOUS
"Lately, Sometimes I think about hurting myself but I’m trying to stay strong",RISK_LOW
"In my mind, I wish I could disappear and I can’t talk to anyone about it",RISK_LOW
"Sometimes, I cut myself yesterday I just feel so lost",RISK_HIGH
"In my mind, Life is meaningless and I have no reason to go on but I’m trying to stay strong",RISK_HIGH
"To be honest, I feel so hopeless and want to end it all",RISK_HIGH
I think Sometimes I think about hurting myself,RISK_LOW
I think I am depressed but trying to cope but I hope things get better,AMBIGUOUS
"Honestly, I cut myself yesterday but I hope things get better",RISK_HIGH
I think I feel so hopeless and want to end it all but I hope things get better,RISK_HIGH
I think Life is meaningless and I have no reason to go on but I keep going,RISK_HIGH
"Sometimes, I am doing well and happy but I keep going",SAFE
"Sometimes, I am depressed but trying to cope I just feel so lost",AMBIGUOUS
"Recently, I plan to take pills tonight to sleep forever but I’m trying to stay strong",RISK_HIGH
"Sometimes, Sometimes I think about hurting myself",RISK_LOW
"Sometimes, I plan to take pills tonight to sleep forever but I keep going",RISK_HIGH
"In my mind, Sometimes I think about hurting myself and I don’t know what to do",RISK_LOW
"Honestly, Life is meaningless and I have no reason to go on but I’m trying to stay strong",RISK_HIGH
"In my mind, I am struggling a lot and feel lost",AMBIGUOUS
"Honestly, Sometimes I think about hurting myself and I can’t talk to anyone about it",RISK_LOW
"Lately, Everything is fine but I’m trying to stay strong",SAFE
"Lately, I feel so hopeless and want to end it all",RISK_HIGH
"To be honest, Life is meaningless and I have no reason to go on but I keep going",RISK_HIGH
"Recently, Life is meaningless and I have no reason to go on but I hope things get better",RISK_HIGH
"Recently, Life is meaningless and I have no reason to go on",RISK_HIGH
"Honestly, I am doing well and happy",SAFE
"Recently, Sometimes I think about hurting myself and I don’t know what to do",RISK_LOW
"Recently, Life is meaningless and I have no reason to go on",RISK_HIGH
"In my mind, Everything is fine and I don’t know what to do",SAFE
I think Life is meaningless and I have no reason to go on but I hope things get better,RISK_HIGH
I think I cut myself yesterday but I’m trying to stay strong,RISK_HIGH
"Honestly, I am depressed but trying to cope but I keep going",AMBIGUOUS
"Honestly, I am depressed but trying to cope but I keep going",AMBIGUOUS
I think I wish I could disappear I just feel so lost,RISK_LOW
"In my mind, Everything is fine but I’m trying to stay strong",SAFE
"Sometimes, I am depressed but trying to cope and I can’t talk to anyone about it",AMBIGUOUS
"To be honest, I am depressed but trying to cope but I keep going",AMBIGUOUS
"Sometimes, Life is meaningless and I have no reason to go on but I keep going",RISK_HIGH
I think I plan to take pills tonight to sleep forever,RISK_HIGH
"Honestly, I plan to take pills tonight to sleep forever but I hope things get better",RISK_HIGH
"Lately, I wish I could disappear but I keep going",RISK_LOW
"To be honest, I wish I could disappear I just feel so lost",RISK_LOW
"To be honest, I am struggling a lot and feel lost but I’m trying to stay strong",AMBIGUOUS
I think Life is meaningless and I have no reason to go on and I can’t talk to anyone about it,RISK_HIGH
"Honestly, I am doing well and happy and I don’t know what to do",SAFE
"In my mind, Life is meaningless and I have no reason to go on but I keep going",RISK_HIGH
"Sometimes, I cut myself yesterday but I hope things get better",RISK_HIGH
"Honestly, I wish I could disappear but I hope things get better",RISK_LOW
"To be honest, I am doing well and happy but I keep going",SAFE
"Sometimes, Everything is fine I just feel so lost",SAFE
"Sometimes, Everything is fine but I’m trying to stay strong",SAFE
I think I plan to take pills tonight to sleep forever and I can’t talk to anyone about it,RISK_HIGH
"Sometimes, I feel so hopeless and want to end it all but I hope things get better",RISK_HIGH
"Honestly, I cut myself yesterday but I keep going",RISK_HIGH
"In my mind, I feel so hopeless and want to end it all",RISK_HIGH
"In my mind, I am struggling a lot and feel lost but I keep going",AMBIGUOUS
I think Everything is fine and I can’t talk to anyone about it,SAFE
"Sometimes, I am depressed but trying to cope but I hope things get better",AMBIGUOUS
I think I am doing well and happy and I can’t talk to anyone about it,SAFE
"Recently, Everything is fine but I hope things get better",SAFE
"Honestly, Everything is fine and I don’t know what to do",SAFE
"Honestly, I cut myself yesterday and I can’t talk to anyone about it",RISK_HIGH
"Honestly, Everything is fine and I can’t talk to anyone about it",SAFE
"In my mind, I wish I could disappear I just feel so lost",RISK_LOW
"Lately, I plan to take pills tonight to sleep forever but I keep going",RISK_HIGH
"To be honest, Life is meaningless and I have no reason to go on",RISK_HIGH
"Honestly, Everything is fine I just feel so lost",SAFE
"Lately, I wish I could disappear but I’m trying to stay strong",RISK_LOW
"In my mind, I feel so hopeless and want to end it all but I hope things get better",RISK_HIGH
"Honestly, Life is meaningless and I have no reason to go on and I don’t know what to do",RISK_HIGH
"In my mind, Life is meaningless and I have no reason to go on I just feel so lost",RISK_HIGH
"Recently, I am depressed but trying to cope but I keep going",AMBIGUOUS
"To be honest, Life is meaningless and I have no reason to go on I just feel so lost",RISK_HIGH
"Lately, I am depressed but trying to cope",AMBIGUOUS
"To be honest, I am struggling a lot and feel lost I just feel so lost",AMBIGUOUS
"Lately, I wish I could disappear and I can’t talk to anyone about it",RISK_LOW
"Honestly, I am struggling a lot and feel lost",AMBIGUOUS
"In my mind, I am doing well and happy but I’m trying to stay strong",SAFE
I think I cut myself yesterday and I don’t know what to do,RISK_HIGH
"Recently, I cut myself yesterday I just feel so lost",RISK_HIGH
I think I am depressed but trying to cope and I can’t talk to anyone about it,AMBIGUOUS
"In my mind, I cut myself yesterday I just feel so lost",RISK_HIGH
"Lately, I wish I could disappear and I don’t know what to do",RISK_LOW
"Honestly, I am doing well and happy",SAFE
"Lately, I am depressed but trying to cope and I don’t know what to do",AMBIGUOUS
"Honestly, I plan to take pills tonight to sleep forever but I hope things get better",RISK_HIGH
"Lately, I am struggling a lot and feel lost and I don’t know what to do",AMBIGUOUS
"Recently, Sometimes I think about hurting myself",RISK_LOW
"To be honest, Sometimes I think about hurting myself but I keep going",RISK_LOW
I think Life is meaningless and I have no reason to go on and I don’t know what to do,RISK_HIGH
"Recently, I am doing well and happy but I’m trying to stay strong",SAFE
"Sometimes, Everything is fine and I don’t know what to do",SAFE
"Lately, Sometimes I think about hurting myself and I don’t know what to do",RISK_LOW
"In my mind, I am doing well and happy but I keep going",SAFE
I think I am struggling a lot and feel lost but I hope things get better,AMBIGUOUS
"Lately, I plan to take pills tonight to sleep forever but I hope things get better",RISK_HIGH
"In my mind, I cut myself yesterday but I’m trying to stay strong",RISK_HIGH
"Recently, I am depressed but trying to cope but I’m trying to stay strong",AMBIGUOUS
"In my mind, Life is meaningless and I have no reason to go on and I don’t know what to do",RISK_HIGH
"To be honest, I plan to take pills tonight to sleep forever but I keep going",RISK_HIGH
I think I plan to take pills tonight to sleep forever and I don’t know what to do,RISK_HIGH
"To be honest, Everything is fine but I hope things get better",SAFE
"To be honest, I wish I could disappear but I’m trying to stay strong",RISK_LOW
"Honestly, I plan to take pills tonight to sleep forever but I keep going",RISK_HIGH
"Honestly, I am struggling a lot and feel lost and I can’t talk to anyone about it",AMBIGUOUS
"Recently, I feel so hopeless and want to end it all but I hope things get better",RISK_HIGH
"Honestly, I am doing well and happy and I can’t talk to anyone about it",SAFE
"Sometimes, I am struggling a lot and feel lost but I keep going",AMBIGUOUS
I think Sometimes I think about hurting myself I just feel so lost,RISK_LOW
"Lately, Life is meaningless and I have no reason to go on but I keep going",RISK_HIGH
"In my mind, Life is meaningless and I have no reason to go on I just feel so lost",RISK_HIGH
"Sometimes, I am struggling a lot and feel lost but I keep going",AMBIGUOUS
"In my mind, Sometimes I think about hurting myself",RISK_LOW
"Honestly, Life is meaningless and I have no reason to go on but I’m trying to stay strong",RISK_HIGH
"Honestly, Everything is fine and I don’t know what to do",SAFE
"Honestly, I feel so hopeless and want to end it all",RISK_HIGH
I think Everything is fine,SAFE
"In my mind, I plan to take pills tonight to sleep forever and I can’t talk to anyone about it",RISK_HIGH
"Recently, I am doing well and happy",SAFE
"Recently, I feel so hopeless and want to end it all",RISK_HIGH
"Honestly, Sometimes I think about hurting myself and I don’t know what to do",RISK_LOW
"Honestly, Life is meaningless and I have no reason to go on and I can’t talk to anyone about it",RISK_HIGH
"To be honest, Sometimes I think about hurting myself and I don’t know what to do",RISK_LOW
"Sometimes, I plan to take pills tonight to sleep forever but I keep going",RISK_HIGH
"Honestly, I wish I could disappear",RISK_LOW
"In my mind, Everything is fine but I keep going",SAFE
I think I am struggling a lot and feel lost but I’m trying to stay strong,AMBIGUOUS
"Recently, I am depressed but trying to cope",AMBIGUOUS
I think Sometimes I think about hurting myself and I don’t know what to do,RISK_LOW
"In my mind, I plan to take pills tonight to sleep forever but I hope things get better",RISK_HIGH
I think I plan to take pills tonight to sleep forever but I hope things get better,RISK_HIGH
"Sometimes, I wish I could disappear I just feel so lost",RISK_LOW
"In my mind, I am doing well and happy",SAFE
"To be honest, I am doing well and happy I just feel so lost",SAFE
"To be honest, Everything is fine but I’m trying to stay strong",SAFE
"Sometimes, I am depressed but trying to cope I just feel so lost",AMBIGUOUS
"In my mind, Life is meaningless and I have no reason to go on but I hope things get better",RISK_HIGH
"Recently, I plan to take pills tonight to sleep forever but I’m trying to stay strong",RISK_HIGH
"Sometimes, I wish I could disappear but I keep going",RISK_LOW
"Lately, I am depressed but trying to cope I just feel so lost",AMBIGUOUS
I think Sometimes I think about hurting myself I just feel so lost,RISK_LOW
"Recently, I plan to take pills tonight to sleep forever but I hope things get better",RISK_HIGH
"To be honest, I feel so hopeless and want to end it all but I hope things get better",RISK_HIGH
I think I feel so hopeless and want to end it all and I can’t talk to anyone about it,RISK_HIGH
"In my mind, Everything is fine and I don’t know what to do",SAFE
"Lately, I cut myself yesterday and I can’t talk to anyone about it",RISK_HIGH
I think Life is meaningless and I have no reason to go on and I can’t talk to anyone about it,RISK_HIGH
"Honestly, I feel so hopeless and want to end it all",RISK_HIGH
"Lately, I wish I could disappear I just feel so lost",RISK_LOW
I think Everything is fine I just feel so lost,SAFE
I think I am depressed but trying to cope,AMBIGUOUS
"To be honest, I feel so hopeless and want to end it all I just feel so lost",RISK_HIGH
"Sometimes, I wish I could disappear",RISK_LOW
I think I am doing well and happy,SAFE
"Honestly, I feel so hopeless and want to end it all and I don’t know what to do",RISK_HIGH
"Honestly, I feel so hopeless and want to end it all but I hope things get better",RISK_HIGH
"To be honest, I am struggling a lot and feel lost but I hope things get better",AMBIGUOUS
I think I feel so hopeless and want to end it all and I can’t talk to anyone about it,RISK_HIGH
"Honestly, I am depressed but trying to cope but I hope things get better",AMBIGUOUS
"Sometimes, Sometimes I think about hurting myself",RISK_LOW
"To be honest, Life is meaningless and I have no reason to go on but I hope things get better",RISK_HIGH
"Lately, I cut myself yesterday and I can’t talk to anyone about it",RISK_HIGH
"Honestly, I feel so hopeless and want to end it all but I keep going",RISK_HIGH
"In my mind, I wish I could disappear",RISK_LOW
"In my mind, I cut myself yesterday but I’m trying to stay strong",RISK_HIGH
"Honestly, I feel so hopeless and want to end it all I just feel so lost",RISK_HIGH
"Lately, I plan to take pills tonight to sleep forever but I keep going",RISK_HIGH
"To be honest, I am struggling a lot and feel lost but I’m trying to stay strong",AMBIGUOUS
"Honestly, I am struggling a lot and feel lost but I hope things get better",AMBIGUOUS
"Sometimes, Life is meaningless and I have no reason to go on and I can’t talk to anyone about it",RISK_HIGH
"Lately, I am doing well and happy",SAFE
I think I am depressed but trying to cope and I can’t talk to anyone about it,AMBIGUOUS
"Lately, I am doing well and happy but I keep going",SAFE
"Sometimes, Everything is fine",SAFE
"Recently, I am depressed but trying to cope",AMBIGUOUS
"Recently, I wish I could disappear I just feel so lost",RISK_LOW
"Honestly, I wish I could disappear but I’m trying to stay strong",RISK_LOW
"Sometimes, I wish I could disappear I just feel so lost",RISK_LOW
"Honestly, I plan to take pills tonight to sleep forever and I don’t know what to do",RISK_HIGH
"Recently, I am doing well and happy",SAFE
"In my mind, Everything is fine and I can’t talk to anyone about it",SAFE
"Honestly, I am depressed but trying to cope I just feel so lost",AMBIGUOUS
"Honestly, I feel so hopeless and want to end it all but I’m trying to stay strong",RISK_HIGH
"In my mind, Life is meaningless and I have no reason to go on but I hope things get better",RISK_HIGH
"Honestly, Sometimes I think about hurting myself I just feel so lost",RISK_LOW
"Lately, I cut myself yesterday I just feel so lost",RISK_HIGH
"In my mind, I am depressed but trying to cope and I can’t talk to anyone about it",AMBIGUOUS
"Lately, Sometimes I think about hurting myself and I can’t talk to anyone about it",RISK_LOW
"Recently, I plan to take pills tonight to sleep forever and I can’t talk to anyone about it",RISK_HIGH
I think I am depressed but trying to cope I just feel so lost,AMBIGUOUS
"Recently, I wish I could disappear I just feel so lost",RISK_LOW
"Recently, I am struggling a lot and feel lost and I can’t talk to anyone about it",AMBIGUOUS
"Honestly, I wish I could disappear",RISK_LOW
"In my mind, I cut myself yesterday but I hope things get better",RISK_HIGH
"Lately, I cut myself yesterday and I don’t know what to do",RISK_HIGH
"To be honest, Sometimes I think about hurting myself",RISK_LOW
"Sometimes, I am struggling a lot and feel lost but I hope things get better",AMBIGUOUS
"To be honest, I feel so hopeless and want to end it all and I can’t talk to anyone about it",RISK_HIGH
I think Everything is fine and I can’t talk to anyone about it,SAFE
"Sometimes, Sometimes I think about hurting myself but I keep going",RISK_LOW
"To be honest, I am depressed but trying to cope but I hope things get better",AMBIGUOUS
"Honestly, I cut myself yesterday and I don’t know what to do",RISK_HIGH
"Sometimes, I feel so hopeless and want to end it all but I hope things get better",RISK_HIGH
"Recently, I cut myself yesterday but I keep going",RISK_HIGH
I think I am doing well and happy but I keep going,SAFE
I think I cut myself yesterday but I’m trying to stay strong,RISK_HIGH
"To be honest, I wish I could disappear but I keep going",RISK_LOW
"To be honest, Life is meaningless and I have no reason to go on but I hope things get better",RISK_HIGH
"Lately, I am doing well and happy but I keep going",SAFE
"Honestly, I plan to take pills tonight to sleep forever I just feel so lost",RISK_HIGH
"In my mind, I plan to take pills tonight to sleep forever and I don’t know what to do",RISK_HIGH
I think Sometimes I think about hurting myself but I hope things get better,RISK_LOW
"Honestly, Sometimes I think about hurting myself I just feel so lost",RISK_LOW
"Honestly, I plan to take pills tonight to sleep forever but I hope things get better",RISK_HIGH
"To be honest, Sometimes I think about hurting myself I just feel so lost",RISK_LOW
"Sometimes, Sometimes I think about hurting myself but I hope things get better",RISK_LOW
"Lately, I cut myself yesterday but I keep going",RISK_HIGH
I think I am depressed but trying to cope but I’m trying to stay strong,AMBIGUOUS
I think I wish I could disappear but I hope things get better,RISK_LOW
"In my mind, I am doing well and happy but I’m trying to stay strong",SAFE
"Recently, Sometimes I think about hurting myself but I keep going",RISK_LOW
"Honestly, I cut myself yesterday I just feel so lost",RISK_HIGH
"In my mind, I wish I could disappear but I hope things get better",RISK_LOW
"In my mind, Life is meaningless and I have no reason to go on but I hope things get better",RISK_HIGH
"Recently, Everything is fine but I’m trying to stay strong",SAFE
"Sometimes, I wish I could disappear and I don’t know what to do",RISK_LOW
I think I am doing well and happy and I can’t talk to anyone about it,SAFE
"In my mind, I wish I could disappear but I hope things get better",RISK_LOW
"Lately, I am depressed but trying to cope but I keep going",AMBIGUOUS
"Lately, Sometimes I think about hurting myself and I don’t know what to do",RISK_LOW
"In my mind, I am doing well and happy I just feel so lost",SAFE
"In my mind, Sometimes I think about hurting myself and I can’t talk to anyone about it",RISK_LOW
"Honestly, I feel so hopeless and want to end it all but I keep going",RISK_HIGH
"In my mind, I am depressed but trying to cope I just feel so lost",AMBIGUOUS
I think Sometimes I think about hurting myself but I’m trying to stay strong,RISK_LOW
"Lately, Life is meaningless and I have no reason to go on and I can’t talk to anyone about it",RISK_HIGH
"Honestly, Sometimes I think about hurting myself and I don’t know what to do",RISK_LOW
"In my mind, I am struggling a lot and feel lost and I can’t talk to anyone about it",AMBIGUOUS
"Recently, Sometimes I think about hurting myself but I keep going",RISK_LOW
"In my mind, I am doing well and happy but I hope things get better",SAFE
I think Sometimes I think about hurting myself but I hope things get better,RISK_LOW
"To be honest, I wish I could disappear I just feel so lost",RISK_LOW
I think I plan to take pills tonight to sleep forever and I don’t know what to do,RISK_HIGH
"To be honest, I am depressed but trying to cope",AMBIGUOUS
"Sometimes, I cut myself yesterday and I don’t know what to do",RISK_HIGH
"In my mind, I wish I could disappear but I’m trying to stay strong",RISK_LOW
"Lately, I am depressed but trying to cope but I’m trying to stay strong",AMBIGUOUS
"To be honest, I plan to take pills tonight to sleep forever but I hope things get better",RISK_HIGH
"In my mind, I am doing well and happy but I’m trying to stay strong",SAFE
"Honestly, I wish I could disappear and I don’t know what to do",RISK_LOW
"Lately, Sometimes I think about hurting myself",RISK_LOW
"Sometimes, I am doing well and happy but I’m trying to stay strong",SAFE
"Sometimes, I plan to take pills tonight to sleep forever and I can’t talk to anyone about it",RISK_HIGH
"Sometimes, Sometimes I think about hurting myself but I hope things get better",RISK_LOW
"Honestly, Everything is fine",SAFE
"To be honest, Sometimes I think about hurting myself and I don’t know what to do",RISK_LOW
"Sometimes, I am depressed but trying to cope I just feel so lost",AMBIGUOUS
"Sometimes, Everything is fine and I can’t talk to anyone about it",SAFE
"Lately, Sometimes I think about hurting myself but I keep going",RISK_LOW
I think I cut myself yesterday but I’m trying to stay strong,RISK_HIGH
"Sometimes, I feel so hopeless and want to end it all and I don’t know what to do",RISK_HIGH
"Lately, Sometimes I think about hurting myself but I hope things get better",RISK_LOW
I think Everything is fine I just feel so lost,SAFE
"Sometimes, Sometimes I think about hurting myself but I hope things get better",RISK_LOW
"Recently, Sometimes I think about hurting myself but I’m trying to stay strong",RISK_LOW
"Sometimes, I am struggling a lot and feel lost but I hope things get better",AMBIGUOUS
"Sometimes, I am struggling a lot and feel lost",AMBIGUOUS
"Honestly, I wish I could disappear but I’m trying to stay strong",RISK_LOW
"Lately, I am struggling a lot and feel lost and I can’t talk to anyone about it",AMBIGUOUS
"In my mind, I feel so hopeless and want to end it all but I hope things get better",RISK_HIGH
I think I cut myself yesterday but I keep going,RISK_HIGH
"Lately, I am depressed but trying to cope and I don’t know what to do",AMBIGUOUS
"To be honest, I am depressed but trying to cope and I don’t know what to do",AMBIGUOUS
"In my mind, I am depressed but trying to cope and I don’t know what to do",AMBIGUOUS
"In my mind, I plan to take pills tonight to sleep forever and I don’t know what to do",RISK_HIGH
"Sometimes, I wish I could disappear but I’m trying to stay strong",RISK_LOW
"In my mind, I am depressed but trying to cope",AMBIGUOUS
"In my mind, I am struggling a lot and feel lost I just feel so lost",AMBIGUOUS
"Honestly, I wish I could disappear and I don’t know what to do",RISK_LOW
"Lately, I cut myself yesterday and I don’t know what to do",RISK_HIGH
"Honestly, I am doing well and happy",SAFE
"Recently, I feel so hopeless and want to end it all but I’m trying to stay strong",RISK_HIGH
I think Everything is fine and I can’t talk to anyone about it,SAFE
"In my mind, I am doing well and happy but I keep going",SAFE
"To be honest, Life is meaningless and I have no reason to go on but I keep going",RISK_HIGH
"Honestly, Everything is fine but I keep going",SAFE
I think I am depressed but trying to cope and I can’t talk to anyone about it,AMBIGUOUS
"To be honest, I feel so hopeless and want to end it all and I don’t know what to do",RISK_HIGH
"Honestly, Sometimes I think about hurting myself I just feel so lost",RISK_LOW
"Honestly, Sometimes I think about hurting myself but I’m trying to stay strong",RISK_LOW
"Honestly, Everything is fine I just feel so lost",SAFE
"Recently, I plan to take pills tonight to sleep forever but I keep going",RISK_HIGH
"Honestly, I plan to take pills tonight to sleep forever and I can’t talk to anyone about it",RISK_HIGH
"In my mind, I wish I could disappear but I hope things get better",RISK_LOW
I think I cut myself yesterday,RISK_HIGH
"Honestly, Everything is fine but I’m trying to stay strong",SAFE
"To be honest, I am doing well and happy I just feel so lost",SAFE
"In my mind, I feel so hopeless and want to end it all but I’m trying to stay strong",RISK_HIGH
"Lately, I am struggling a lot and feel lost and I don’t know what to do",AMBIGUOUS
"Honestly, Life is meaningless and I have no reason to go on but I keep going",RISK_HIGH
"To be honest, I am struggling a lot and feel lost but I keep going",AMBIGUOUS
I think Everything is fine but I’m trying to stay strong,SAFE
"Lately, I am depressed but trying to cope and I don’t know what to do",AMBIGUOUS
I think I plan to take pills tonight to sleep forever I just feel so lost,RISK_HIGH
"To be honest, Everything is fine",SAFE
"Honestly, I wish I could disappear and I can’t talk to anyone about it",RISK_LOW
"Honestly, Life is meaningless and I have no reason to go on but I keep going",RISK_HIGH
I think Everything is fine but I’m trying to stay strong,SAFE
"In my mind, I am struggling a lot and feel lost but I keep going",AMBIGUOUS
I think I feel so hopeless and want to end it all I just feel so lost,RISK_HIGH
"Sometimes, I wish I could disappear but I’m trying to stay strong",RISK_LOW
"Honestly, Sometimes I think about hurting myself but I hope things get better",RISK_LOW
"Recently, Sometimes I think about hurting myself and I can’t talk to anyone about it",RISK_LOW
"In my mind, I plan to take pills tonight to sleep forever and I don’t know what to do",RISK_HIGH
"Recently, I plan to take pills tonight to sleep forever but I’m trying to stay strong",RISK_HIGH
"Recently, I am depressed but trying to cope and I don’t know what to do",AMBIGUOUS
"Sometimes, I feel so hopeless and want to end it all and I don’t know what to do",RISK_HIGH
"Sometimes, I plan to take pills tonight to sleep forever but I hope things get better",RISK_HIGH
"Sometimes, I plan to take pills tonight to sleep forever but I hope things get better",RISK_HIGH
"Recently, I am depressed but trying to cope I just feel so lost",AMBIGUOUS
"In my mind, Life is meaningless and I have no reason to go on I just feel so lost",RISK_HIGH
"Sometimes, I feel so hopeless and want to end it all but I hope things get better",RISK_HIGH
"In my mind, I feel so hopeless and want to end it all but I keep going",RISK_HIGH
I think Everything is fine but I keep going,SAFE
"In my mind, I am struggling a lot and feel lost but I hope things get better",AMBIGUOUS
"Recently, I am struggling a lot and feel lost",AMBIGUOUS
"Honestly, I am struggling a lot and feel lost and I can’t talk to anyone about it",AMBIGUOUS
"Lately, I cut myself yesterday I just feel so lost",RISK_HIGH
"Honestly, I am depressed but trying to cope but I keep going",AMBIGUOUS
"Honestly, I plan to take pills tonight to sleep forever and I don’t know what to do",RISK_HIGH
"In my mind, I am depressed but trying to cope and I can’t talk to anyone about it",AMBIGUOUS
"Honestly, I cut myself yesterday but I keep going",RISK_HIGH
I think I am struggling a lot and feel lost but I’m trying to stay strong,AMBIGUOUS
I think I plan to take pills tonight to sleep forever but I’m trying to stay strong,RISK_HIGH
"Lately, Everything is fine and I don’t know what to do",SAFE
"To be honest, I am struggling a lot and feel lost and I don’t know what to do",AMBIGUOUS
"Sometimes, I wish I could disappear but I’m trying to stay strong",RISK_LOW
"Sometimes, I wish I could disappear and I can’t talk to anyone about it",RISK_LOW
"Recently, I wish I could disappear and I don’t know what to do",RISK_LOW
"Sometimes, I am doing well and happy but I’m trying to stay strong",SAFE
"In my mind, I feel so hopeless and want to end it all but I hope things get better",RISK_HIGH
"Lately, I am doing well and happy",SAFE
"Recently, Everything is fine",SAFE
"To be honest, I plan to take pills tonight to sleep forever but I keep going",RISK_HIGH
I think Everything is fine but I hope things get better,SAFE
"Honestly, I feel so hopeless and want to end it all and I can’t talk to anyone about it",RISK_HIGH
"To be honest, Life is meaningless and I have no reason to go on but I keep going",RISK_HIGH
"In my mind, I wish I could disappear and I can’t talk to anyone about it",RISK_LOW
"Recently, I plan to take pills tonight to sleep forever",RISK_HIGH
"Honestly, I wish I could disappear",RISK_LOW
"To be honest, I plan to take pills tonight to sleep forever",RISK_HIGH
"To be honest, Everything is fine I just feel so lost",SAFE
"Recently, Sometimes I think about hurting myself",RISK_LOW
"Lately, Sometimes I think about hurting myself I just feel so lost",RISK_LOW
"Lately, Life is meaningless and I have no reason to go on but I hope things get better",RISK_HIGH
"Sometimes, I wish I could disappear",RISK_LOW
"Recently, I cut myself yesterday and I can’t talk to anyone about it",RISK_HIGH
"Lately, Life is meaningless and I have no reason to go on but I hope things get better",RISK_HIGH
"Honestly, I am struggling a lot and feel lost but I’m trying to stay strong",AMBIGUOUS
I think I am doing well and happy but I hope things get better,SAFE
"Recently, I am depressed but trying to cope but I’m trying to stay strong",AMBIGUOUS
I think I wish I could disappear and I can’t talk to anyone about it,RISK_LOW
"Sometimes, I plan to take pills tonight to sleep forever and I can’t talk to anyone about it",RISK_HIGH
"In my mind, I am depressed but trying to cope but I hope things get better",AMBIGUOUS
"Lately, Sometimes I think about hurting myself",RISK_LOW
"To be honest, I am depressed but trying to cope but I hope things get better",AMBIGUOUS
"In my mind, I plan to take pills tonight to sleep forever I just feel so lost",RISK_HIGH
"Sometimes, I am struggling a lot and feel lost but I’m trying to stay strong",AMBIGUOUS
"Honestly, Life is meaningless and I have no reason to go on",RISK_HIGH
"Recently, I am doing well and happy and I don’t know what to do",SAFE
"Recently, I am struggling a lot and feel lost but I hope things get better",AMBIGUOUS
"To be honest, I wish I could disappear but I keep going",RISK_LOW
"Honestly, Sometimes I think about hurting myself but I hope things get better",RISK_LOW
I think Life is meaningless and I have no reason to go on but I keep going,RISK_HIGH
"Honestly, I am struggling a lot and feel lost and I don’t know what to do",AMBIGUOUS
"Sometimes, Everything is fine and I can’t talk to anyone about it",SAFE
"In my mind, I plan to take pills tonight to sleep forever but I keep going",RISK_HIGH
I think I am depressed but trying to cope,AMBIGUOUS
"Honestly, I wish I could disappear",RISK_LOW
"Honestly, I am struggling a lot and feel lost",AMBIGUOUS
"To be honest, I am struggling a lot and feel lost I just feel so lost",AMBIGUOUS
"Lately, I am depressed but trying to cope but I hope things get better",AMBIGUOUS
"Sometimes, I am depressed but trying to cope",AMBIGUOUS
"Honestly, I cut myself yesterday but I’m trying to stay strong",RISK_HIGH
"To be honest, I cut myself yesterday and I don’t know what to do",RISK_HIGH
"Sometimes, Life is meaningless and I have no reason to go on but I hope things get better",RISK_HIGH
"To be honest, I wish I could disappear and I can’t talk to anyone about it",RISK_LOW
"Lately, I plan to take pills tonight to sleep forever and I don’t know what to do",RISK_HIGH
"Sometimes, I am doing well and happy and I don’t know what to do",SAFE
"Recently, Life is meaningless and I have no reason to go on",RISK_HIGH
"Lately, Everything is fine but I’m trying to stay strong",SAFE
"Honestly, Everything is fine I just feel so lost",SAFE
"Recently, I wish I could disappear but I’m trying to stay strong",RISK_LOW
"Honestly, I am doing well and happy and I don’t know what to do",SAFE
"Honestly, I wish I could disappear and I don’t know what to do",RISK_LOW
"Honestly, I am struggling a lot and feel lost I just feel so lost",AMBIGUOUS
"Honestly, Everything is fine I just feel so lost",SAFE
I think I cut myself yesterday but I hope things get better,RISK_HIGH
I think I am struggling a lot and feel lost I just feel so lost,AMBIGUOUS
"To be honest, I am depressed but trying to cope",AMBIGUOUS
"Lately, I am struggling a lot and feel lost but I hope things get better",AMBIGUOUS
I think I am doing well and happy I just feel so lost,SAFE
"Sometimes, I plan to take pills tonight to sleep forever but I hope things get better",RISK_HIGH
"To be honest, Sometimes I think about hurting myself I just feel so lost",RISK_LOW
"Recently, I plan to take pills tonight to sleep forever and I don’t know what to do",RISK_HIGH
"Sometimes, I am depressed but trying to cope and I don’t know what to do",AMBIGUOUS
"Recently, I feel so hopeless and want to end it all and I can’t talk to anyone about it",RISK_HIGH
"Sometimes, I am doing well and happy but I hope things get better",SAFE
"To be honest, Sometimes I think about hurting myself and I can’t talk to anyone about it",RISK_LOW
"Sometimes, I am depressed but trying to cope but I keep going",AMBIGUOUS
"To be honest, Sometimes I think about hurting myself but I keep going",RISK_LOW
I think I am doing well and happy,SAFE
"To be honest, I am doing well and happy",SAFE
"Lately, Sometimes I think about hurting myself but I keep going",RISK_LOW
I think Sometimes I think about hurting myself but I hope things get better,RISK_LOW
"Lately, I wish I could disappear and I don’t know what to do",RISK_LOW
"Lately, I plan to take pills tonight to sleep forever and I can’t talk to anyone about it",RISK_HIGH
"Lately, Sometimes I think about hurting myself",RISK_LOW
"Honestly, I plan to take pills tonight to sleep forever and I don’t know what to do",RISK_HIGH
I think I am doing well and happy but I’m trying to stay strong,SAFE
I think I wish I could disappear but I keep going,RISK_LOW
"Recently, I am doing well and happy and I don’t know what to do",SAFE
"Recently, Life is meaningless and I have no reason to go on I just feel so lost",RISK_HIGH
"Recently, Everything is fine but I’m trying to stay strong",SAFE
"In my mind, I feel so hopeless and want to end it all I just feel so lost",RISK_HIGH
I think Sometimes I think about hurting myself but I’m trying to stay strong,RISK_LOW
"Recently, Everything is fine",SAFE
"Lately, I plan to take pills tonight to sleep forever and I don’t know what to do",RISK_HIGH
"To be honest, I am doing well and happy and I don’t know what to do",SAFE
I think I am depressed but trying to cope I just feel so lost,AMBIGUOUS
"Recently, Everything is fine I just feel so lost",SAFE
"To be honest, Everything is fine and I don’t know what to do",SAFE
I think Sometimes I think about hurting myself but I hope things get better,RISK_LOW
I think Sometimes I think about hurting myself but I hope things get better,RISK_LOW
I think Life is meaningless and I have no reason to go on but I keep going,RISK_HIGH
"To be honest, I am depressed but trying to cope but I keep going",AMBIGUOUS
"Lately, I am struggling a lot and feel lost",AMBIGUOUS
"Lately, I feel so hopeless and want to end it all and I don’t know what to do",RISK_HIGH
"In my mind, I am doing well and happy but I hope things get better",SAFE
"To be honest, Life is meaningless and I have no reason to go on",RISK_HIGH
"Sometimes, Sometimes I think about hurting myself and I can’t talk to anyone about it",RISK_LOW
"To be honest, I am depressed but trying to cope I just feel so lost",AMBIGUOUS
"Lately, Life is meaningless and I have no reason to go on and I don’t know what to do",RISK_HIGH
"In my mind, Everything is fine and I don’t know what to do",SAFE
"Lately, Everything is fine but I’m trying to stay strong",SAFE
I think I wish I could disappear I just feel so lost,RISK_LOW
"Recently, Everything is fine I just feel so lost",SAFE
"Honestly, I am doing well and happy",SAFE
"Lately, I am doing well and happy but I hope things get better",SAFE
"Lately, I am struggling a lot and feel lost and I can’t talk to anyone about it",AMBIGUOUS
"To be honest, I wish I could disappear but I hope things get better",RISK_LOW
I think I wish I could disappear and I can’t talk to anyone about it,RISK_LOW
"Lately, I am doing well and happy but I’m trying to stay strong",SAFE
"Honestly, Life is meaningless and I have no reason to go on but I keep going",RISK_HIGH
"Honestly, I am struggling a lot and feel lost I just feel so lost",AMBIGUOUS
"Recently, I am doing well and happy",SAFE
"Sometimes, Sometimes I think about hurting myself but I keep going",RISK_LOW
I think Everything is fine,SAFE
"To be honest, Everything is fine but I hope things get better",SAFE
"Honestly, I am depressed but trying to cope but I hope things get better",AMBIGUOUS
"To be honest, Everything is fine and I don’t know what to do",SAFE
"Recently, I am doing well and happy I just feel so lost",SAFE
"Sometimes, I plan to take pills tonight to sleep forever and I can’t talk to anyone about it",RISK_HIGH
"Recently, I am struggling a lot and feel lost and I don’t know what to do",AMBIGUOUS
"To be honest, I am doing well and happy but I hope things get better",SAFE
I think Life is meaningless and I have no reason to go on and I can’t talk to anyone about it,RISK_HIGH
"To be honest, Sometimes I think about hurting myself",RISK_LOW
"Honestly, Sometimes I think about hurting myself but I keep going",RISK_LOW
I think I wish I could disappear but I keep going,RISK_LOW
"Recently, I feel so hopeless and want to end it all and I can’t talk to anyone about it",RISK_HIGH
"Sometimes, I plan to take pills tonight to sleep forever I just feel so lost",RISK_HIGH
"Lately, I am struggling a lot and feel lost but I hope things get better",AMBIGUOUS
"Recently, I cut myself yesterday but I hope things get better",RISK_HIGH
I think I feel so hopeless and want to end it all but I hope things get better,RISK_HIGH
"Honestly, Life is meaningless and I have no reason to go on but I keep going",RISK_HIGH
"Sometimes, I am doing well and happy and I don’t know what to do",SAFE
"Recently, I cut myself yesterday but I hope things get better",RISK_HIGH
"To be honest, I am depressed but trying to cope and I don’t know what to do",AMBIGUOUS
"Sometimes, I am struggling a lot and feel lost but I hope things get better",AMBIGUOUS
"Lately, Everything is fine and I don’t know what to do",SAFE
"Recently, I plan to take pills tonight to sleep forever",RISK_HIGH
"Honestly, Life is meaningless and I have no reason to go on but I keep going",RISK_HIGH
"Recently, I wish I could disappear and I can’t talk to anyone about it",RISK_LOW
"Recently, I wish I could disappear but I’m trying to stay strong",RISK_LOW
"Sometimes, I am struggling a lot and feel lost but I hope things get better",AMBIGUOUS
I think I am depressed but trying to cope I just feel so lost,AMBIGUOUS
"Honestly, I cut myself yesterday but I keep going",RISK_HIGH
"Honestly, I plan to take pills tonight to sleep forever and I can’t talk to anyone about it",RISK_HIGH
"To be honest, Everything is fine but I hope things get better",SAFE
I think Life is meaningless and I have no reason to go on and I can’t talk to anyone about it,RISK_HIGH
"In my mind, I plan to take pills tonight to sleep forever",RISK_HIGH
"Sometimes, I feel so hopeless and want to end it all and I can’t talk to anyone about it",RISK_HIGH
"Sometimes, Everything is fine but I hope things get better",SAFE
"Lately, I cut myself yesterday and I don’t know what to do",RISK_HIGH
"Honestly, I am struggling a lot and feel lost I just feel so lost",AMBIGUOUS
"Recently, I plan to take pills tonight to sleep forever",RISK_HIGH
"In my mind, I cut myself yesterday but I’m trying to stay strong",RISK_HIGH
"Sometimes, Sometimes I think about hurting myself but I’m trying to stay strong",RISK_LOW
"Recently, I wish I could disappear but I keep going",RISK_LOW
"Lately, Everything is fine I just feel so lost",SAFE
"Sometimes, I wish I could disappear",RISK_LOW
"To be honest, Sometimes I think about hurting myself but I hope things get better",RISK_LOW
"Sometimes, I am struggling a lot and feel lost and I don’t know what to do",AMBIGUOUS
"Lately, Everything is fine but I’m trying to stay strong",SAFE
I think Sometimes I think about hurting myself I just feel so lost,RISK_LOW
I think I am struggling a lot and feel lost and I can’t talk to anyone about it,AMBIGUOUS
"Honestly, Everything is fine but I keep going",SAFE
"Recently, I wish I could disappear and I don’t know what to do",RISK_LOW
"Lately, I am struggling a lot and feel lost but I hope things get better",AMBIGUOUS
"In my mind, I cut myself yesterday but I hope things get better",RISK_HIGH
"In my mind, Life is meaningless and I have no reason to go on but I hope things get better",RISK_HIGH
"Honestly, Sometimes I think about hurting myself and I don’t know what to do",RISK_LOW
"Lately, I cut myself yesterday and I can’t talk to anyone about it",RISK_HIGH
"Lately, I feel so hopeless and want to end it all but I hope things get better",RISK_HIGH
"Sometimes, I am depressed but trying to cope but I’m trying to stay strong",AMBIGUOUS
"In my mind, I am doing well and happy I just feel so lost",SAFE
I think I plan to take pills tonight to sleep forever,RISK_HIGH
"Sometimes, I am doing well and happy and I can’t talk to anyone about it",SAFE
"Honestly, Life is meaningless and I have no reason to go on and I can’t talk to anyone about it",RISK_HIGH
"Honestly, Everything is fine",SAFE
"Recently, I feel so hopeless and want to end it all but I hope things get better",RISK_HIGH
"Honestly, Sometimes I think about hurting myself",RISK_LOW
"To be honest, Life is meaningless and I have no reason to go on and I don’t know what to do",RISK_HIGH
"To be honest, I plan to take pills tonight to sleep forever and I don’t know what to do",RISK_HIGH
"In my mind, I cut myself yesterday and I can’t talk to anyone about it",RISK_HIGH
"Sometimes, I plan to take pills tonight to sleep forever and I don’t know what to do",RISK_HIGH
"To be honest, I am doing well and happy I just feel so lost",SAFE
"Honestly, I am doing well and happy and I don’t know what to do",SAFE
"In my mind, I am depressed but trying to cope but I hope things get better",AMBIGUOUS
"Recently, I wish I could disappear but I’m trying to stay strong",RISK_LOW
"Lately, I am doing well and happy but I’m trying to stay strong",SAFE
"Honestly, Everything is fine but I keep going",SAFE
"To be honest, I plan to take pills tonight to sleep forever and I can’t talk to anyone about it",RISK_HIGH
"Sometimes, I wish I could disappear but I hope things get better",RISK_LOW
"Recently, I cut myself yesterday but I’m trying to stay strong",RISK_HIGH
"Lately, I am doing well and happy but I keep going",SAFE
"Sometimes, I plan to take pills tonight to sleep forever but I hope things get better",RISK_HIGH
"Honestly, I am doing well and happy but I’m trying to stay strong",SAFE
"In my mind, I am struggling a lot and feel lost",AMBIGUOUS
"Sometimes, I am struggling a lot and feel lost I just feel so lost",AMBIGUOUS
"Sometimes, I cut myself yesterday but I’m trying to stay strong",RISK_HIGH
I think I feel so hopeless and want to end it all and I don’t know what to do,RISK_HIGH
"Sometimes, I am doing well and happy but I hope things get better",SAFE
"Sometimes, I cut myself yesterday",RISK_HIGH
"Lately, I am depressed but trying to cope but I hope things get better",AMBIGUOUS
"Recently, I feel so hopeless and want to end it all",RISK_HIGH
"To be honest, Sometimes I think about hurting myself",RISK_LOW
I think Everything is fine,SAFE
"To be honest, Life is meaningless and I have no reason to go on but I’m trying to stay strong",RISK_HIGH
"In my mind, I am doing well and happy",SAFE
"In my mind, I feel so hopeless and want to end it all but I keep going",RISK_HIGH
I think I wish I could disappear but I hope things get better,RISK_LOW
I think I wish I could disappear,RISK_LOW
"Lately, I am doing well and happy but I hope things get better",SAFE
"To be honest, I am depressed but trying to cope but I keep going",AMBIGUOUS
"Recently, I am doing well and happy and I don’t know what to do",SAFE
I think I cut myself yesterday and I can’t talk to anyone about it,RISK_HIGH
"Honestly, I am depressed but trying to cope and I don’t know what to do",AMBIGUOUS
"Sometimes, I am struggling a lot and feel lost but I keep going",AMBIGUOUS
"Recently, I am struggling a lot and feel lost but I’m trying to stay strong",AMBIGUOUS
"Recently, I feel so hopeless and want to end it all I just feel so lost",RISK_HIGH
"To be honest, I am struggling a lot and feel lost",AMBIGUOUS
"In my mind, I am doing well and happy but I keep going",SAFE
"In my mind, I am struggling a lot and feel lost and I don’t know what to do",AMBIGUOUS
"To be honest, Sometimes I think about hurting myself I just feel so lost",RISK_LOW
"Lately, I am doing well and happy and I can’t talk to anyone about it",SAFE
"To be honest, I am depressed but trying to cope",AMBIGUOUS
I think I am depressed but trying to cope and I can’t talk to anyone about it,AMBIGUOUS
"Sometimes, I am depressed but trying to cope but I hope things get better",AMBIGUOUS
"Recently, Life is meaningless and I have no reason to go on I just feel so lost",RISK_HIGH
"Honestly, I plan to take pills tonight to sleep forever and I can’t talk to anyone about it",RISK_HIGH
"In my mind, Everything is fine and I don’t know what to do",SAFE
"In my mind, I feel so hopeless and want to end it all and I don’t know what to do",RISK_HIGH
"Lately, Life is meaningless and I have no reason to go on",RISK_HIGH
"To be honest, I cut myself yesterday but I’m trying to stay strong",RISK_HIGH
"In my mind, I wish I could disappear and I don’t know what to do",RISK_LOW
"To be honest, Life is meaningless and I have no reason to go on and I don’t know what to do",RISK_HIGH
"Recently, I plan to take pills tonight to sleep forever but I hope things get better",RISK_HIGH
"Recently, I feel so hopeless and want to end it all I just feel so lost",RISK_HIGH
"Lately, I cut myself yesterday but I hope things get better",RISK_HIGH
I think I am struggling a lot and feel lost but I’m trying to stay strong,AMBIGUOUS
"Lately, I am depressed but trying to cope",AMBIGUOUS
"Sometimes, I plan to take pills tonight to sleep forever and I can’t talk to anyone about it",RISK_HIGH
"Recently, I am struggling a lot and feel lost but I’m trying to stay strong",AMBIGUOUS
"To be honest, I am struggling a lot and feel lost but I’m trying to stay strong",AMBIGUOUS
"Lately, I am depressed but trying to cope but I’m trying to stay strong",AMBIGUOUS
I think I cut myself yesterday but I keep going,RISK_HIGH
"In my mind, I wish I could disappear but I hope things get better",RISK_LOW
I think I wish I could disappear and I can’t talk to anyone about it,RISK_LOW
"Recently, Life is meaningless and I have no reason to go on but I’m trying to stay strong",RISK_HIGH
"Honestly, I wish I could disappear",RISK_LOW
"To be honest, I plan to take pills tonight to sleep forever but I’m trying to stay strong",RISK_HIGH
"In my mind, Life is meaningless and I have no reason to go on I just feel so lost",RISK_HIGH
"Recently, I feel so hopeless and want to end it all and I don’t know what to do",RISK_HIGH
"In my mind, I feel so hopeless and want to end it all I just feel so lost",RISK_HIGH
"Sometimes, I wish I could disappear",RISK_LOW
I think I am struggling a lot and feel lost but I keep going,AMBIGUOUS
"Honestly, I am depressed but trying to cope",AMBIGUOUS
"Sometimes, I cut myself yesterday",RISK_HIGH
"Recently, I am doing well and happy but I hope things get better",SAFE
"To be honest, I am depressed but trying to cope and I don’t know what to do",AMBIGUOUS
"Recently, I am depressed but trying to cope but I keep going",AMBIGUOUS
"To be honest, Everything is fine but I’m trying to stay strong",SAFE
"To be honest, Life is meaningless and I have no reason to go on and I can’t talk to anyone about it",RISK_HIGH
I think I wish I could disappear but I hope things get better,RISK_LOW
"Lately, I feel so hopeless and want to end it all but I’m trying to stay strong",RISK_HIGH
"To be honest, I am depressed but trying to cope and I can’t talk to anyone about it",AMBIGUOUS
"In my mind, I wish I could disappear but I hope things get better",RISK_LOW
"Recently, Everything is fine I just feel so lost",SAFE
"Recently, I plan to take pills tonight to sleep forever but I hope things get better",RISK_HIGH
"Lately, I cut myself yesterday but I hope things get better",RISK_HIGH
"To be honest, Life is meaningless and I have no reason to go on but I keep going",RISK_HIGH
"Recently, I am struggling a lot and feel lost but I’m trying to stay strong",AMBIGUOUS
"Honestly, I am doing well and happy but I keep going",SAFE
"To be honest, I am doing well and happy but I keep going",SAFE
"To be honest, I am struggling a lot and feel lost and I can’t talk to anyone about it",AMBIGUOUS
I think I wish I could disappear and I don’t know what to do,RISK_LOW
I think Life is meaningless and I have no reason to go on but I hope things get better,RISK_HIGH
"To be honest, I am struggling a lot and feel lost but I hope things get better",AMBIGUOUS
I think Sometimes I think about hurting myself,RISK_LOW
"In my mind, Sometimes I think about hurting myself and I don’t know what to do",RISK_LOW
"Sometimes, Life is meaningless and I have no reason to go on and I can’t talk to anyone about it",RISK_HIGH
"Recently, I plan to take pills tonight to sleep forever and I can’t talk to anyone about it",RISK_HIGH
"Sometimes, I am doing well and happy but I keep going",SAFE
"Lately, I am depressed but trying to cope",AMBIGUOUS
"Lately, Everything is fine but I keep going",SAFE
I think I am depressed but trying to cope but I hope things get better,AMBIGUOUS
I think I am depressed but trying to cope,AMBIGUOUS
"To be honest, I am doing well and happy but I’m trying to stay strong",SAFE
I think Sometimes I think about hurting myself but I’m trying to stay strong,RISK_LOW
"Sometimes, I am doing well and happy but I’m trying to stay strong",SAFE
"Sometimes, I am struggling a lot and feel lost but I hope things get better",AMBIGUOUS
I think Life is meaningless and I have no reason to go on but I keep going,RISK_HIGH
"Sometimes, Sometimes I think about hurting myself and I don’t know what to do",RISK_LOW
"Honestly, I cut myself yesterday but I’m trying to stay strong",RISK_HIGH
I think Sometimes I think about hurting myself but I hope things get better,RISK_LOW
"To be honest, Sometimes I think about hurting myself I just feel so lost",RISK_LOW
"In my mind, Life is meaningless and I have no reason to go on but I’m trying to stay strong",RISK_HIGH
I think I am struggling a lot and feel lost I just feel so lost,AMBIGUOUS
I think I am doing well and happy and I can’t talk to anyone about it,SAFE
"Recently, I cut myself yesterday I just feel so lost",RISK_HIGH
"Recently, I am struggling a lot and feel lost but I hope things get better",AMBIGUOUS
"In my mind, Everything is fine but I’m trying to stay strong",SAFE
"Lately, I am struggling a lot and feel lost",AMBIGUOUS
"In my mind, Life is meaningless and I have no reason to go on I just feel so lost",RISK_HIGH
"Honestly, I am doing well and happy but I’m trying to stay strong",SAFE
"Recently, I plan to take pills tonight to sleep forever and I don’t know what to do",RISK_HIGH
I think I am struggling a lot and feel lost but I’m trying to stay strong,AMBIGUOUS
"Lately, I wish I could disappear but I keep going",RISK_LOW
"In my mind, I plan to take pills tonight to sleep forever but I hope things get better",RISK_HIGH
I think Sometimes I think about hurting myself but I’m trying to stay strong,RISK_LOW
I think I wish I could disappear I just feel so lost,RISK_LOW
"In my mind, I feel so hopeless and want to end it all and I don’t know what to do",RISK_HIGH
"Sometimes, I am depressed but trying to cope",AMBIGUOUS
"Recently, I wish I could disappear but I keep going",RISK_LOW
"In my mind, I am doing well and happy and I don’t know what to do",SAFE
"Sometimes, Everything is fine and I don’t know what to do",SAFE
"Sometimes, I am struggling a lot and feel lost but I’m trying to stay strong",AMBIGUOUS
I think I am struggling a lot and feel lost but I’m trying to stay strong,AMBIGUOUS
"In my mind, I feel so hopeless and want to end it all but I keep going",RISK_HIGH
"Lately, I am doing well and happy I just feel so lost",SAFE
"Sometimes, I feel so hopeless and want to end it all and I don’t know what to do",RISK_HIGH
I think I feel so hopeless and want to end it all I just feel so lost,RISK_HIGH
"Sometimes, I am doing well and happy and I don’t know what to do",SAFE
"In my mind, I cut myself yesterday but I hope things get better",RISK_HIGH
"To be honest, I cut myself yesterday",RISK_HIGH
"Sometimes, Life is meaningless and I have no reason to go on",RISK_HIGH
"To be honest, Life is meaningless and I have no reason to go on but I hope things get better",RISK_HIGH
"Lately, I am doing well and happy and I can’t talk to anyone about it",SAFE
"To be honest, I am doing well and happy and I don’t know what to do",SAFE
"In my mind, Everything is fine and I don’t know what to do",SAFE
"In my mind, I am depressed but trying to cope and I can’t talk to anyone about it",AMBIGUOUS
"In my mind, I feel so hopeless and want to end it all and I can’t talk to anyone about it",RISK_HIGH
"Recently, Sometimes I think about hurting myself but I’m trying to stay strong",RISK_LOW
"In my mind, I am doing well and happy but I keep going",SAFE
"Honestly, Everything is fine and I don’t know what to do",SAFE
"Honestly, Sometimes I think about hurting myself but I keep going",RISK_LOW
"To be honest, I am doing well and happy I just feel so lost",SAFE
I think I cut myself yesterday I just feel so lost,RISK_HIGH
I think Sometimes I think about hurting myself but I hope things get better,RISK_LOW
"Recently, I plan to take pills tonight to sleep forever but I hope things get better",RISK_HIGH
"In my mind, Sometimes I think about hurting myself and I can’t talk to anyone about it",RISK_LOW
"In my mind, Life is meaningless and I have no reason to go on but I keep going",RISK_HIGH
"To be honest, I plan to take pills tonight to sleep forever I just feel so lost",RISK_HIGH
"In my mind, I feel so hopeless and want to end it all",RISK_HIGH
"Sometimes, I cut myself yesterday but I hope things get better",RISK_HIGH
I think Sometimes I think about hurting myself and I don’t know what to do,RISK_LOW
"Sometimes, I am doing well and happy but I hope things get better",SAFE
"Sometimes, I feel so hopeless and want to end it all but I hope things get better",RISK_HIGH
I think Life is meaningless and I have no reason to go on and I don’t know what to do,RISK_HIGH
"Lately, I am depressed but trying to cope but I hope things get better",AMBIGUOUS
"Sometimes, Everything is fine",SAFE
"In my mind, Life is meaningless and I have no reason to go on and I don’t know what to do",RISK_HIGH
"Sometimes, Life is meaningless and I have no reason to go on and I don’t know what to do",RISK_HIGH
I think I am doing well and happy but I’m trying to stay strong,SAFE
"In my mind, I feel so hopeless and want to end it all",RISK_HIGH
"Recently, Everything is fine and I can’t talk to anyone about it",SAFE
"Lately, I cut myself yesterday and I can’t talk to anyone about it",RISK_HIGH
"Lately, I wish I could disappear I just feel so lost",RISK_LOW
I think I cut myself yesterday I just feel so lost,RISK_HIGH
"Honestly, I am depressed but trying to cope I just feel so lost",AMBIGUOUS
"Sometimes, I cut myself yesterday I just feel so lost",RISK_HIGH
"Lately, Life is meaningless and I have no reason to go on",RISK_HIGH
"Lately, I plan to take pills tonight to sleep forever",RISK_HIGH
"Honestly, Everything is fine and I can’t talk to anyone about it",SAFE
"Lately, I feel so hopeless and want to end it all but I hope things get better",RISK_HIGH
"In my mind, I feel so hopeless and want to end it all but I hope things get better",RISK_HIGH
"Recently, I am depressed but trying to cope and I don’t know what to do",AMBIGUOUS
"To be honest, I plan to take pills tonight to sleep forever",RISK_HIGH
"Recently, Sometimes I think about hurting myself but I keep going",RISK_LOW
"Lately, Life is meaningless and I have no reason to go on and I can’t talk to anyone about it",RISK_HIGH
"Recently, I am struggling a lot and feel lost and I can’t talk to anyone about it",AMBIGUOUS
"To be honest, I am struggling a lot and feel lost but I keep going",AMBIGUOUS
I think I am depressed but trying to cope I just feel so lost,AMBIGUOUS
"Recently, I am struggling a lot and feel lost I just feel so lost",AMBIGUOUS
"Sometimes, I feel so hopeless and want to end it all and I don’t know what to do",RISK_HIGH
"Lately, I am depressed but trying to cope but I’m trying to stay strong",AMBIGUOUS
"In my mind, I feel so hopeless and want to end it all",RISK_HIGH
"To be honest, I plan to take pills tonight to sleep forever but I’m trying to stay strong",RISK_HIGH
"Sometimes, Everything is fine I just feel so lost",SAFE
"Sometimes, Everything is fine",SAFE
"Sometimes, I am struggling a lot and feel lost and I can’t talk to anyone about it",AMBIGUOUS
"In my mind, I am depressed but trying to cope I just feel so lost",AMBIGUOUS
I think I plan to take pills tonight to sleep forever and I don’t know what to do,RISK_HIGH
"Sometimes, Sometimes I think about hurting myself but I hope things get better",RISK_LOW
"In my mind, I plan to take pills tonight to sleep forever but I keep going",RISK_HIGH
"Sometimes, I am struggling a lot and feel lost and I don’t know what to do",AMBIGUOUS
"To be honest, I plan to take pills tonight to sleep forever I just feel so lost",RISK_HIGH
"In my mind, I wish I could disappear and I don’t know what to do",RISK_LOW
"Sometimes, I feel so hopeless and want to end it all but I keep going",RISK_HIGH
"Honestly, I feel so hopeless and want to end it all and I don’t know what to do",RISK_HIGH
"Lately, I am depressed but trying to cope",AMBIGUOUS
"Sometimes, I cut myself yesterday I just feel so lost",RISK_HIGH
"Sometimes, I wish I could disappear",RISK_LOW
"Lately, I wish I could disappear",RISK_LOW
"Sometimes, I wish I could disappear but I’m trying to stay strong",RISK_LOW
"In my mind, Life is meaningless and I have no reason to go on but I hope things get better",RISK_HIGH
I think I am doing well and happy and I don’t know what to do,SAFE
"Recently, Life is meaningless and I have no reason to go on but I keep going",RISK_HIGH
"In my mind, Everything is fine I just feel so lost",SAFE
"Lately, I am struggling a lot and feel lost and I can’t talk to anyone about it",AMBIGUOUS
"Sometimes, Sometimes I think about hurting myself I just feel so lost",RISK_LOW
"Honestly, Everything is fine and I can’t talk to anyone about it",SAFE
I think I am depressed but trying to cope and I don’t know what to do,AMBIGUOUS
"Recently, Everything is fine but I’m trying to stay strong",SAFE
"In my mind, I cut myself yesterday and I can’t talk to anyone about it",RISK_HIGH
"In my mind, I plan to take pills tonight to sleep forever I just feel so lost",RISK_HIGH
"Honestly, I wish I could disappear and I don’t know what to do",RISK_LOW
I think I am depressed but trying to cope and I can’t talk to anyone about it,AMBIGUOUS
"Sometimes, I plan to take pills tonight to sleep forever but I’m trying to stay strong",RISK_HIGH
"Lately, Life is meaningless and I have no reason to go on and I can’t talk to anyone about it",RISK_HIGH
"Honestly, Everything is fine but I’m trying to stay strong",SAFE
"Lately, I wish I could disappear but I’m trying to stay strong",RISK_LOW
"To be honest, I plan to take pills tonight to sleep forever",RISK_HIGH
I think I wish I could disappear and I can’t talk to anyone about it,RISK_LOW
"Lately, I wish I could disappear but I keep going",RISK_LOW
"Recently, I am depressed but trying to cope and I can’t talk to anyone about it",AMBIGUOUS
I think Life is meaningless and I have no reason to go on but I’m trying to stay strong,RISK_HIGH
"Sometimes, Sometimes I think about hurting myself but I’m trying to stay strong",RISK_LOW
"In my mind, I am struggling a lot and feel lost I just feel so lost",AMBIGUOUS
"Recently, I wish I could disappear but I keep going",RISK_LOW
"In my mind, I plan to take pills tonight to sleep forever I just feel so lost",RISK_HIGH
"In my mind, I cut myself yesterday but I keep going",RISK_HIGH
"Honestly, I am depressed but trying to cope but I hope things get better",AMBIGUOUS
"To be honest, I plan to take pills tonight to sleep forever and I can’t talk to anyone about it",RISK_HIGH
"Recently, Sometimes I think about hurting myself and I don’t know what to do",RISK_LOW
"Sometimes, I wish I could disappear and I can’t talk to anyone about it",RISK_LOW
"Sometimes, I am depressed but trying to cope",AMBIGUOUS
I think I am struggling a lot and feel lost I just feel so lost,AMBIGUOUS
"In my mind, Sometimes I think about hurting myself I just feel so lost",RISK_LOW
"In my mind, I am depressed but trying to cope",AMBIGUOUS
"To be honest, I plan to take pills tonight to sleep forever but I keep going",RISK_HIGH
"Lately, I feel so hopeless and want to end it all and I can’t talk to anyone about it",RISK_HIGH
"To be honest, Sometimes I think about hurting myself",RISK_LOW
"Sometimes, I am doing well and happy",SAFE
"To be honest, I plan to take pills tonight to sleep forever but I keep going",RISK_HIGH
"Honestly, I am doing well and happy but I keep going",SAFE
"In my mind, I feel so hopeless and want to end it all",RISK_HIGH
"Sometimes, I am struggling a lot and feel lost but I hope things get better",AMBIGUOUS
"Honestly, I am struggling a lot and feel lost but I’m trying to stay strong",AMBIGUOUS
"Lately, Sometimes I think about hurting myself",RISK_LOW
"Lately, I plan to take pills tonight to sleep forever but I hope things get better",RISK_HIGH
"To be honest, I plan to take pills tonight to sleep forever",RISK_HIGH
"Lately, I am struggling a lot and feel lost",AMBIGUOUS
"Lately, I am struggling a lot and feel lost",AMBIGUOUS
"To be honest, Life is meaningless and I have no reason to go on and I can’t talk to anyone about it",RISK_HIGH
"Lately, I am doing well and happy but I hope things get better",SAFE
"Recently, I feel so hopeless and want to end it all and I don’t know what to do",RISK_HIGH
I think Life is meaningless and I have no reason to go on and I can’t talk to anyone about it,RISK_HIGH
I think I plan to take pills tonight to sleep forever,RISK_HIGH
"In my mind, I am depressed but trying to cope but I keep going",AMBIGUOUS
"Lately, I am depressed but trying to cope and I don’t know what to do",AMBIGUOUS
"Sometimes, Sometimes I think about hurting myself and I can’t talk to anyone about it",RISK_LOW
"In my mind, Sometimes I think about hurting myself I just feel so lost",RISK_LOW
"Recently, Everything is fine but I keep going",SAFE
"Sometimes, Life is meaningless and I have no reason to go on and I don’t know what to do",RISK_HIGH
"Lately, I am struggling a lot and feel lost but I’m trying to stay strong",AMBIGUOUS
"In my mind, Sometimes I think about hurting myself",RISK_LOW
"Recently, I feel so hopeless and want to end it all and I don’t know what to do",RISK_HIGH
"Sometimes, Life is meaningless and I have no reason to go on but I hope things get better",RISK_HIGH
"Lately, I am doing well and happy but I’m trying to stay strong",SAFE
"Sometimes, Life is meaningless and I have no reason to go on but I’m trying to stay strong",RISK_HIGH
I think I am doing well and happy but I’m trying to stay strong,SAFE
I think Life is meaningless and I have no reason to go on but I keep going,RISK_HIGH
"Honestly, Sometimes I think about hurting myself and I don’t know what to do",RISK_LOW
"To be honest, I am doing well and happy I just feel so lost",SAFE
"Lately, I cut myself yesterday but I keep going",RISK_HIGH
"To be honest, I am depressed but trying to cope but I keep going",AMBIGUOUS
"Recently, Sometimes I think about hurting myself but I’m trying to stay strong",RISK_LOW
"In my mind, I am doing well and happy but I keep going",SAFE
"To be honest, Everything is fine but I keep going",SAFE
"To be honest, Sometimes I think about hurting myself and I don’t know what to do",RISK_LOW
"In my mind, I cut myself yesterday and I don’t know what to do",RISK_HIGH
I think Everything is fine but I hope things get better,SAFE
"In my mind, I wish I could disappear I just feel so lost",RISK_LOW
"In my mind, I plan to take pills tonight to sleep forever and I don’t know what to do",RISK_HIGH
"Sometimes, I plan to take pills tonight to sleep forever but I hope things get better",RISK_HIGH
I think I am depressed but trying to cope but I keep going,AMBIGUOUS
I think I am depressed but trying to cope,AMBIGUOUS
I think I plan to take pills tonight to sleep forever but I’m trying to stay strong,RISK_HIGH
"In my mind, I am depressed but trying to cope but I hope things get better",AMBIGUOUS
"In my mind, I wish I could disappear but I hope things get better",RISK_LOW
"Lately, I feel so hopeless and want to end it all and I don’t know what to do",RISK_HIGH
"Recently, Sometimes I think about hurting myself I just feel so lost",RISK_LOW
"To be honest, Sometimes I think about hurting myself and I can’t talk to anyone about it",RISK_LOW
"To be honest, I am doing well and happy",SAFE
"To be honest, I am depressed but trying to cope and I don’t know what to do",AMBIGUOUS
"To be honest, I plan to take pills tonight to sleep forever and I can’t talk to anyone about it",RISK_HIGH
"In my mind, I am depressed but trying to cope and I don’t know what to do",AMBIGUOUS
"Honestly, Sometimes I think about hurting myself and I don’t know what to do",RISK_LOW
"Recently, I am doing well and happy and I don’t know what to do",SAFE
"Lately, I am doing well and happy but I keep going",SAFE
"Recently, Everything is fine but I’m trying to stay strong",SAFE
"Lately, I am depressed but trying to cope I just feel so lost",AMBIGUOUS
"Honestly, I cut myself yesterday but I’m trying to stay strong",RISK_HIGH
"Sometimes, I feel so hopeless and want to end it all",RISK_HIGH
"In my mind, I am depressed but trying to cope and I don’t know what to do",AMBIGUOUS
"In my mind, I cut myself yesterday",RISK_HIGH
"Recently, I feel so hopeless and want to end it all but I hope things get better",RISK_HIGH
"Lately, I wish I could disappear but I hope things get better",RISK_LOW
"Recently, I wish I could disappear and I don’t know what to do",RISK_LOW
"Recently, I am depressed but trying to cope",AMBIGUOUS
"Sometimes, I feel so hopeless and want to end it all but I keep going",RISK_HIGH
I think I am doing well and happy but I’m trying to stay strong,SAFE
"Honestly, Life is meaningless and I have no reason to go on but I hope things get better",RISK_HIGH
"Recently, I wish I could disappear",RISK_LOW
"In my mind, I am struggling a lot and feel lost I just feel so lost",AMBIGUOUS
"To be honest, I am struggling a lot and feel lost but I’m trying to stay strong",AMBIGUOUS
I think Everything is fine but I hope things get better,SAFE
"Recently, I am doing well and happy and I don’t know what to do",SAFE
I think I am doing well and happy and I can’t talk to anyone about it,SAFE
"Lately, I am depressed but trying to cope but I’m trying to stay strong",AMBIGUOUS
"Recently, Everything is fine and I can’t talk to anyone about it",SAFE
"In my mind, I am depressed but trying to cope and I can’t talk to anyone about it",AMBIGUOUS
"To be honest, Sometimes I think about hurting myself but I’m trying to stay strong",RISK_LOW
I think Everything is fine but I keep going,SAFE
"To be honest, I am depressed but trying to cope and I can’t talk to anyone about it",AMBIGUOUS
"To be honest, I plan to take pills tonight to sleep forever but I’m trying to stay strong",RISK_HIGH
"Sometimes, I wish I could disappear I just feel so lost",RISK_LOW
"Recently, I feel so hopeless and want to end it all",RISK_HIGH
"Lately, I cut myself yesterday",RISK_HIGH
"Honestly, I wish I could disappear and I can’t talk to anyone about it",RISK_LOW
"Lately, I feel so hopeless and want to end it all",RISK_HIGH
"To be honest, I feel so hopeless and want to end it all I just feel so lost",RISK_HIGH
"Recently, I wish I could disappear but I keep going",RISK_LOW
"In my mind, Sometimes I think about hurting myself but I hope things get better",RISK_LOW
"Honestly, I feel so hopeless and want to end it all but I hope things get better",RISK_HIGH
"Sometimes, I cut myself yesterday but I hope things get better",RISK_HIGH
"Sometimes, I feel so hopeless and want to end it all and I can’t talk to anyone about it",RISK_HIGH
"Sometimes, Everything is fine I just feel so lost",SAFE
"In my mind, Everything is fine but I keep going",SAFE
"In my mind, I am doing well and happy but I keep going",SAFE
"Honestly, I am struggling a lot and feel lost and I can’t talk to anyone about it",AMBIGUOUS
"To be honest, Life is meaningless and I have no reason to go on I just feel so lost",RISK_HIGH
"To be honest, I feel so hopeless and want to end it all but I’m trying to stay strong",RISK_HIGH
"Honestly, I am struggling a lot and feel lost and I can’t talk to anyone about it",AMBIGUOUS
"Lately, Life is meaningless and I have no reason to go on and I don’t know what to do",RISK_HIGH
"Lately, I feel so hopeless and want to end it all and I don’t know what to do",RISK_HIGH
I think I am doing well and happy I just feel so lost,SAFE
"Lately, I feel so hopeless and want to end it all and I don’t know what to do",RISK_HIGH
I think Life is meaningless and I have no reason to go on but I’m trying to stay strong,RISK_HIGH
I think Life is meaningless and I have no reason to go on but I hope things get better,RISK_HIGH
"Honestly, I feel so hopeless and want to end it all I just feel so lost",RISK_HIGH
"To be honest, I am doing well and happy and I can’t talk to anyone about it",SAFE
"Lately, Sometimes I think about hurting myself",RISK_LOW
"Honestly, I am doing well and happy",SAFE
"Sometimes, I feel so hopeless and want to end it all I just feel so lost",RISK_HIGH
"In my mind, Life is meaningless and I have no reason to go on and I can’t talk to anyone about it",RISK_HIGH
"Sometimes, I am depressed but trying to cope but I’m trying to stay strong",AMBIGUOUS
"Lately, I am struggling a lot and feel lost",AMBIGUOUS
"In my mind, Everything is fine and I can’t talk to anyone about it",SAFE
"Sometimes, Life is meaningless and I have no reason to go on but I keep going",RISK_HIGH
"In my mind, Life is meaningless and I have no reason to go on",RISK_HIGH
"Sometimes, Life is meaningless and I have no reason to go on but I’m trying to stay strong",RISK_HIGH
"Sometimes, I feel so hopeless and want to end it all but I hope things get better",RISK_HIGH
"Honestly, I am depressed but trying to cope I just feel so lost",AMBIGUOUS
"In my mind, I am struggling a lot and feel lost I just feel so lost",AMBIGUOUS
"Sometimes, I am doing well and happy I just feel so lost",SAFE
"Honestly, Life is meaningless and I have no reason to go on I just feel so lost",RISK_HIGH
I think I feel so hopeless and want to end it all I just feel so lost,RISK_HIGH
"In my mind, I am doing well and happy but I hope things get better",SAFE
"Recently, Everything is fine and I can’t talk to anyone about it",SAFE
"Lately, I plan to take pills tonight to sleep forever",RISK_HIGH
"To be honest, I am doing well and happy and I can’t talk to anyone about it",SAFE
"To be honest, I cut myself yesterday and I can’t talk to anyone about it",RISK_HIGH
"Honestly, I cut myself yesterday and I don’t know what to do",RISK_HIGH
"Sometimes, I plan to take pills tonight to sleep forever but I hope things get better",RISK_HIGH
"Honestly, I plan to take pills tonight to sleep forever but I’m trying to stay strong",RISK_HIGH
I think Everything is fine,SAFE
"Recently, I am depressed but trying to cope but I keep going",AMBIGUOUS
"Recently, I feel so hopeless and want to end it all but I hope things get better",RISK_HIGH
I think I wish I could disappear but I’m trying to stay strong,RISK_LOW
I think Life is meaningless and I have no reason to go on but I’m trying to stay strong,RISK_HIGH
"Lately, I feel so hopeless and want to end it all",RISK_HIGH
I think I feel so hopeless and want to end it all but I’m trying to stay strong,RISK_HIGH
"Lately, Everything is fine and I don’t know what to do",SAFE
"Honestly, I wish I could disappear and I don’t know what to do",RISK_LOW
"Recently, Sometimes I think about hurting myself but I keep going",RISK_LOW
"Honestly, I wish I could disappear I just feel so lost",RISK_LOW
"To be honest, I am depressed but trying to cope I just feel so lost",AMBIGUOUS
"To be honest, I wish I could disappear but I keep going",RISK_LOW
"Sometimes, I wish I could disappear but I’m trying to stay strong",RISK_LOW
"To be honest, I am depressed but trying to cope and I can’t talk to anyone about it",AMBIGUOUS
"To be honest, I plan to take pills tonight to sleep forever but I hope things get better",RISK_HIGH
"Honestly, I am doing well and happy but I’m trying to stay strong",SAFE
"In my mind, I wish I could disappear and I don’t know what to do",RISK_LOW
"Lately, I am struggling a lot and feel lost but I hope things get better",AMBIGUOUS
"Recently, Sometimes I think about hurting myself but I’m trying to stay strong",RISK_LOW
"Honestly, Life is meaningless and I have no reason to go on but I’m trying to stay strong",RISK_HIGH
"To be honest, Life is meaningless and I have no reason to go on and I don’t know what to do",RISK_HIGH
"Sometimes, I plan to take pills tonight to sleep forever but I’m trying to stay strong",RISK_HIGH
"In my mind, Sometimes I think about hurting myself I just feel so lost",RISK_LOW
"Sometimes, I feel so hopeless and want to end it all",RISK_HIGH
"Sometimes, Everything is fine I just feel so lost",SAFE
"In my mind, I plan to take pills tonight to sleep forever but I’m trying to stay strong",RISK_HIGH
"Lately, I am doing well and happy and I can’t talk to anyone about it",SAFE
"Lately, Everything is fine I just feel so lost",SAFE
"Recently, I am struggling a lot and feel lost and I can’t talk to anyone about it",AMBIGUOUS
"Lately, Everything is fine but I keep going",SAFE
"Lately, I cut myself yesterday and I don’t know what to do",RISK_HIGH
"Lately, I wish I could disappear but I keep going",RISK_LOW
I think Everything is fine,SAFE
"Lately, I am depressed but trying to cope but I keep going",AMBIGUOUS
"Recently, I am struggling a lot and feel lost and I can’t talk to anyone about it",AMBIGUOUS
"To be honest, I am depressed but trying to cope but I keep going",AMBIGUOUS
"Recently, I cut myself yesterday I just feel so lost",RISK_HIGH
"Sometimes, I plan to take pills tonight to sleep forever but I’m trying to stay strong",RISK_HIGH
"Honestly, I am struggling a lot and feel lost and I don’t know what to do",AMBIGUOUS
"Sometimes, Life is meaningless and I have no reason to go on and I don’t know what to do",RISK_HIGH
"Recently, I plan to take pills tonight to sleep forever and I can’t talk to anyone about it",RISK_HIGH
"In my mind, I feel so hopeless and want to end it all I just feel so lost",RISK_HIGH
"In my mind, I plan to take pills tonight to sleep forever and I don’t know what to do",RISK_HIGH
I think Everything is fine but I’m trying to stay strong,SAFE
"Recently, I wish I could disappear but I keep going",RISK_LOW
"Honestly, I am struggling a lot and feel lost I just feel so lost",AMBIGUOUS
I think Everything is fine and I can’t talk to anyone about it,SAFE
"Lately, Sometimes I think about hurting myself I just feel so lost",RISK_LOW
"To be honest, I am doing well and happy but I keep going",SAFE
"To be honest, I cut myself yesterday I just feel so lost",RISK_HIGH
"To be honest, Life is meaningless and I have no reason to go on but I keep going",RISK_HIGH
"Sometimes, I wish I could disappear and I can’t talk to anyone about it",RISK_LOW
"Honestly, I feel so hopeless and want to end it all I just feel so lost",RISK_HIGH
"To be honest, I am doing well and happy but I hope things get better",SAFE
"Recently, I plan to take pills tonight to sleep forever and I can’t talk to anyone about it",RISK_HIGH
"To be honest, Everything is fine and I can’t talk to anyone about it",SAFE
"Lately, I am struggling a lot and feel lost I just feel so lost",AMBIGUOUS
"To be honest, Everything is fine and I don’t know what to do",SAFE
"Honestly, I wish I could disappear",RISK_LOW
"Sometimes, I am doing well and happy",SAFE
"Recently, I plan to take pills tonight to sleep forever but I keep going",RISK_HIGH
"In my mind, I am struggling a lot and feel lost and I don’t know what to do",AMBIGUOUS
"Lately, I plan to take pills tonight to sleep forever and I can’t talk to anyone about it",RISK_HIGH
"To be honest, Sometimes I think about hurting myself and I can’t talk to anyone about it",RISK_LOW
"To be honest, I wish I could disappear but I hope things get better",RISK_LOW
"Honestly, I plan to take pills tonight to sleep forever and I don’t know what to do",RISK_HIGH
"Sometimes, Life is meaningless and I have no reason to go on and I can’t talk to anyone about it",RISK_HIGH
I think I am depressed but trying to cope I just feel so lost,AMBIGUOUS
"Lately, I feel so hopeless and want to end it all but I keep going",RISK_HIGH
"In my mind, Sometimes I think about hurting myself and I can’t talk to anyone about it",RISK_LOW
"Lately, Everything is fine and I don’t know what to do",SAFE
"Honestly, I am depressed but trying to cope and I can’t talk to anyone about it",AMBIGUOUS
"Honestly, I am depressed but trying to cope I just feel so lost",AMBIGUOUS
"Sometimes, I wish I could disappear",RISK_LOW
"To be honest, I am doing well and happy but I hope things get better",SAFE
I think I cut myself yesterday and I can’t talk to anyone about it,RISK_HIGH
"In my mind, Everything is fine but I’m trying to stay strong",SAFE
"In my mind, I cut myself yesterday but I keep going",RISK_HIGH
"Recently, Life is meaningless and I have no reason to go on",RISK_HIGH
"Sometimes, I am struggling a lot and feel lost",AMBIGUOUS
"To be honest, I feel so hopeless and want to end it all",RISK_HIGH
"Sometimes, I am depressed but trying to cope but I hope things get better",AMBIGUOUS
"To be honest, Everything is fine",SAFE
"Sometimes, I am doing well and happy and I can’t talk to anyone about it",SAFE
"In my mind, Everything is fine but I’m trying to stay strong",SAFE
"Lately, Sometimes I think about hurting myself I just feel so lost",RISK_LOW
"In my mind, I am struggling a lot and feel lost but I hope things get better",AMBIGUOUS
"Lately, Life is meaningless and I have no reason to go on I just feel so lost",RISK_HIGH
"Recently, I plan to take pills tonight to sleep forever but I keep going",RISK_HIGH
"Recently, Everything is fine but I hope things get better",SAFE
"Lately, Sometimes I think about hurting myself but I hope things get better",RISK_LOW
"In my mind, I am doing well and happy but I hope things get better",SAFE
"Recently, Life is meaningless and I have no reason to go on and I can’t talk to anyone about it",RISK_HIGH
"Recently, Life is meaningless and I have no reason to go on",RISK_HIGH
"In my mind, I plan to take pills tonight to sleep forever but I hope things get better",RISK_HIGH
"Sometimes, Life is meaningless and I have no reason to go on and I don’t know what to do",RISK_HIGH
"Recently, I plan to take pills tonight to sleep forever but I keep going",RISK_HIGH
"Recently, I wish I could disappear and I can’t talk to anyone about it",RISK_LOW
"Sometimes, I wish I could disappear but I’m trying to stay strong",RISK_LOW
I think Everything is fine but I’m trying to stay strong,SAFE
"In my mind, I am struggling a lot and feel lost and I don’t know what to do",AMBIGUOUS
"Lately, I am depressed but trying to cope but I keep going",AMBIGUOUS
"In my mind, I cut myself yesterday I just feel so lost",RISK_HIGH
I think I am struggling a lot and feel lost,AMBIGUOUS
"Recently, I wish I could disappear",RISK_LOW
"Honestly, I feel so hopeless and want to end it all but I keep going",RISK_HIGH
"Honestly, I am depressed but trying to cope but I keep going",AMBIGUOUS
"In my mind, I wish I could disappear and I can’t talk to anyone about it",RISK_LOW
"Honestly, I plan to take pills tonight to sleep forever and I don’t know what to do",RISK_HIGH
"In my mind, I feel so hopeless and want to end it all but I’m trying to stay strong",RISK_HIGH
I think Everything is fine and I don’t know what to do,SAFE
"Lately, I feel so hopeless and want to end it all and I can’t talk to anyone about it",RISK_HIGH
"Sometimes, I feel so hopeless and want to end it all but I keep going",RISK_HIGH
"Sometimes, I cut myself yesterday",RISK_HIGH
"In my mind, Everything is fine and I can’t talk to anyone about it",SAFE
"Honestly, Life is meaningless and I have no reason to go on and I can’t talk to anyone about it",RISK_HIGH
"Honestly, I am depressed but trying to cope and I don’t know what to do",AMBIGUOUS
"Honestly, I am struggling a lot and feel lost I just feel so lost",AMBIGUOUS
"Sometimes, I wish I could disappear but I keep going",RISK_LOW
"Honestly, Everything is fine but I keep going",SAFE
I think I wish I could disappear but I keep going,RISK_LOW
"Recently, I wish I could disappear but I hope things get better",RISK_LOW
I think I am struggling a lot and feel lost but I keep going,AMBIGUOUS
"Honestly, Everything is fine I just feel so lost",SAFE
"In my mind, I wish I could disappear and I don’t know what to do",RISK_LOW
"Recently, I am depressed but trying to cope and I don’t know what to do",AMBIGUOUS
"In my mind, I am struggling a lot and feel lost and I can’t talk to anyone about it",AMBIGUOUS
"Sometimes, I cut myself yesterday I just feel so lost",RISK_HIGH
"In my mind, Life is meaningless and I have no reason to go on",RISK_HIGH
I think I plan to take pills tonight to sleep forever but I hope things get better,RISK_HIGH
"Sometimes, Life is meaningless and I have no reason to go on and I can’t talk to anyone about it",RISK_HIGH
"Recently, I wish I could disappear but I’m trying to stay strong",RISK_LOW
"To be honest, I am depressed but trying to cope but I’m trying to stay strong",AMBIGUOUS
I think I plan to take pills tonight to sleep forever but I keep going,RISK_HIGH
"Lately, I am depressed but trying to cope and I can’t talk to anyone about it",AMBIGUOUS
"Recently, Everything is fine but I keep going",SAFE
"Lately, I plan to take pills tonight to sleep forever",RISK_HIGH
"Honestly, I wish I could disappear but I keep going",RISK_LOW
"Lately, I am depressed but trying to cope but I keep going",AMBIGUOUS
"Recently, I cut myself yesterday but I keep going",RISK_HIGH
"Recently, I wish I could disappear I just feel so lost",RISK_LOW
"Sometimes, I am doing well and happy but I hope things get better",SAFE
"To be honest, I am doing well and happy and I don’t know what to do",SAFE
"Sometimes, I cut myself yesterday but I hope things get better",RISK_HIGH
"Sometimes, I am depressed but trying to cope but I keep going",AMBIGUOUS
I think Life is meaningless and I have no reason to go on and I don’t know what to do,RISK_HIGH
"Recently, I am doing well and happy I just feel so lost",SAFE
"Lately, Sometimes I think about hurting myself but I hope things get better",RISK_LOW
"In my mind, Everything is fine but I hope things get better",SAFE
"To be honest, Sometimes I think about hurting myself I just feel so lost",RISK_LOW
"Recently, Life is meaningless and I have no reason to go on but I keep going",RISK_HIGH
"Honestly, I cut myself yesterday but I’m trying to stay strong",RISK_HIGH
"Honestly, Life is meaningless and I have no reason to go on and I don’t know what to do",RISK_HIGH
"To be honest, I wish I could disappear I just feel so lost",RISK_LOW
"Recently, I am doing well and happy I just feel so lost",SAFE
"In my mind, Life is meaningless and I have no reason to go on and I don’t know what to do",RISK_HIGH
"Lately, I am doing well and happy but I keep going",SAFE
"Recently, I wish I could disappear and I don’t know what to do",RISK_LOW
"To be honest, I wish I could disappear but I keep going",RISK_LOW
"Recently, I cut myself yesterday I just feel so lost",RISK_HIGH
"Lately, Sometimes I think about hurting myself but I keep going",RISK_LOW
"To be honest, Everything is fine but I’m trying to stay strong",SAFE
"Sometimes, I am struggling a lot and feel lost but I hope things get better",AMBIGUOUS
"Recently, Sometimes I think about hurting myself but I keep going",RISK_LOW
"Lately, I am depressed but trying to cope but I hope things get better",AMBIGUOUS
"In my mind, Sometimes I think about hurting myself I just feel so lost",RISK_LOW
"To be honest, I am struggling a lot and feel lost but I keep going",AMBIGUOUS
I think I cut myself yesterday but I keep going,RISK_HIGH
"In my mind, I am struggling a lot and feel lost but I’m trying to stay strong",AMBIGUOUS
"Recently, I am doing well and happy I just feel so lost",SAFE
"Sometimes, I wish I could disappear but I hope things get better",RISK_LOW
"In my mind, I wish I could disappear and I don’t know what to do",RISK_LOW
"Recently, I am struggling a lot and feel lost",AMBIGUOUS
I think I wish I could disappear and I don’t know what to do,RISK_LOW
"Recently, Sometimes I think about hurting myself and I can’t talk to anyone about it",RISK_LOW
"Recently, Everything is fine",SAFE
I think I am depressed but trying to cope and I can’t talk to anyone about it,AMBIGUOUS
"Lately, I cut myself yesterday but I’m trying to stay strong",RISK_HIGH
"To be honest, I am doing well and happy",SAFE
"Lately, Life is meaningless and I have no reason to go on but I hope things get better",RISK_HIGH
I think I cut myself yesterday,RISK_HIGH
"Recently, Life is meaningless and I have no reason to go on but I’m trying to stay strong",RISK_HIGH
"Recently, I am doing well and happy but I’m trying to stay strong",SAFE
"Lately, I feel so hopeless and want to end it all and I can’t talk to anyone about it",RISK_HIGH
"Lately, Sometimes I think about hurting myself and I can’t talk to anyone about it",RISK_LOW
"Honestly, Life is meaningless and I have no reason to go on I just feel so lost",RISK_HIGH
"Sometimes, Life is meaningless and I have no reason to go on and I don’t know what to do",RISK_HIGH
"In my mind, I cut myself yesterday and I can’t talk to anyone about it",RISK_HIGH
"Sometimes, I feel so hopeless and want to end it all but I’m trying to stay strong",RISK_HIGH
I think I am doing well and happy I just feel so lost,SAFE
"Lately, I wish I could disappear but I keep going",RISK_LOW
"Sometimes, I cut myself yesterday and I don’t know what to do",RISK_HIGH
I think I am depressed but trying to cope I just feel so lost,AMBIGUOUS
"Honestly, I plan to take pills tonight to sleep forever",RISK_HIGH
"Sometimes, Life is meaningless and I have no reason to go on but I keep going",RISK_HIGH
"Sometimes, Everything is fine but I keep going",SAFE
I think Everything is fine but I keep going,SAFE
"Recently, Life is meaningless and I have no reason to go on but I hope things get better",RISK_HIGH
"To be honest, I am depressed but trying to cope I just feel so lost",AMBIGUOUS
I think I am depressed but trying to cope,AMBIGUOUS
"To be honest, Sometimes I think about hurting myself",RISK_LOW
I think I am depressed but trying to cope,AMBIGUOUS
"Sometimes, I am struggling a lot and feel lost and I can’t talk to anyone about it",AMBIGUOUS
I think Everything is fine but I keep going,SAFE
"Recently, Sometimes I think about hurting myself but I keep going",RISK_LOW
"Honestly, I am doing well and happy and I can’t talk to anyone about it",SAFE
I think I am struggling a lot and feel lost but I’m trying to stay strong,AMBIGUOUS
"Sometimes, I am depressed but trying to cope but I hope things get better",AMBIGUOUS
I think Everything is fine and I don’t know what to do,SAFE
"To be honest, Sometimes I think about hurting myself but I keep going",RISK_LOW
"Sometimes, I am doing well and happy",SAFE
"Honestly, I am doing well and happy but I keep going",SAFE
"In my mind, Life is meaningless and I have no reason to go on but I keep going",RISK_HIGH
"Honestly, I am depressed but trying to cope but I keep going",AMBIGUOUS
"Honestly, I wish I could disappear but I keep going",RISK_LOW
"Lately, Everything is fine and I don’t know what to do",SAFE
"Sometimes, I am doing well and happy but I hope things get better",SAFE
"Lately, I wish I could disappear",RISK_LOW
"To be honest, I feel so hopeless and want to end it all but I hope things get better",RISK_HIGH
I think Life is meaningless and I have no reason to go on but I’m trying to stay strong,RISK_HIGH
I think I feel so hopeless and want to end it all,RISK_HIGH
"In my mind, I plan to take pills tonight to sleep forever and I can’t talk to anyone about it",RISK_HIGH
"Honestly, I am struggling a lot and feel lost and I can’t talk to anyone about it",AMBIGUOUS
"In my mind, I wish I could disappear but I keep going",RISK_LOW
"Sometimes, I am struggling a lot and feel lost and I can’t talk to anyone about it",AMBIGUOUS
"Sometimes, I cut myself yesterday I just feel so lost",RISK_HIGH
"Sometimes, I cut myself yesterday but I hope things get better",RISK_HIGH
"Lately, Sometimes I think about hurting myself",RISK_LOW
"Lately, I feel so hopeless and want to end it all but I hope things get better",RISK_HIGH
"To be honest, I wish I could disappear I just feel so lost",RISK_LOW
I think I am doing well and happy I just feel so lost,SAFE
"Honestly, I am depressed but trying to cope but I’m trying to stay strong",AMBIGUOUS
"Recently, Sometimes I think about hurting myself and I don’t know what to do",RISK_LOW
"Recently, I plan to take pills tonight to sleep forever",RISK_HIGH
"Recently, Sometimes I think about hurting myself but I keep going",RISK_LOW
"In my mind, I am depressed but trying to cope but I’m trying to stay strong",AMBIGUOUS
"Lately, I feel so hopeless and want to end it all but I keep going",RISK_HIGH
"Sometimes, I plan to take pills tonight to sleep forever",RISK_HIGH
"In my mind, I feel so hopeless and want to end it all I just feel so lost",RISK_HIGH
"Recently, I feel so hopeless and want to end it all but I keep going",RISK_HIGH
I think I feel so hopeless and want to end it all I just feel so lost,RISK_HIGH
"Honestly, I plan to take pills tonight to sleep forever but I’m trying to stay strong",RISK_HIGH
"In my mind, Life is meaningless and I have no reason to go on",RISK_HIGH
"In my mind, I am depressed but trying to cope but I’m trying to stay strong",AMBIGUOUS
"Sometimes, Everything is fine I just feel so lost",SAFE
"Lately, Sometimes I think about hurting myself but I hope things get better",RISK_LOW
"Honestly, Sometimes I think about hurting myself",RISK_LOW
"To be honest, Everything is fine but I’m trying to stay strong",SAFE
"Lately, I am depressed but trying to cope but I hope things get better",AMBIGUOUS
"Sometimes, I plan to take pills tonight to sleep forever I just feel so lost",RISK_HIGH
"In my mind, I wish I could disappear but I’m trying to stay strong",RISK_LOW
"In my mind, I plan to take pills tonight to sleep forever but I hope things get better",RISK_HIGH
"Honestly, I am struggling a lot and feel lost",AMBIGUOUS
"Recently, I wish I could disappear but I hope things get better",RISK_LOW
"To be honest, I cut myself yesterday but I’m trying to stay strong",RISK_HIGH
"To be honest, I feel so hopeless and want to end it all but I keep going",RISK_HIGH
"To be honest, I am depressed but trying to cope and I don’t know what to do",AMBIGUOUS
"Lately, Sometimes I think about hurting myself but I’m trying to stay strong",RISK_LOW
"Sometimes, I cut myself yesterday and I don’t know what to do",RISK_HIGH
I think I wish I could disappear and I can’t talk to anyone about it,RISK_LOW
"Recently, I am depressed but trying to cope and I don’t know what to do",AMBIGUOUS
"Lately, I cut myself yesterday and I can’t talk to anyone about it",RISK_HIGH
I think I plan to take pills tonight to sleep forever but I hope things get better,RISK_HIGH
"Sometimes, Sometimes I think about hurting myself",RISK_LOW
"To be honest, Sometimes I think about hurting myself but I’m trying to stay strong",RISK_LOW
"Honestly, I am struggling a lot and feel lost but I keep going",AMBIGUOUS
I think Everything is fine,SAFE
"Recently, I am depressed but trying to cope",AMBIGUOUS
I think I plan to take pills tonight to sleep forever but I keep going,RISK_HIGH
I think Everything is fine I just feel so lost,SAFE
"In my mind, Life is meaningless and I have no reason to go on",RISK_HIGH
"Honestly, I plan to take pills tonight to sleep forever and I can’t talk to anyone about it",RISK_HIGH
"Recently, I cut myself yesterday I just feel so lost",RISK_HIGH
I think I cut myself yesterday and I don’t know what to do,RISK_HIGH
I think I am struggling a lot and feel lost but I’m trying to stay strong,AMBIGUOUS
"Honestly, I feel so hopeless and want to end it all but I’m trying to stay strong",RISK_HIGH
"Sometimes, Sometimes I think about hurting myself but I’m trying to stay strong",RISK_LOW
"In my mind, I feel so hopeless and want to end it all but I’m trying to stay strong",RISK_HIGH
I think I plan to take pills tonight to sleep forever but I keep going,RISK_HIGH
"Honestly, Sometimes I think about hurting myself and I don’t know what to do",RISK_LOW
"Honestly, I wish I could disappear and I don’t know what to do",RISK_LOW
"Lately, I am struggling a lot and feel lost but I’m trying to stay strong",AMBIGUOUS
"Recently, I am struggling a lot and feel lost but I hope things get better",AMBIGUOUS
"Honestly, I am doing well and happy and I don’t know what to do",SAFE
"Lately, I feel so hopeless and want to end it all and I don’t know what to do",RISK_HIGH
"To be honest, Life is meaningless and I have no reason to go on but I hope things get better",RISK_HIGH
"In my mind, I am depressed but trying to cope",AMBIGUOUS
"Recently, I feel so hopeless and want to end it all and I don’t know what to do",RISK_HIGH
"Recently, I wish I could disappear I just feel so lost",RISK_LOW
"Lately, I am struggling a lot and feel lost but I hope things get better",AMBIGUOUS
"In my mind, I am doing well and happy but I keep going",SAFE
"Honestly, I am depressed but trying to cope",AMBIGUOUS
"To be honest, Life is meaningless and I have no reason to go on",RISK_HIGH
I think I plan to take pills tonight to sleep forever but I’m trying to stay strong,RISK_HIGH
"To be honest, Sometimes I think about hurting myself",RISK_LOW
"Sometimes, Everything is fine and I don’t know what to do",SAFE
"Lately, I cut myself yesterday",RISK_HIGH
I think I am struggling a lot and feel lost but I keep going,AMBIGUOUS
"Sometimes, I plan to take pills tonight to sleep forever but I hope things get better",RISK_HIGH
"Recently, I plan to take pills tonight to sleep forever but I’m trying to stay strong",RISK_HIGH
"Honestly, I feel so hopeless and want to end it all and I can’t talk to anyone about it",RISK_HIGH
"Recently, I feel so hopeless and want to end it all and I can’t talk to anyone about it",RISK_HIGH
"To be honest, I cut myself yesterday I just feel so lost",RISK_HIGH
"Recently, I am depressed but trying to cope but I keep going",AMBIGUOUS
"Sometimes, Everything is fine",SAFE
"To be honest, Everything is fine but I keep going",SAFE
"In my mind, I plan to take pills tonight to sleep forever but I keep going",RISK_HIGH
"Sometimes, I cut myself yesterday and I can’t talk to anyone about it",RISK_HIGH
"Sometimes, I cut myself yesterday",RISK_HIGH
"In my mind, I am struggling a lot and feel lost but I keep going",AMBIGUOUS
"In my mind, I feel so hopeless and want to end it all but I keep going",RISK_HIGH
"Honestly, I wish I could disappear",RISK_LOW
"Honestly, I cut myself yesterday and I can’t talk to anyone about it",RISK_HIGH
"Honestly, I am depressed but trying to cope and I can’t talk to anyone about it",AMBIGUOUS
"Honestly, Sometimes I think about hurting myself but I hope things get better",RISK_LOW
"Honestly, Everything is fine and I don’t know what to do",SAFE
"Sometimes, Sometimes I think about hurting myself but I’m trying to stay strong",RISK_LOW
I think I plan to take pills tonight to sleep forever but I keep going,RISK_HIGH
I think I feel so hopeless and want to end it all I just feel so lost,RISK_HIGH
"Honestly, Life is meaningless and I have no reason to go on",RISK_HIGH
"Recently, I wish I could disappear and I don’t know what to do",RISK_LOW
"To be honest, I am doing well and happy but I hope things get better",SAFE
"In my mind, I am doing well and happy and I don’t know what to do",SAFE
"To be honest, I am depressed but trying to cope and I don’t know what to do",AMBIGUOUS
"To be honest, I feel so hopeless and want to end it all I just feel so lost",RISK_HIGH
"Sometimes, Everything is fine but I’m trying to stay strong",SAFE
"To be honest, Life is meaningless and I have no reason to go on but I keep going",RISK_HIGH
"Lately, I cut myself yesterday but I keep going",RISK_HIGH
"To be honest, Life is meaningless and I have no reason to go on I just feel so lost",RISK_HIGH
"Sometimes, Sometimes I think about hurting myself",RISK_LOW
"Lately, I cut myself yesterday and I don’t know what to do",RISK_HIGH
"Lately, I cut myself yesterday and I don’t know what to do",RISK_HIGH
"Sometimes, I am depressed but trying to cope but I hope things get better",AMBIGUOUS
"In my mind, I plan to take pills tonight to sleep forever and I don’t know what to do",RISK_HIGH
"Sometimes, I am depressed but trying to cope but I hope things get better",AMBIGUOUS
"In my mind, I cut myself yesterday but I keep going",RISK_HIGH
"Recently, I plan to take pills tonight to sleep forever but I’m trying to stay strong",RISK_HIGH
"Lately, Everything is fine but I’m trying to stay strong",SAFE
I think I wish I could disappear but I keep going,RISK_LOW
"In my mind, I cut myself yesterday I just feel so lost",RISK_HIGH
"Honestly, I cut myself yesterday but I hope things get better",RISK_HIGH
"Sometimes, I wish I could disappear but I hope things get better",RISK_LOW
"Lately, Sometimes I think about hurting myself but I hope things get better",RISK_LOW
"To be honest, I plan to take pills tonight to sleep forever and I can’t talk to anyone about it",RISK_HIGH
"Honestly, I plan to take pills tonight to sleep forever I just feel so lost",RISK_HIGH
"In my mind, I am struggling a lot and feel lost and I can’t talk to anyone about it",AMBIGUOUS
"Sometimes, Everything is fine but I keep going",SAFE
"Honestly, I am doing well and happy and I can’t talk to anyone about it",SAFE
"Lately, I wish I could disappear but I’m trying to stay strong",RISK_LOW
"Sometimes, Sometimes I think about hurting myself I just feel so lost",RISK_LOW
"Recently, Everything is fine but I keep going",SAFE
"Honestly, I am struggling a lot and feel lost but I’m trying to stay strong",AMBIGUOUS
"Sometimes, I wish I could disappear I just feel so lost",RISK_LOW
"Sometimes, I am doing well and happy and I don’t know what to do",SAFE
"Sometimes, I am doing well and happy but I keep going",SAFE
"Sometimes, I am depressed but trying to cope but I hope things get better",AMBIGUOUS
"Recently, I feel so hopeless and want to end it all and I don’t know what to do",RISK_HIGH
"In my mind, Sometimes I think about hurting myself I just feel so lost",RISK_LOW
"Lately, I wish I could disappear but I keep going",RISK_LOW
"Sometimes, I am depressed but trying to cope but I keep going",AMBIGUOUS
"Sometimes, I am doing well and happy",SAFE
"Honestly, Sometimes I think about hurting myself but I keep going",RISK_LOW
"In my mind, I am doing well and happy and I don’t know what to do",SAFE
"In my mind, I feel so hopeless and want to end it all and I can’t talk to anyone about it",RISK_HIGH
"In my mind, Everything is fine I just feel so lost",SAFE
"In my mind, I feel so hopeless and want to end it all I just feel so lost",RISK_HIGH
"Lately, I am struggling a lot and feel lost I just feel so lost",AMBIGUOUS
"To be honest, Everything is fine but I keep going",SAFE
"Recently, Sometimes I think about hurting myself but I’m trying to stay strong",RISK_LOW
"Sometimes, I feel so hopeless and want to end it all I just feel so lost",RISK_HIGH
"Recently, I feel so hopeless and want to end it all but I keep going",RISK_HIGH
"Honestly, I wish I could disappear and I can’t talk to anyone about it",RISK_LOW
"Recently, Sometimes I think about hurting myself but I keep going",RISK_LOW
"Lately, I cut myself yesterday and I don’t know what to do",RISK_HIGH
"Recently, I am doing well and happy but I’m trying to stay strong",SAFE
I think I feel so hopeless and want to end it all I just feel so lost,RISK_HIGH
"Recently, I wish I could disappear I just feel so lost",RISK_LOW
"Recently, Life is meaningless and I have no reason to go on but I’m trying to stay strong",RISK_HIGH
I think I cut myself yesterday and I can’t talk to anyone about it,RISK_HIGH
"Lately, I cut myself yesterday",RISK_HIGH
"Honestly, I am depressed but trying to cope and I can’t talk to anyone about it",AMBIGUOUS
"In my mind, I wish I could disappear",RISK_LOW
"Sometimes, Everything is fine but I’m trying to stay strong",SAFE
I think I wish I could disappear and I don’t know what to do,RISK_LOW
"Honestly, I cut myself yesterday but I keep going",RISK_HIGH
"To be honest, I am doing well and happy but I’m trying to stay strong",SAFE
"Lately, I am depressed but trying to cope but I keep going",AMBIGUOUS
"In my mind, I am struggling a lot and feel lost but I hope things get better",AMBIGUOUS
"Recently, Everything is fine I just feel so lost",SAFE
"Sometimes, I plan to take pills tonight to sleep forever but I’m trying to stay strong",RISK_HIGH
"To be honest, I feel so hopeless and want to end it all but I keep going",RISK_HIGH
"To be honest, Life is meaningless and I have no reason to go on and I can’t talk to anyone about it",RISK_HIGH
"In my mind, I feel so hopeless and want to end it all but I’m trying to stay strong",RISK_HIGH
I think I am struggling a lot and feel lost but I hope things get better,AMBIGUOUS
I think I wish I could disappear,RISK_LOW
I think I am depressed but trying to cope,AMBIGUOUS
"Recently, I am depressed but trying to cope and I can’t talk to anyone about it",AMBIGUOUS
"Sometimes, I am struggling a lot and feel lost",AMBIGUOUS
"Recently, Everything is fine",SAFE
"Honestly, I plan to take pills tonight to sleep forever and I don’t know what to do",RISK_HIGH
"To be honest, Everything is fine but I keep going",SAFE
"Honestly, Sometimes I think about hurting myself but I hope things get better",RISK_LOW
I think I am depressed but trying to cope and I don’t know what to do,AMBIGUOUS
"Sometimes, Everything is fine",SAFE
"Lately, Everything is fine but I’m trying to stay strong",SAFE
"To be honest, I wish I could disappear",RISK_LOW
"Recently, I am struggling a lot and feel lost and I can’t talk to anyone about it",AMBIGUOUS
"In my mind, I plan to take pills tonight to sleep forever but I keep going",RISK_HIGH
"To be honest, I feel so hopeless and want to end it all but I keep going",RISK_HIGH
I think Everything is fine but I hope things get better,SAFE
I think I cut myself yesterday and I don’t know what to do,RISK_HIGH
"Honestly, Life is meaningless and I have no reason to go on and I don’t know what to do",RISK_HIGH
"Recently, I am struggling a lot and feel lost and I can’t talk to anyone about it",AMBIGUOUS
"Sometimes, I am struggling a lot and feel lost but I’m trying to stay strong",AMBIGUOUS
I think I plan to take pills tonight to sleep forever but I keep going,RISK_HIGH
"Lately, I am depressed but trying to cope but I’m trying to stay strong",AMBIGUOUS
"Honestly, I feel so hopeless and want to end it all I just feel so lost",RISK_HIGH
"Recently, I am struggling a lot and feel lost but I’m trying to stay strong",AMBIGUOUS
"Recently, I am struggling a lot and feel lost",AMBIGUOUS
"To be honest, Sometimes I think about hurting myself but I hope things get better",RISK_LOW
"Recently, I plan to take pills tonight to sleep forever I just feel so lost",RISK_HIGH
"Sometimes, I cut myself yesterday and I can’t talk to anyone about it",RISK_HIGH
"Sometimes, I feel so hopeless and want to end it all but I hope things get better",RISK_HIGH
"Honestly, I plan to take pills tonight to sleep forever",RISK_HIGH
I think I plan to take pills tonight to sleep forever but I hope things get better,RISK_HIGH
"Recently, Life is meaningless and I have no reason to go on",RISK_HIGH
I think I feel so hopeless and want to end it all but I hope things get better,RISK_HIGH
"Sometimes, Life is meaningless and I have no reason to go on and I can’t talk to anyone about it",RISK_HIGH
I think I am depressed but trying to cope I just feel so lost,AMBIGUOUS
"In my mind, I am struggling a lot and feel lost but I keep going",AMBIGUOUS
I think I wish I could disappear I just feel so lost,RISK_LOW
I think I am struggling a lot and feel lost but I hope things get better,AMBIGUOUS
"To be honest, I cut myself yesterday but I’m trying to stay strong",RISK_HIGH
"Sometimes, I am depressed but trying to cope and I can’t talk to anyone about it",AMBIGUOUS
"To be honest, I am doing well and happy but I hope things get better",SAFE
"Sometimes, I feel so hopeless and want to end it all",RISK_HIGH
"To be honest, I plan to take pills tonight to sleep forever and I can’t talk to anyone about it",RISK_HIGH
"In my mind, I am depressed but trying to cope",AMBIGUOUS
"Sometimes, Sometimes I think about hurting myself I just feel so lost",RISK_LOW
I think Sometimes I think about hurting myself,RISK_LOW
"Recently, I am depressed but trying to cope but I hope things get better",AMBIGUOUS
"Lately, I feel so hopeless and want to end it all but I keep going",RISK_HIGH
"In my mind, I am doing well and happy and I can’t talk to anyone about it",SAFE
I think I am depressed but trying to cope and I can’t talk to anyone about it,AMBIGUOUS
I think I am struggling a lot and feel lost but I hope things get better,AMBIGUOUS
"Lately, I plan to take pills tonight to sleep forever and I can’t talk to anyone about it",RISK_HIGH
"In my mind, Sometimes I think about hurting myself but I’m trying to stay strong",RISK_LOW
I think Life is meaningless and I have no reason to go on,RISK_HIGH
"To be honest, I am depressed but trying to cope but I keep going",AMBIGUOUS
"Honestly, I feel so hopeless and want to end it all and I can’t talk to anyone about it",RISK_HIGH
"Lately, Everything is fine",SAFE
"Lately, I cut myself yesterday I just feel so lost",RISK_HIGH
